Employee_ID,Destination_Region,Trip_Start,Trip_End
EMP_257,LATAM,2025-09-14 21:31:00,2025-09-20 21:31:00
EMP_010,APAC,2025-11-29 18:47:00,2025-12-06 18:47:00
EMP_426,LATAM,2025-09-20 11:50:00,2025-09-26 11:50:00
EMP_171,APAC,2025-05-02 10:19:00,2025-05-07 10:19:00
EMP_180,EMEA,2025-04-17 13:04:00,2025-04-21 13:04:00
EMP_309,LATAM,2025-04-20 07:35:00,2025-04-27 07:35:00
EMP_232,EMEA,2025-01-27 09:14:00,2025-01-30 09:14:00
EMP_257,LATAM,2025-04-18 20:29:00,2025-04-22 20:29:00
EMP_259,EMEA,2025-05-04 15:41:00,2025-05-09 15:41:00
EMP_405,LATAM,2025-08-30 16:25:00,2025-09-05 16:25:00
EMP_336,APAC,2025-10-11 09:57:00,2025-10-17 09:57:00
EMP_116,EMEA,2025-04-10 04:07:00,2025-04-13 04:07:00
EMP_306,APAC,2025-10-01 07:39:00,2025-10-07 07:39:00
EMP_447,APAC,2025-07-01 01:07:00,2025-07-04 01:07:00
EMP_146,EMEA,2025-03-02 01:49:00,2025-03-08 01:49:00
EMP_014,LATAM,2025-10-29 02:50:00,2025-11-04 02:50:00
EMP_042,LATAM,2025-09-30 00:04:00,2025-10-05 00:04:00
EMP_406,EMEA,2025-04-15 08:23:00,2025-04-20 08:23:00
EMP_057,NA,2025-07-28 18:56:00,2025-08-03 18:56:00
EMP_328,APAC,2025-11-27 20:38:00,2025-12-01 20:38:00
EMP_324,NA,2025-06-24 04:10:00,2025-06-29 04:10:00
EMP_293,LATAM,2025-10-29 08:02:00,2025-11-02 08:02:00
EMP_177,EMEA,2025-06-23 13:58:00,2025-06-29 13:58:00
EMP_324,NA,2025-05-11 17:32:00,2025-05-15 17:32:00
EMP_151,APAC,2025-05-25 19:03:00,2025-05-31 19:03:00
EMP_130,EMEA,2025-01-26 15:59:00,2025-01-31 15:59:00
EMP_165,EMEA,2025-03-14 17:01:00,2025-03-21 17:01:00
EMP_309,LATAM,2025-11-06 06:55:00,2025-11-11 06:55:00
EMP_018,NA,2025-03-31 22:01:00,2025-04-06 22:01:00
EMP_361,LATAM,2025-11-19 23:11:00,2025-11-24 23:11:00
EMP_063,EMEA,2025-04-07 20:01:00,2025-04-11 20:01:00
EMP_063,EMEA,2025-05-26 08:23:00,2025-05-31 08:23:00
EMP_314,LATAM,2025-03-02 18:43:00,2025-03-09 18:43:00
EMP_065,EMEA,2025-08-17 20:27:00,2025-08-22 20:27:00
EMP_450,EMEA,2025-05-12 12:02:00,2025-05-15 12:02:00
EMP_083,LATAM,2025-08-21 22:54:00,2025-08-25 22:54:00
EMP_423,EMEA,2025-01-19 15:51:00,2025-01-24 15:51:00
EMP_038,LATAM,2025-02-11 15:03:00,2025-02-16 15:03:00
EMP_137,LATAM,2025-11-22 09:15:00,2025-11-29 09:15:00
EMP_443,APAC,2025-10-30 11:26:00,2025-11-04 11:26:00
EMP_024,LATAM,2025-10-17 16:40:00,2025-10-21 16:40:00
EMP_423,EMEA,2025-03-26 12:22:00,2025-04-01 12:22:00
EMP_387,EMEA,2025-04-15 01:15:00,2025-04-18 01:15:00
EMP_189,EMEA,2025-08-29 04:49:00,2025-09-04 04:49:00
EMP_136,APAC,2025-06-13 16:36:00,2025-06-18 16:36:00
EMP_421,LATAM,2025-06-24 08:41:00,2025-06-30 08:41:00
EMP_211,NA,2025-12-08 09:54:00,2025-12-15 09:54:00
EMP_327,NA,2025-06-17 13:06:00,2025-06-21 13:06:00
EMP_349,EMEA,2025-04-09 02:24:00,2025-04-16 02:24:00
EMP_147,LATAM,2025-02-12 01:56:00,2025-02-16 01:56:00
EMP_214,NA,2025-05-08 00:07:00,2025-05-13 00:07:00
EMP_449,EMEA,2025-01-27 06:46:00,2025-02-01 06:46:00
EMP_045,EMEA,2025-10-17 21:04:00,2025-10-23 21:04:00
EMP_355,APAC,2025-06-21 01:41:00,2025-06-27 01:41:00
EMP_352,APAC,2025-08-14 10:44:00,2025-08-18 10:44:00
EMP_069,LATAM,2025-12-13 04:50:00,2025-12-20 04:50:00
EMP_040,APAC,2025-03-22 16:59:00,2025-03-26 16:59:00
EMP_168,LATAM,2025-11-16 17:43:00,2025-11-20 17:43:00
EMP_262,EMEA,2025-11-19 09:22:00,2025-11-26 09:22:00
EMP_345,NA,2025-08-12 09:39:00,2025-08-16 09:39:00
EMP_297,NA,2025-02-22 04:17:00,2025-02-25 04:17:00
EMP_036,EMEA,2025-12-09 18:02:00,2025-12-15 18:02:00
EMP_335,EMEA,2025-09-09 05:43:00,2025-09-14 05:43:00
EMP_373,EMEA,2025-06-10 03:47:00,2025-06-17 03:47:00
EMP_273,LATAM,2025-10-03 04:20:00,2025-10-08 04:20:00
EMP_097,NA,2025-03-23 04:06:00,2025-03-27 04:06:00
EMP_106,EMEA,2025-02-17 23:59:00,2025-02-21 23:59:00
EMP_120,APAC,2025-06-06 05:03:00,2025-06-11 05:03:00
EMP_122,EMEA,2025-08-06 17:42:00,2025-08-10 17:42:00
EMP_154,APAC,2025-10-01 03:07:00,2025-10-06 03:07:00
EMP_048,LATAM,2025-05-18 16:54:00,2025-05-21 16:54:00
EMP_109,NA,2025-05-18 08:54:00,2025-05-24 08:54:00
EMP_289,APAC,2025-06-09 03:02:00,2025-06-15 03:02:00
EMP_087,EMEA,2025-09-12 10:43:00,2025-09-17 10:43:00
EMP_430,APAC,2025-02-23 03:01:00,2025-02-26 03:01:00
EMP_363,APAC,2025-04-18 23:26:00,2025-04-22 23:26:00
EMP_004,NA,2025-10-25 12:39:00,2025-10-31 12:39:00
EMP_009,EMEA,2025-11-09 12:48:00,2025-11-13 12:48:00
EMP_408,APAC,2025-10-15 00:16:00,2025-10-20 00:16:00
EMP_335,EMEA,2025-01-22 01:43:00,2025-01-26 01:43:00
EMP_327,NA,2025-01-05 21:09:00,2025-01-11 21:09:00
EMP_139,NA,2025-02-02 21:43:00,2025-02-06 21:43:00
EMP_436,NA,2025-08-16 00:01:00,2025-08-20 00:01:00
EMP_224,APAC,2025-06-17 01:00:00,2025-06-23 01:00:00
EMP_044,NA,2025-08-03 02:07:00,2025-08-09 02:07:00
EMP_185,EMEA,2025-03-17 14:06:00,2025-03-23 14:06:00
EMP_390,NA,2025-07-14 10:30:00,2025-07-21 10:30:00
EMP_286,LATAM,2025-10-24 03:05:00,2025-10-29 03:05:00
EMP_443,APAC,2025-10-07 12:31:00,2025-10-11 12:31:00
EMP_253,APAC,2025-04-15 06:23:00,2025-04-21 06:23:00
EMP_373,EMEA,2025-12-02 03:25:00,2025-12-08 03:25:00
EMP_345,NA,2025-12-29 13:57:00,2026-01-04 13:57:00
EMP_405,LATAM,2025-09-30 12:23:00,2025-10-07 12:23:00
EMP_152,EMEA,2025-10-29 21:41:00,2025-11-03 21:41:00
EMP_176,EMEA,2025-03-20 15:15:00,2025-03-25 15:15:00
EMP_409,APAC,2025-10-20 22:43:00,2025-10-27 22:43:00
EMP_200,NA,2025-01-03 05:46:00,2025-01-06 05:46:00
EMP_101,EMEA,2025-11-28 04:16:00,2025-12-04 04:16:00
EMP_123,EMEA,2025-08-10 08:54:00,2025-08-16 08:54:00
EMP_249,LATAM,2025-04-08 10:07:00,2025-04-15 10:07:00
EMP_251,NA,2025-05-01 18:57:00,2025-05-06 18:57:00
EMP_017,NA,2025-07-18 03:24:00,2025-07-25 03:24:00
EMP_218,LATAM,2025-03-15 13:51:00,2025-03-21 13:51:00
EMP_135,NA,2025-09-10 19:49:00,2025-09-14 19:49:00
EMP_085,NA,2025-04-10 09:18:00,2025-04-16 09:18:00
EMP_070,NA,2025-10-26 17:09:00,2025-10-30 17:09:00
EMP_232,EMEA,2025-02-22 23:44:00,2025-02-28 23:44:00
EMP_112,APAC,2025-11-07 20:33:00,2025-11-13 20:33:00
EMP_404,LATAM,2025-09-06 07:17:00,2025-09-10 07:17:00
EMP_001,NA,2025-11-06 12:20:00,2025-11-11 12:20:00
EMP_448,LATAM,2025-07-17 12:50:00,2025-07-22 12:50:00
EMP_220,NA,2025-03-07 09:49:00,2025-03-11 09:49:00
EMP_197,NA,2025-03-05 01:10:00,2025-03-10 01:10:00
EMP_196,LATAM,2025-04-06 22:53:00,2025-04-10 22:53:00
EMP_226,APAC,2025-09-11 17:27:00,2025-09-16 17:27:00
EMP_045,EMEA,2025-03-13 03:45:00,2025-03-19 03:45:00
EMP_220,NA,2025-08-17 00:20:00,2025-08-21 00:20:00
EMP_284,NA,2025-07-26 11:21:00,2025-08-01 11:21:00
EMP_152,EMEA,2025-02-08 17:39:00,2025-02-14 17:39:00
EMP_185,EMEA,2025-08-17 10:45:00,2025-08-23 10:45:00
EMP_009,EMEA,2025-02-18 04:13:00,2025-02-24 04:13:00
EMP_217,APAC,2025-10-18 22:18:00,2025-10-22 22:18:00
EMP_262,EMEA,2025-05-27 23:08:00,2025-06-01 23:08:00
EMP_358,APAC,2025-11-13 13:37:00,2025-11-17 13:37:00
EMP_062,APAC,2025-01-08 05:20:00,2025-01-14 05:20:00
EMP_086,LATAM,2025-09-27 18:53:00,2025-09-30 18:53:00
EMP_262,EMEA,2025-09-19 05:37:00,2025-09-24 05:37:00
EMP_081,APAC,2025-07-04 18:28:00,2025-07-07 18:28:00
EMP_440,NA,2025-01-07 22:44:00,2025-01-12 22:44:00
EMP_115,APAC,2025-08-21 07:53:00,2025-08-27 07:53:00
EMP_062,APAC,2025-02-07 08:30:00,2025-02-13 08:30:00
EMP_005,NA,2025-09-24 15:19:00,2025-09-29 15:19:00
EMP_327,NA,2025-10-14 03:47:00,2025-10-18 03:47:00
EMP_140,APAC,2025-06-19 02:39:00,2025-06-23 02:39:00
EMP_161,LATAM,2025-10-23 00:19:00,2025-10-29 00:19:00
EMP_111,NA,2025-08-25 16:36:00,2025-09-01 16:36:00
EMP_420,APAC,2025-05-06 14:33:00,2025-05-09 14:33:00
EMP_426,LATAM,2025-06-09 20:46:00,2025-06-13 20:46:00
EMP_299,APAC,2025-07-07 11:13:00,2025-07-13 11:13:00
EMP_415,APAC,2025-04-02 18:47:00,2025-04-06 18:47:00
EMP_182,LATAM,2025-06-05 08:26:00,2025-06-08 08:26:00
EMP_211,NA,2025-12-14 19:40:00,2025-12-20 19:40:00
EMP_016,APAC,2025-07-23 13:39:00,2025-07-27 13:39:00
EMP_052,EMEA,2025-06-29 11:36:00,2025-07-03 11:36:00
EMP_315,EMEA,2025-05-25 16:50:00,2025-05-29 16:50:00
EMP_090,EMEA,2025-09-15 19:58:00,2025-09-20 19:58:00
EMP_436,NA,2025-01-23 13:55:00,2025-01-26 13:55:00
EMP_006,LATAM,2025-07-11 02:55:00,2025-07-17 02:55:00
EMP_403,NA,2025-03-18 16:02:00,2025-03-23 16:02:00
EMP_280,LATAM,2025-09-30 07:40:00,2025-10-04 07:40:00
EMP_134,APAC,2025-03-16 06:12:00,2025-03-21 06:12:00
EMP_174,EMEA,2025-12-17 12:26:00,2025-12-23 12:26:00
EMP_081,APAC,2025-02-07 23:57:00,2025-02-13 23:57:00
EMP_122,EMEA,2025-03-09 20:15:00,2025-03-14 20:15:00
EMP_028,NA,2025-09-18 17:56:00,2025-09-23 17:56:00
EMP_050,NA,2025-01-18 17:45:00,2025-01-24 17:45:00
EMP_329,NA,2025-10-08 04:31:00,2025-10-13 04:31:00
EMP_239,LATAM,2025-07-10 19:15:00,2025-07-13 19:15:00
EMP_244,NA,2025-08-05 14:49:00,2025-08-09 14:49:00
EMP_062,APAC,2025-11-22 23:32:00,2025-11-26 23:32:00
EMP_022,NA,2025-11-04 07:00:00,2025-11-09 07:00:00
EMP_164,LATAM,2025-02-16 19:07:00,2025-02-22 19:07:00
EMP_267,EMEA,2025-11-29 14:52:00,2025-12-03 14:52:00
EMP_291,EMEA,2025-03-12 23:11:00,2025-03-19 23:11:00
EMP_074,EMEA,2025-10-18 12:33:00,2025-10-23 12:33:00
EMP_144,APAC,2025-12-22 23:40:00,2025-12-28 23:40:00
EMP_097,NA,2025-11-16 15:33:00,2025-11-20 15:33:00
EMP_264,APAC,2025-04-24 18:14:00,2025-04-29 18:14:00
EMP_400,EMEA,2025-01-21 01:54:00,2025-01-24 01:54:00
EMP_326,NA,2025-03-30 04:50:00,2025-04-04 04:50:00
EMP_084,NA,2025-06-04 01:29:00,2025-06-11 01:29:00
EMP_263,LATAM,2025-01-14 14:26:00,2025-01-17 14:26:00
EMP_300,LATAM,2025-03-14 12:02:00,2025-03-20 12:02:00
EMP_134,APAC,2025-08-05 13:45:00,2025-08-08 13:45:00
EMP_349,EMEA,2025-08-31 09:36:00,2025-09-07 09:36:00
EMP_212,NA,2025-02-07 08:48:00,2025-02-14 08:48:00
EMP_292,APAC,2025-11-29 04:38:00,2025-12-02 04:38:00
EMP_250,NA,2025-08-30 05:07:00,2025-09-05 05:07:00
EMP_141,EMEA,2025-06-01 11:13:00,2025-06-05 11:13:00
EMP_165,EMEA,2025-05-18 18:34:00,2025-05-22 18:34:00
EMP_086,LATAM,2025-02-15 12:58:00,2025-02-21 12:58:00
EMP_115,APAC,2025-04-05 12:59:00,2025-04-08 12:59:00
EMP_339,APAC,2025-03-18 17:25:00,2025-03-25 17:25:00
EMP_243,APAC,2025-04-21 12:05:00,2025-04-26 12:05:00
EMP_021,APAC,2025-12-27 10:25:00,2025-12-30 10:25:00
EMP_344,LATAM,2025-03-05 19:26:00,2025-03-08 19:26:00
EMP_026,NA,2025-03-12 16:17:00,2025-03-18 16:17:00
EMP_225,APAC,2025-07-14 09:02:00,2025-07-17 09:02:00
EMP_333,LATAM,2025-05-01 10:40:00,2025-05-05 10:40:00
EMP_411,EMEA,2025-11-15 01:27:00,2025-11-19 01:27:00
EMP_248,NA,2025-12-21 10:33:00,2025-12-26 10:33:00
EMP_336,APAC,2025-08-15 19:42:00,2025-08-19 19:42:00
EMP_170,LATAM,2025-07-20 13:08:00,2025-07-27 13:08:00
EMP_419,APAC,2025-06-19 02:55:00,2025-06-23 02:55:00
EMP_061,EMEA,2025-12-28 04:13:00,2025-12-31 04:13:00
EMP_187,APAC,2025-02-07 12:31:00,2025-02-13 12:31:00
EMP_367,APAC,2025-11-25 12:34:00,2025-11-28 12:34:00
EMP_360,EMEA,2025-03-17 10:06:00,2025-03-21 10:06:00
EMP_131,EMEA,2025-05-21 15:58:00,2025-05-26 15:58:00
EMP_388,EMEA,2025-10-27 19:23:00,2025-11-03 19:23:00
EMP_355,APAC,2025-05-05 10:45:00,2025-05-12 10:45:00
EMP_352,APAC,2025-09-07 10:26:00,2025-09-11 10:26:00
EMP_075,NA,2025-02-07 15:22:00,2025-02-12 15:22:00
EMP_350,NA,2025-06-30 10:52:00,2025-07-05 10:52:00
EMP_122,EMEA,2025-07-27 10:50:00,2025-07-31 10:50:00
EMP_007,NA,2025-07-01 00:30:00,2025-07-06 00:30:00
EMP_091,EMEA,2025-02-23 05:26:00,2025-03-01 05:26:00
EMP_213,APAC,2025-10-20 18:13:00,2025-10-25 18:13:00
EMP_329,NA,2025-06-26 13:11:00,2025-07-02 13:11:00
EMP_132,APAC,2025-07-23 22:47:00,2025-07-30 22:47:00
EMP_023,EMEA,2025-08-03 20:33:00,2025-08-07 20:33:00
EMP_396,APAC,2025-01-05 08:06:00,2025-01-11 08:06:00
EMP_428,APAC,2025-03-16 16:15:00,2025-03-20 16:15:00
EMP_045,EMEA,2025-02-22 08:06:00,2025-02-26 08:06:00
EMP_009,EMEA,2025-10-10 15:02:00,2025-10-13 15:02:00
EMP_274,LATAM,2025-06-08 02:25:00,2025-06-13 02:25:00
EMP_153,EMEA,2025-09-28 16:55:00,2025-10-04 16:55:00
EMP_384,NA,2025-09-07 09:14:00,2025-09-11 09:14:00
EMP_100,APAC,2025-03-23 11:10:00,2025-03-27 11:10:00
EMP_066,LATAM,2025-06-19 18:45:00,2025-06-24 18:45:00
EMP_003,NA,2025-08-15 01:49:00,2025-08-21 01:49:00
EMP_431,LATAM,2025-09-17 18:28:00,2025-09-24 18:28:00
EMP_373,EMEA,2025-02-22 21:42:00,2025-02-27 21:42:00
EMP_115,APAC,2025-07-30 21:34:00,2025-08-05 21:34:00
EMP_187,APAC,2025-01-07 17:06:00,2025-01-13 17:06:00
EMP_113,LATAM,2025-12-21 02:09:00,2025-12-24 02:09:00
EMP_021,APAC,2025-08-22 23:33:00,2025-08-27 23:33:00
EMP_109,NA,2025-04-19 09:38:00,2025-04-23 09:38:00
EMP_213,APAC,2025-08-27 11:05:00,2025-09-01 11:05:00
EMP_125,LATAM,2025-01-31 10:00:00,2025-02-04 10:00:00
EMP_450,EMEA,2025-07-24 09:43:00,2025-07-31 09:43:00
EMP_056,APAC,2025-01-12 01:27:00,2025-01-16 01:27:00
EMP_048,LATAM,2025-12-16 03:46:00,2025-12-23 03:46:00
EMP_131,EMEA,2025-12-12 10:38:00,2025-12-18 10:38:00
EMP_097,NA,2025-01-02 23:35:00,2025-01-07 23:35:00
EMP_212,NA,2025-12-16 07:44:00,2025-12-22 07:44:00
EMP_438,APAC,2025-03-27 17:10:00,2025-03-30 17:10:00
EMP_083,LATAM,2025-10-09 08:04:00,2025-10-16 08:04:00
EMP_365,APAC,2025-02-10 20:14:00,2025-02-15 20:14:00
EMP_315,EMEA,2025-05-03 09:55:00,2025-05-07 09:55:00
EMP_266,APAC,2025-01-10 04:32:00,2025-01-16 04:32:00
EMP_418,NA,2025-07-19 08:19:00,2025-07-23 08:19:00
EMP_289,APAC,2025-12-17 04:02:00,2025-12-24 04:02:00
EMP_118,NA,2025-05-27 15:36:00,2025-05-30 15:36:00
EMP_162,NA,2025-01-06 03:07:00,2025-01-11 03:07:00
EMP_186,LATAM,2025-07-07 02:35:00,2025-07-13 02:35:00
EMP_354,EMEA,2025-04-27 22:36:00,2025-05-01 22:36:00
EMP_324,NA,2025-10-21 17:54:00,2025-10-26 17:54:00
EMP_212,NA,2025-05-01 20:05:00,2025-05-06 20:05:00
EMP_381,APAC,2025-02-27 07:13:00,2025-03-02 07:13:00
EMP_068,LATAM,2025-05-03 05:35:00,2025-05-10 05:35:00
EMP_156,EMEA,2025-01-06 16:28:00,2025-01-10 16:28:00
EMP_203,EMEA,2025-06-30 23:15:00,2025-07-05 23:15:00
EMP_041,APAC,2025-11-02 11:10:00,2025-11-09 11:10:00
EMP_097,NA,2025-02-17 20:29:00,2025-02-24 20:29:00
EMP_026,NA,2025-01-16 02:45:00,2025-01-22 02:45:00
EMP_373,EMEA,2025-01-04 23:22:00,2025-01-09 23:22:00
EMP_191,NA,2025-12-03 15:28:00,2025-12-06 15:28:00
EMP_137,LATAM,2025-10-11 18:04:00,2025-10-18 18:04:00
EMP_425,NA,2025-01-08 04:28:00,2025-01-13 04:28:00
EMP_378,APAC,2025-01-24 09:38:00,2025-01-28 09:38:00
EMP_185,EMEA,2025-02-05 22:17:00,2025-02-11 22:17:00
EMP_203,EMEA,2025-06-25 00:17:00,2025-06-30 00:17:00
EMP_191,NA,2025-03-05 03:46:00,2025-03-09 03:46:00
EMP_031,APAC,2025-09-15 21:07:00,2025-09-20 21:07:00
EMP_376,LATAM,2025-05-15 02:26:00,2025-05-20 02:26:00
EMP_329,NA,2025-08-22 11:46:00,2025-08-25 11:46:00
EMP_428,APAC,2025-04-03 11:58:00,2025-04-08 11:58:00
EMP_107,APAC,2025-12-23 19:56:00,2025-12-28 19:56:00
EMP_111,NA,2025-03-11 17:16:00,2025-03-15 17:16:00
EMP_286,LATAM,2025-10-28 07:52:00,2025-11-01 07:52:00
EMP_259,EMEA,2025-09-01 18:27:00,2025-09-07 18:27:00
EMP_299,APAC,2025-06-30 22:33:00,2025-07-06 22:33:00
EMP_292,APAC,2025-06-07 07:59:00,2025-06-13 07:59:00
EMP_020,APAC,2025-10-03 20:00:00,2025-10-09 20:00:00
EMP_325,APAC,2025-10-04 12:26:00,2025-10-09 12:26:00
EMP_168,LATAM,2025-06-08 18:42:00,2025-06-15 18:42:00
EMP_386,EMEA,2025-03-05 14:18:00,2025-03-10 14:18:00
EMP_068,LATAM,2025-09-01 18:57:00,2025-09-07 18:57:00
EMP_397,LATAM,2025-04-03 22:28:00,2025-04-10 22:28:00
EMP_166,NA,2025-03-05 05:46:00,2025-03-10 05:46:00
EMP_395,EMEA,2025-08-08 23:05:00,2025-08-13 23:05:00
EMP_226,APAC,2025-02-01 16:17:00,2025-02-04 16:17:00
EMP_058,NA,2025-02-07 17:07:00,2025-02-11 17:07:00
EMP_379,LATAM,2025-06-03 06:47:00,2025-06-06 06:47:00
EMP_336,APAC,2025-01-05 01:39:00,2025-01-09 01:39:00
EMP_444,LATAM,2025-03-04 02:16:00,2025-03-08 02:16:00
EMP_321,NA,2025-08-07 03:32:00,2025-08-14 03:32:00
EMP_337,LATAM,2025-04-09 22:48:00,2025-04-15 22:48:00
EMP_095,LATAM,2025-08-18 06:25:00,2025-08-25 06:25:00
EMP_399,APAC,2025-05-15 20:22:00,2025-05-20 20:22:00
EMP_306,APAC,2025-06-17 01:41:00,2025-06-22 01:41:00
EMP_114,EMEA,2025-05-26 16:46:00,2025-06-02 16:46:00
EMP_219,APAC,2025-10-20 19:33:00,2025-10-24 19:33:00
EMP_424,NA,2025-01-30 21:16:00,2025-02-05 21:16:00
EMP_265,LATAM,2025-02-03 21:30:00,2025-02-09 21:30:00
EMP_238,EMEA,2025-11-24 21:59:00,2025-11-30 21:59:00
EMP_355,APAC,2025-04-28 10:00:00,2025-05-04 10:00:00
EMP_194,APAC,2025-10-04 03:35:00,2025-10-08 03:35:00
EMP_445,NA,2025-04-14 07:11:00,2025-04-21 07:11:00
EMP_148,EMEA,2025-05-11 13:53:00,2025-05-16 13:53:00
EMP_308,LATAM,2025-01-04 18:52:00,2025-01-07 18:52:00
EMP_170,LATAM,2025-03-04 20:42:00,2025-03-08 20:42:00
EMP_234,APAC,2025-09-18 06:45:00,2025-09-24 06:45:00
EMP_150,EMEA,2025-12-07 20:07:00,2025-12-13 20:07:00
EMP_363,APAC,2025-07-29 12:38:00,2025-08-02 12:38:00
EMP_287,NA,2025-06-02 14:52:00,2025-06-06 14:52:00
EMP_393,NA,2025-01-04 11:09:00,2025-01-08 11:09:00
EMP_243,APAC,2025-01-24 21:25:00,2025-01-30 21:25:00
EMP_237,EMEA,2025-10-27 10:21:00,2025-10-31 10:21:00
EMP_077,NA,2025-07-23 05:23:00,2025-07-29 05:23:00
EMP_045,EMEA,2025-12-26 22:39:00,2025-12-31 22:39:00
EMP_269,EMEA,2025-08-08 03:23:00,2025-08-12 03:23:00
EMP_398,NA,2025-08-26 08:38:00,2025-08-30 08:38:00
EMP_366,NA,2025-03-25 08:22:00,2025-03-30 08:22:00
EMP_389,EMEA,2025-08-14 07:05:00,2025-08-20 07:05:00
EMP_140,APAC,2025-04-18 17:34:00,2025-04-22 17:34:00
EMP_219,APAC,2025-10-11 09:14:00,2025-10-17 09:14:00
EMP_048,LATAM,2025-12-05 23:42:00,2025-12-12 23:42:00
EMP_119,EMEA,2025-06-10 23:05:00,2025-06-15 23:05:00
EMP_250,NA,2025-01-21 00:54:00,2025-01-28 00:54:00
EMP_206,EMEA,2025-10-27 01:25:00,2025-11-03 01:25:00
EMP_034,LATAM,2025-09-04 02:24:00,2025-09-10 02:24:00
EMP_279,APAC,2025-06-19 23:05:00,2025-06-23 23:05:00
EMP_421,LATAM,2025-11-20 04:43:00,2025-11-23 04:43:00
EMP_331,EMEA,2025-02-13 18:28:00,2025-02-17 18:28:00
EMP_200,NA,2025-11-20 14:41:00,2025-11-26 14:41:00
EMP_190,LATAM,2025-02-06 16:28:00,2025-02-10 16:28:00
EMP_332,EMEA,2025-01-11 10:30:00,2025-01-14 10:30:00
EMP_296,NA,2025-12-27 17:55:00,2025-12-31 17:55:00
EMP_298,EMEA,2025-12-15 15:23:00,2025-12-22 15:23:00
EMP_126,EMEA,2025-12-09 00:41:00,2025-12-13 00:41:00
EMP_147,LATAM,2025-12-17 23:47:00,2025-12-23 23:47:00
EMP_176,EMEA,2025-03-01 11:01:00,2025-03-08 11:01:00
EMP_122,EMEA,2025-11-15 12:47:00,2025-11-19 12:47:00
EMP_329,NA,2025-07-10 12:38:00,2025-07-17 12:38:00
EMP_075,NA,2025-11-11 13:31:00,2025-11-18 13:31:00
EMP_345,NA,2025-01-06 04:07:00,2025-01-12 04:07:00
EMP_363,APAC,2025-03-28 08:45:00,2025-03-31 08:45:00
EMP_103,NA,2025-10-11 21:47:00,2025-10-16 21:47:00
EMP_053,EMEA,2025-01-24 09:14:00,2025-01-31 09:14:00
EMP_010,APAC,2025-12-27 09:57:00,2026-01-02 09:57:00
EMP_206,EMEA,2025-02-08 04:35:00,2025-02-12 04:35:00
EMP_154,APAC,2025-10-10 01:34:00,2025-10-15 01:34:00
EMP_072,LATAM,2025-01-25 23:52:00,2025-01-31 23:52:00
EMP_256,LATAM,2025-11-22 04:12:00,2025-11-26 04:12:00
EMP_208,LATAM,2025-03-27 01:28:00,2025-03-31 01:28:00
EMP_037,LATAM,2025-01-25 20:29:00,2025-01-29 20:29:00
EMP_125,LATAM,2025-04-04 01:18:00,2025-04-08 01:18:00
EMP_419,APAC,2025-03-18 10:16:00,2025-03-21 10:16:00
EMP_172,EMEA,2025-02-14 00:52:00,2025-02-19 00:52:00
EMP_399,APAC,2025-04-24 20:56:00,2025-04-28 20:56:00
EMP_355,APAC,2025-04-01 09:36:00,2025-04-08 09:36:00
EMP_003,NA,2025-06-20 14:05:00,2025-06-25 14:05:00
EMP_142,APAC,2025-02-06 15:26:00,2025-02-13 15:26:00
EMP_091,EMEA,2025-04-25 08:00:00,2025-04-30 08:00:00
EMP_023,EMEA,2025-03-17 00:53:00,2025-03-23 00:53:00
EMP_264,APAC,2025-03-24 12:23:00,2025-03-31 12:23:00
EMP_102,APAC,2025-08-25 03:45:00,2025-08-29 03:45:00
EMP_378,APAC,2025-10-27 10:37:00,2025-11-02 10:37:00
EMP_300,LATAM,2025-12-17 17:38:00,2025-12-22 17:38:00
EMP_199,NA,2025-09-27 23:07:00,2025-10-03 23:07:00
EMP_104,NA,2025-09-01 14:07:00,2025-09-06 14:07:00
EMP_296,NA,2025-06-15 06:20:00,2025-06-20 06:20:00
EMP_008,LATAM,2025-11-07 17:46:00,2025-11-11 17:46:00
EMP_232,EMEA,2025-12-26 15:44:00,2026-01-01 15:44:00
EMP_123,EMEA,2025-03-07 01:36:00,2025-03-13 01:36:00
EMP_071,NA,2025-08-31 21:19:00,2025-09-04 21:19:00
EMP_142,APAC,2025-02-07 15:45:00,2025-02-11 15:45:00
EMP_410,NA,2025-02-15 18:55:00,2025-02-20 18:55:00
EMP_148,EMEA,2025-02-25 00:45:00,2025-03-03 00:45:00
EMP_033,EMEA,2025-01-15 01:07:00,2025-01-21 01:07:00
EMP_405,LATAM,2025-07-07 07:57:00,2025-07-11 07:57:00
EMP_094,APAC,2025-05-07 16:37:00,2025-05-12 16:37:00
EMP_190,LATAM,2025-05-13 08:18:00,2025-05-18 08:18:00
EMP_274,LATAM,2025-08-06 14:08:00,2025-08-11 14:08:00
EMP_235,APAC,2025-08-20 04:12:00,2025-08-26 04:12:00
EMP_375,LATAM,2025-12-14 18:48:00,2025-12-19 18:48:00
EMP_401,NA,2025-07-20 09:07:00,2025-07-24 09:07:00
EMP_263,LATAM,2025-10-14 05:03:00,2025-10-19 05:03:00
EMP_198,NA,2025-09-27 11:41:00,2025-10-04 11:41:00
EMP_448,LATAM,2025-03-03 18:53:00,2025-03-10 18:53:00
EMP_072,LATAM,2025-03-02 16:19:00,2025-03-06 16:19:00
EMP_303,EMEA,2025-09-29 15:05:00,2025-10-06 15:05:00
EMP_284,NA,2025-12-22 05:36:00,2025-12-29 05:36:00
EMP_287,NA,2025-12-03 11:24:00,2025-12-08 11:24:00
EMP_154,APAC,2025-12-09 02:15:00,2025-12-14 02:15:00
EMP_433,LATAM,2025-07-06 23:44:00,2025-07-11 23:44:00
EMP_183,APAC,2025-04-27 22:01:00,2025-05-01 22:01:00
EMP_264,APAC,2025-05-21 03:09:00,2025-05-26 03:09:00
EMP_351,APAC,2025-09-20 23:32:00,2025-09-24 23:32:00
EMP_211,NA,2025-09-04 19:24:00,2025-09-08 19:24:00
EMP_040,APAC,2025-03-24 21:07:00,2025-03-30 21:07:00
EMP_089,NA,2025-08-09 20:44:00,2025-08-13 20:44:00
EMP_158,LATAM,2025-03-31 06:32:00,2025-04-04 06:32:00
EMP_022,NA,2025-05-22 23:28:00,2025-05-28 23:28:00
EMP_061,EMEA,2025-07-03 05:42:00,2025-07-06 05:42:00
EMP_259,EMEA,2025-02-18 18:16:00,2025-02-23 18:16:00
EMP_088,NA,2025-01-02 03:39:00,2025-01-08 03:39:00
EMP_390,NA,2025-08-16 20:26:00,2025-08-22 20:26:00
EMP_352,APAC,2025-11-18 06:41:00,2025-11-23 06:41:00
EMP_356,EMEA,2025-03-15 01:43:00,2025-03-20 01:43:00
EMP_103,NA,2025-10-20 09:27:00,2025-10-26 09:27:00
EMP_076,NA,2025-11-26 01:19:00,2025-12-01 01:19:00
EMP_322,LATAM,2025-04-08 00:27:00,2025-04-14 00:27:00
EMP_348,EMEA,2025-01-18 11:28:00,2025-01-23 11:28:00
EMP_156,EMEA,2025-03-11 03:33:00,2025-03-16 03:33:00
EMP_227,EMEA,2025-11-29 17:04:00,2025-12-04 17:04:00
EMP_252,EMEA,2025-11-08 14:41:00,2025-11-12 14:41:00
EMP_180,EMEA,2025-02-09 02:31:00,2025-02-13 02:31:00
EMP_258,NA,2025-09-03 05:52:00,2025-09-08 05:52:00
EMP_148,EMEA,2025-07-11 01:55:00,2025-07-16 01:55:00
EMP_222,LATAM,2025-08-15 04:14:00,2025-08-20 04:14:00
EMP_187,APAC,2025-12-01 18:32:00,2025-12-08 18:32:00
EMP_211,NA,2025-08-19 00:52:00,2025-08-25 00:52:00
EMP_208,LATAM,2025-06-22 15:47:00,2025-06-27 15:47:00
EMP_217,APAC,2025-01-26 22:41:00,2025-01-31 22:41:00
EMP_427,NA,2025-10-10 22:52:00,2025-10-14 22:52:00
EMP_011,LATAM,2025-01-24 08:20:00,2025-01-30 08:20:00
EMP_328,APAC,2025-09-20 05:21:00,2025-09-24 05:21:00
EMP_416,EMEA,2025-10-21 20:24:00,2025-10-28 20:24:00
EMP_449,EMEA,2025-03-13 02:32:00,2025-03-20 02:32:00
EMP_391,EMEA,2025-02-06 22:29:00,2025-02-09 22:29:00
EMP_295,NA,2025-02-28 21:06:00,2025-03-06 21:06:00
EMP_046,EMEA,2025-12-02 17:27:00,2025-12-05 17:27:00
EMP_291,EMEA,2025-03-25 10:50:00,2025-04-01 10:50:00
EMP_061,EMEA,2025-06-11 11:08:00,2025-06-17 11:08:00
EMP_422,APAC,2025-07-25 01:12:00,2025-07-28 01:12:00
EMP_149,NA,2025-07-08 15:16:00,2025-07-15 15:16:00
EMP_027,APAC,2025-08-30 09:11:00,2025-09-02 09:11:00
EMP_344,LATAM,2025-09-26 01:58:00,2025-10-01 01:58:00
EMP_060,NA,2025-12-25 09:11:00,2026-01-01 09:11:00
EMP_253,APAC,2025-03-22 21:55:00,2025-03-27 21:55:00
EMP_167,APAC,2025-04-03 04:02:00,2025-04-09 04:02:00
EMP_409,APAC,2025-02-08 10:32:00,2025-02-13 10:32:00
EMP_123,EMEA,2025-10-17 11:35:00,2025-10-23 11:35:00
EMP_138,APAC,2025-11-04 01:41:00,2025-11-10 01:41:00
EMP_323,LATAM,2025-11-05 05:11:00,2025-11-10 05:11:00
EMP_066,LATAM,2025-08-06 18:01:00,2025-08-09 18:01:00
EMP_394,APAC,2025-01-11 20:18:00,2025-01-17 20:18:00
EMP_310,EMEA,2025-07-07 19:54:00,2025-07-13 19:54:00
EMP_060,NA,2025-01-08 16:30:00,2025-01-15 16:30:00
EMP_045,EMEA,2025-04-01 02:05:00,2025-04-05 02:05:00
EMP_440,NA,2025-01-19 12:37:00,2025-01-25 12:37:00
EMP_432,NA,2025-05-19 00:28:00,2025-05-25 00:28:00
EMP_217,APAC,2025-01-14 21:16:00,2025-01-21 21:16:00
EMP_027,APAC,2025-08-30 02:27:00,2025-09-06 02:27:00
EMP_263,LATAM,2025-12-20 06:41:00,2025-12-26 06:41:00
EMP_230,LATAM,2025-11-13 15:40:00,2025-11-19 15:40:00
EMP_177,EMEA,2025-11-14 00:32:00,2025-11-21 00:32:00
EMP_342,NA,2025-12-16 15:06:00,2025-12-20 15:06:00
EMP_347,EMEA,2025-04-24 11:49:00,2025-05-01 11:49:00
EMP_059,EMEA,2025-06-13 01:41:00,2025-06-19 01:41:00
EMP_078,EMEA,2025-03-16 20:00:00,2025-03-19 20:00:00
EMP_260,NA,2025-03-16 18:11:00,2025-03-21 18:11:00
EMP_376,LATAM,2025-03-13 07:17:00,2025-03-16 07:17:00
EMP_394,APAC,2025-01-04 19:07:00,2025-01-07 19:07:00
EMP_323,LATAM,2025-06-27 17:34:00,2025-07-03 17:34:00
EMP_016,APAC,2025-11-18 06:37:00,2025-11-21 06:37:00
EMP_267,EMEA,2025-07-24 17:59:00,2025-07-30 17:59:00
EMP_388,EMEA,2025-04-25 12:40:00,2025-04-30 12:40:00
EMP_322,LATAM,2025-09-15 02:52:00,2025-09-21 02:52:00
EMP_375,LATAM,2025-10-29 14:14:00,2025-11-05 14:14:00
EMP_067,LATAM,2025-03-26 23:12:00,2025-03-31 23:12:00
EMP_061,EMEA,2025-10-23 13:08:00,2025-10-27 13:08:00
EMP_268,EMEA,2025-04-20 15:11:00,2025-04-26 15:11:00
EMP_151,APAC,2025-12-18 20:09:00,2025-12-22 20:09:00
EMP_157,NA,2025-07-24 10:12:00,2025-07-28 10:12:00
EMP_063,EMEA,2025-09-09 21:04:00,2025-09-16 21:04:00
EMP_444,LATAM,2025-08-23 19:33:00,2025-08-29 19:33:00
EMP_331,EMEA,2025-03-04 11:10:00,2025-03-08 11:10:00
EMP_330,APAC,2025-03-03 00:08:00,2025-03-09 00:08:00
EMP_258,NA,2025-01-12 14:10:00,2025-01-17 14:10:00
EMP_126,EMEA,2025-11-19 11:28:00,2025-11-25 11:28:00
EMP_093,APAC,2025-10-29 03:32:00,2025-11-01 03:32:00
EMP_094,APAC,2025-07-04 02:08:00,2025-07-09 02:08:00
EMP_031,APAC,2025-08-23 20:52:00,2025-08-30 20:52:00
EMP_051,LATAM,2025-08-20 01:07:00,2025-08-27 01:07:00
EMP_424,NA,2025-03-29 02:02:00,2025-04-04 02:02:00
EMP_325,APAC,2025-06-19 04:54:00,2025-06-23 04:54:00
EMP_285,APAC,2025-11-23 22:45:00,2025-11-28 22:45:00
EMP_450,EMEA,2025-11-09 13:05:00,2025-11-15 13:05:00
EMP_236,APAC,2025-08-27 04:12:00,2025-09-02 04:12:00
EMP_003,NA,2025-01-05 23:23:00,2025-01-12 23:23:00
EMP_276,NA,2025-02-27 02:10:00,2025-03-03 02:10:00
EMP_199,NA,2025-05-09 00:33:00,2025-05-15 00:33:00
EMP_005,NA,2025-06-09 07:21:00,2025-06-14 07:21:00
EMP_047,NA,2025-08-07 18:25:00,2025-08-11 18:25:00
EMP_034,LATAM,2025-04-03 09:16:00,2025-04-08 09:16:00
EMP_349,EMEA,2025-11-26 12:56:00,2025-12-01 12:56:00
EMP_265,LATAM,2025-01-30 15:36:00,2025-02-06 15:36:00
EMP_128,LATAM,2025-05-23 08:40:00,2025-05-26 08:40:00
EMP_246,NA,2025-11-10 12:51:00,2025-11-13 12:51:00
EMP_038,LATAM,2025-11-15 07:51:00,2025-11-18 07:51:00
EMP_313,LATAM,2025-11-10 10:56:00,2025-11-15 10:56:00
EMP_317,LATAM,2025-10-25 08:37:00,2025-11-01 08:37:00
EMP_056,APAC,2025-03-15 18:37:00,2025-03-19 18:37:00
EMP_247,LATAM,2025-11-19 18:22:00,2025-11-22 18:22:00
EMP_101,EMEA,2025-05-24 21:45:00,2025-05-31 21:45:00
EMP_254,LATAM,2025-06-07 18:23:00,2025-06-12 18:23:00
EMP_106,EMEA,2025-10-18 11:58:00,2025-10-23 11:58:00
EMP_016,APAC,2025-03-23 21:04:00,2025-03-27 21:04:00
EMP_016,APAC,2025-05-23 23:55:00,2025-05-28 23:55:00
EMP_432,NA,2025-07-09 15:05:00,2025-07-15 15:05:00
EMP_157,NA,2025-11-28 04:44:00,2025-12-04 04:44:00
EMP_450,EMEA,2025-02-16 14:33:00,2025-02-20 14:33:00
EMP_307,LATAM,2025-11-08 18:45:00,2025-11-13 18:45:00
EMP_028,NA,2025-07-22 22:38:00,2025-07-28 22:38:00
EMP_405,LATAM,2025-02-15 05:44:00,2025-02-22 05:44:00
EMP_266,APAC,2025-12-03 01:39:00,2025-12-10 01:39:00
EMP_327,NA,2025-01-25 15:42:00,2025-01-30 15:42:00
EMP_282,EMEA,2025-03-01 17:16:00,2025-03-06 17:16:00
EMP_140,APAC,2025-10-04 10:24:00,2025-10-08 10:24:00
EMP_403,NA,2025-07-19 06:52:00,2025-07-23 06:52:00
EMP_382,NA,2025-07-17 20:36:00,2025-07-21 20:36:00
EMP_220,NA,2025-10-31 03:37:00,2025-11-05 03:37:00
EMP_274,LATAM,2025-10-07 09:25:00,2025-10-13 09:25:00
EMP_353,LATAM,2025-12-20 19:08:00,2025-12-26 19:08:00
EMP_081,APAC,2025-03-21 15:23:00,2025-03-27 15:23:00
EMP_444,LATAM,2025-05-29 08:29:00,2025-06-03 08:29:00
EMP_213,APAC,2025-06-30 09:56:00,2025-07-03 09:56:00
EMP_202,EMEA,2025-01-30 19:05:00,2025-02-03 19:05:00
EMP_210,EMEA,2025-11-24 08:40:00,2025-11-30 08:40:00
EMP_129,LATAM,2025-03-23 12:13:00,2025-03-30 12:13:00
EMP_237,EMEA,2025-02-17 16:31:00,2025-02-22 16:31:00
EMP_242,APAC,2025-07-22 06:21:00,2025-07-26 06:21:00
EMP_087,EMEA,2025-02-24 11:54:00,2025-03-01 11:54:00
EMP_307,LATAM,2025-01-03 09:32:00,2025-01-08 09:32:00
EMP_123,EMEA,2025-05-25 15:00:00,2025-05-30 15:00:00
EMP_421,LATAM,2025-05-19 22:05:00,2025-05-23 22:05:00
EMP_371,NA,2025-04-30 15:21:00,2025-05-06 15:21:00
EMP_119,EMEA,2025-06-04 16:04:00,2025-06-10 16:04:00
EMP_335,EMEA,2025-08-18 06:41:00,2025-08-21 06:41:00
EMP_023,EMEA,2025-02-17 00:41:00,2025-02-21 00:41:00
EMP_035,NA,2025-09-01 00:23:00,2025-09-04 00:23:00
EMP_318,NA,2025-02-25 19:26:00,2025-03-02 19:26:00
EMP_078,EMEA,2025-09-29 14:40:00,2025-10-05 14:40:00
EMP_106,EMEA,2025-02-07 09:00:00,2025-02-13 09:00:00
EMP_094,APAC,2025-11-18 02:49:00,2025-11-22 02:49:00
EMP_027,APAC,2025-04-13 01:27:00,2025-04-17 01:27:00
EMP_160,EMEA,2025-04-29 12:52:00,2025-05-04 12:52:00
EMP_147,LATAM,2025-11-21 10:06:00,2025-11-25 10:06:00
EMP_193,APAC,2025-12-15 03:21:00,2025-12-20 03:21:00
EMP_080,EMEA,2025-05-17 01:57:00,2025-05-24 01:57:00
EMP_210,EMEA,2025-01-28 06:32:00,2025-02-01 06:32:00
EMP_125,LATAM,2025-12-13 20:51:00,2025-12-17 20:51:00
EMP_134,APAC,2025-11-27 15:55:00,2025-11-30 15:55:00
EMP_449,EMEA,2025-11-02 23:29:00,2025-11-09 23:29:00
EMP_056,APAC,2025-09-06 18:42:00,2025-09-12 18:42:00
EMP_091,EMEA,2025-09-29 19:30:00,2025-10-02 19:30:00
EMP_226,APAC,2025-03-19 12:19:00,2025-03-23 12:19:00
EMP_345,NA,2025-03-14 09:46:00,2025-03-17 09:46:00
EMP_413,LATAM,2025-03-12 22:43:00,2025-03-17 22:43:00
EMP_066,LATAM,2025-12-27 13:52:00,2026-01-01 13:52:00
EMP_125,LATAM,2025-06-03 02:41:00,2025-06-07 02:41:00
EMP_047,NA,2025-08-29 08:07:00,2025-09-05 08:07:00
EMP_335,EMEA,2025-11-13 04:28:00,2025-11-17 04:28:00
EMP_395,EMEA,2025-09-22 19:15:00,2025-09-28 19:15:00
EMP_256,LATAM,2025-11-27 21:24:00,2025-12-02 21:24:00
EMP_361,LATAM,2025-10-01 07:27:00,2025-10-05 07:27:00
EMP_359,LATAM,2025-02-06 06:39:00,2025-02-11 06:39:00
EMP_150,EMEA,2025-04-15 10:57:00,2025-04-18 10:57:00
EMP_186,LATAM,2025-03-14 05:40:00,2025-03-19 05:40:00
EMP_092,NA,2025-02-07 05:01:00,2025-02-13 05:01:00
EMP_126,EMEA,2025-01-23 18:04:00,2025-01-28 18:04:00
EMP_335,EMEA,2025-09-29 08:05:00,2025-10-05 08:05:00
EMP_062,APAC,2025-03-25 22:12:00,2025-03-28 22:12:00
EMP_051,LATAM,2025-08-24 19:47:00,2025-08-30 19:47:00
EMP_285,APAC,2025-12-21 18:15:00,2025-12-24 18:15:00
EMP_093,APAC,2025-05-11 00:38:00,2025-05-14 00:38:00
EMP_066,LATAM,2025-05-30 04:07:00,2025-06-02 04:07:00
EMP_311,EMEA,2025-06-01 19:12:00,2025-06-05 19:12:00
EMP_154,APAC,2025-06-04 17:07:00,2025-06-09 17:07:00
EMP_374,EMEA,2025-11-03 07:14:00,2025-11-09 07:14:00
EMP_037,LATAM,2025-07-15 04:06:00,2025-07-21 04:06:00
EMP_040,APAC,2025-07-14 16:46:00,2025-07-18 16:46:00
EMP_399,APAC,2025-07-17 23:26:00,2025-07-23 23:26:00
EMP_114,EMEA,2025-10-01 17:04:00,2025-10-08 17:04:00
EMP_352,APAC,2025-04-22 05:24:00,2025-04-26 05:24:00
EMP_372,APAC,2025-09-26 12:51:00,2025-10-02 12:51:00
EMP_123,EMEA,2025-03-08 04:21:00,2025-03-15 04:21:00
EMP_087,EMEA,2025-06-12 21:21:00,2025-06-17 21:21:00
EMP_088,NA,2025-09-28 19:36:00,2025-10-01 19:36:00
EMP_136,APAC,2025-06-03 03:35:00,2025-06-07 03:35:00
EMP_206,EMEA,2025-09-15 03:54:00,2025-09-18 03:54:00
EMP_250,NA,2025-01-04 00:46:00,2025-01-10 00:46:00
EMP_275,NA,2025-07-14 05:32:00,2025-07-19 05:32:00
EMP_184,LATAM,2025-05-24 12:25:00,2025-05-30 12:25:00
EMP_216,LATAM,2025-08-28 04:22:00,2025-09-03 04:22:00
EMP_257,LATAM,2025-10-10 03:37:00,2025-10-14 03:37:00
EMP_393,NA,2025-06-21 05:13:00,2025-06-27 05:13:00
EMP_043,APAC,2025-11-08 08:28:00,2025-11-12 08:28:00
EMP_342,NA,2025-11-08 12:05:00,2025-11-12 12:05:00
EMP_097,NA,2025-04-18 07:10:00,2025-04-23 07:10:00
EMP_316,APAC,2025-05-24 09:01:00,2025-05-29 09:01:00
EMP_032,LATAM,2025-11-05 23:38:00,2025-11-11 23:38:00
EMP_180,EMEA,2025-10-31 10:22:00,2025-11-03 10:22:00
EMP_122,EMEA,2025-07-19 22:31:00,2025-07-23 22:31:00
EMP_323,LATAM,2025-03-27 15:20:00,2025-03-31 15:20:00
EMP_023,EMEA,2025-04-02 02:01:00,2025-04-08 02:01:00
EMP_215,NA,2025-01-15 22:17:00,2025-01-20 22:17:00
EMP_024,LATAM,2025-02-13 06:26:00,2025-02-17 06:26:00
EMP_122,EMEA,2025-07-30 12:19:00,2025-08-04 12:19:00
EMP_139,NA,2025-02-06 12:22:00,2025-02-11 12:22:00
EMP_362,APAC,2025-07-10 06:24:00,2025-07-16 06:24:00
EMP_375,LATAM,2025-07-22 15:56:00,2025-07-28 15:56:00
EMP_419,APAC,2025-11-16 23:44:00,2025-11-21 23:44:00
EMP_076,NA,2025-12-14 19:15:00,2025-12-18 19:15:00
EMP_036,EMEA,2025-04-13 12:14:00,2025-04-17 12:14:00
EMP_371,NA,2025-04-09 23:20:00,2025-04-12 23:20:00
EMP_424,NA,2025-01-09 20:50:00,2025-01-14 20:50:00
EMP_074,EMEA,2025-01-08 19:52:00,2025-01-12 19:52:00
EMP_246,NA,2025-04-21 12:18:00,2025-04-25 12:18:00
EMP_011,LATAM,2025-01-31 10:08:00,2025-02-05 10:08:00
EMP_001,NA,2025-06-12 08:08:00,2025-06-17 08:08:00
EMP_336,APAC,2025-07-27 21:00:00,2025-08-02 21:00:00
EMP_087,EMEA,2025-03-20 04:45:00,2025-03-26 04:45:00
EMP_040,APAC,2025-08-31 00:15:00,2025-09-03 00:15:00
EMP_310,EMEA,2025-04-20 00:42:00,2025-04-26 00:42:00
EMP_404,LATAM,2024-12-31 14:04:00,2025-01-07 14:04:00
EMP_370,LATAM,2025-12-13 09:12:00,2025-12-18 09:12:00
EMP_047,NA,2025-08-22 05:46:00,2025-08-28 05:46:00
EMP_309,LATAM,2025-08-29 19:43:00,2025-09-05 19:43:00
EMP_069,LATAM,2025-03-21 05:07:00,2025-03-26 05:07:00
EMP_125,LATAM,2025-06-02 10:54:00,2025-06-06 10:54:00
EMP_245,EMEA,2025-04-25 04:16:00,2025-04-29 04:16:00
EMP_147,LATAM,2025-03-22 00:31:00,2025-03-26 00:31:00
EMP_258,NA,2025-04-25 18:17:00,2025-05-01 18:17:00
EMP_293,LATAM,2025-08-09 20:19:00,2025-08-13 20:19:00
EMP_268,EMEA,2025-10-01 22:20:00,2025-10-05 22:20:00
EMP_139,NA,2025-03-18 22:26:00,2025-03-22 22:26:00
EMP_283,APAC,2025-05-26 21:24:00,2025-06-01 21:24:00
EMP_204,APAC,2025-12-29 05:54:00,2026-01-03 05:54:00
EMP_321,NA,2025-03-08 22:22:00,2025-03-12 22:22:00
EMP_021,APAC,2025-10-09 06:23:00,2025-10-13 06:23:00
EMP_291,EMEA,2025-12-27 06:50:00,2025-12-31 06:50:00
EMP_087,EMEA,2025-08-02 06:07:00,2025-08-08 06:07:00
EMP_046,EMEA,2025-02-19 19:09:00,2025-02-25 19:09:00
EMP_391,EMEA,2025-11-16 21:18:00,2025-11-20 21:18:00
EMP_082,APAC,2025-10-16 17:55:00,2025-10-20 17:55:00
EMP_056,APAC,2025-03-02 11:51:00,2025-03-09 11:51:00
EMP_109,NA,2025-12-12 18:32:00,2025-12-18 18:32:00
EMP_308,LATAM,2025-10-02 21:57:00,2025-10-07 21:57:00
EMP_028,NA,2025-06-03 00:06:00,2025-06-06 00:06:00
EMP_426,LATAM,2025-02-07 03:12:00,2025-02-12 03:12:00
EMP_256,LATAM,2025-08-18 09:37:00,2025-08-24 09:37:00
EMP_019,LATAM,2025-06-08 04:42:00,2025-06-14 04:42:00
EMP_111,NA,2025-09-10 11:14:00,2025-09-15 11:14:00
EMP_417,NA,2025-09-21 21:46:00,2025-09-27 21:46:00
EMP_268,EMEA,2025-08-31 12:59:00,2025-09-05 12:59:00
EMP_360,EMEA,2025-03-13 06:05:00,2025-03-19 06:05:00
EMP_004,NA,2025-09-28 19:22:00,2025-10-04 19:22:00
EMP_430,APAC,2025-10-27 23:41:00,2025-10-31 23:41:00
EMP_008,LATAM,2025-01-18 02:41:00,2025-01-24 02:41:00
EMP_088,NA,2025-11-08 03:08:00,2025-11-12 03:08:00
EMP_411,EMEA,2025-11-08 11:06:00,2025-11-14 11:06:00
EMP_006,LATAM,2025-04-21 10:43:00,2025-04-25 10:43:00
EMP_233,APAC,2025-09-17 18:37:00,2025-09-22 18:37:00
EMP_093,APAC,2025-03-08 13:23:00,2025-03-14 13:23:00
EMP_321,NA,2025-02-23 13:39:00,2025-03-02 13:39:00
EMP_092,NA,2025-01-21 21:38:00,2025-01-25 21:38:00
EMP_082,APAC,2025-07-04 07:43:00,2025-07-08 07:43:00
EMP_071,NA,2025-06-08 00:36:00,2025-06-13 00:36:00
EMP_099,APAC,2025-06-30 02:41:00,2025-07-07 02:41:00
EMP_053,EMEA,2025-08-13 21:20:00,2025-08-20 21:20:00
EMP_231,APAC,2025-04-30 18:53:00,2025-05-06 18:53:00
EMP_204,APAC,2025-01-20 19:14:00,2025-01-25 19:14:00
EMP_184,LATAM,2025-06-26 15:14:00,2025-07-01 15:14:00
EMP_400,EMEA,2025-08-16 23:27:00,2025-08-21 23:27:00
EMP_253,APAC,2025-12-29 02:33:00,2026-01-04 02:33:00
EMP_068,LATAM,2025-10-20 07:37:00,2025-10-23 07:37:00
EMP_015,APAC,2025-06-11 02:56:00,2025-06-18 02:56:00
EMP_116,EMEA,2025-05-02 22:18:00,2025-05-06 22:18:00
EMP_139,NA,2025-05-03 00:52:00,2025-05-08 00:52:00
EMP_396,APAC,2025-12-16 11:54:00,2025-12-20 11:54:00
EMP_254,LATAM,2025-02-11 21:14:00,2025-02-18 21:14:00
EMP_097,NA,2025-12-20 02:13:00,2025-12-26 02:13:00
EMP_363,APAC,2025-11-26 14:36:00,2025-12-01 14:36:00
EMP_400,EMEA,2025-10-18 10:05:00,2025-10-23 10:05:00
EMP_446,EMEA,2025-03-15 07:42:00,2025-03-19 07:42:00
EMP_261,EMEA,2025-08-31 00:31:00,2025-09-03 00:31:00
EMP_266,APAC,2025-11-11 17:06:00,2025-11-15 17:06:00
EMP_059,EMEA,2025-02-07 16:38:00,2025-02-12 16:38:00
EMP_106,EMEA,2025-05-03 12:57:00,2025-05-07 12:57:00
EMP_379,LATAM,2025-08-10 07:55:00,2025-08-14 07:55:00
EMP_242,APAC,2025-03-19 15:39:00,2025-03-24 15:39:00
EMP_269,EMEA,2025-04-30 19:51:00,2025-05-07 19:51:00
EMP_076,NA,2025-10-25 18:50:00,2025-10-29 18:50:00
EMP_382,NA,2025-03-05 00:10:00,2025-03-12 00:10:00
EMP_142,APAC,2025-08-12 05:48:00,2025-08-16 05:48:00
EMP_148,EMEA,2025-03-21 05:43:00,2025-03-27 05:43:00
EMP_233,APAC,2025-01-29 19:42:00,2025-02-01 19:42:00
EMP_251,NA,2025-08-10 16:37:00,2025-08-13 16:37:00
EMP_403,NA,2025-04-22 21:28:00,2025-04-28 21:28:00
EMP_066,LATAM,2025-08-01 14:32:00,2025-08-07 14:32:00
EMP_354,EMEA,2025-08-29 06:01:00,2025-09-02 06:01:00
EMP_070,NA,2025-06-11 18:42:00,2025-06-17 18:42:00
EMP_222,LATAM,2025-04-16 11:50:00,2025-04-20 11:50:00
EMP_149,NA,2025-07-28 18:29:00,2025-08-04 18:29:00
EMP_417,NA,2025-11-05 08:29:00,2025-11-11 08:29:00
EMP_142,APAC,2025-01-06 15:23:00,2025-01-11 15:23:00
EMP_376,LATAM,2025-04-24 21:51:00,2025-05-01 21:51:00
EMP_166,NA,2025-06-17 14:21:00,2025-06-23 14:21:00
EMP_387,EMEA,2025-11-01 21:00:00,2025-11-04 21:00:00
EMP_311,EMEA,2025-01-20 10:50:00,2025-01-27 10:50:00
EMP_069,LATAM,2025-05-24 10:36:00,2025-05-29 10:36:00
EMP_350,NA,2025-12-26 07:17:00,2026-01-01 07:17:00
EMP_183,APAC,2025-04-09 09:30:00,2025-04-13 09:30:00
EMP_292,APAC,2025-02-24 21:39:00,2025-03-01 21:39:00
EMP_027,APAC,2025-08-27 23:14:00,2025-09-02 23:14:00
EMP_200,NA,2025-09-17 14:50:00,2025-09-21 14:50:00
EMP_103,NA,2025-08-30 14:31:00,2025-09-03 14:31:00
EMP_121,LATAM,2025-12-25 09:30:00,2025-12-31 09:30:00
EMP_245,EMEA,2025-08-08 22:37:00,2025-08-12 22:37:00
EMP_393,NA,2025-10-01 16:32:00,2025-10-04 16:32:00
EMP_030,LATAM,2025-06-22 10:19:00,2025-06-28 10:19:00
EMP_383,LATAM,2025-02-02 08:03:00,2025-02-05 08:03:00
EMP_337,LATAM,2025-02-24 22:14:00,2025-03-02 22:14:00
EMP_362,APAC,2025-09-15 22:17:00,2025-09-21 22:17:00
EMP_164,LATAM,2025-03-16 00:08:00,2025-03-22 00:08:00
EMP_041,APAC,2025-05-28 05:22:00,2025-05-31 05:22:00
EMP_191,NA,2025-04-12 08:57:00,2025-04-16 08:57:00
EMP_011,LATAM,2025-12-28 07:02:00,2026-01-03 07:02:00
EMP_424,NA,2025-03-01 12:37:00,2025-03-08 12:37:00
EMP_023,EMEA,2025-06-11 10:31:00,2025-06-15 10:31:00
EMP_339,APAC,2025-08-09 04:50:00,2025-08-15 04:50:00
EMP_415,APAC,2025-06-05 16:22:00,2025-06-12 16:22:00
EMP_401,NA,2025-02-09 14:13:00,2025-02-16 14:13:00
EMP_218,LATAM,2025-07-08 09:35:00,2025-07-12 09:35:00
EMP_429,APAC,2025-07-10 14:46:00,2025-07-14 14:46:00
EMP_033,EMEA,2025-11-15 17:14:00,2025-11-21 17:14:00
EMP_445,NA,2025-12-26 09:30:00,2025-12-29 09:30:00
EMP_120,APAC,2025-03-23 08:05:00,2025-03-29 08:05:00
EMP_022,NA,2025-06-14 23:45:00,2025-06-19 23:45:00
EMP_180,EMEA,2025-03-20 11:46:00,2025-03-24 11:46:00
EMP_425,NA,2025-10-29 21:35:00,2025-11-01 21:35:00
EMP_077,NA,2025-01-17 14:15:00,2025-01-22 14:15:00
EMP_194,APAC,2025-01-23 17:43:00,2025-01-26 17:43:00
EMP_100,APAC,2025-07-31 09:41:00,2025-08-05 09:41:00
EMP_234,APAC,2025-08-16 05:48:00,2025-08-22 05:48:00
EMP_230,LATAM,2025-10-31 23:56:00,2025-11-06 23:56:00
EMP_381,APAC,2025-03-14 13:01:00,2025-03-18 13:01:00
EMP_217,APAC,2025-09-15 01:01:00,2025-09-20 01:01:00
EMP_370,LATAM,2025-01-31 22:35:00,2025-02-07 22:35:00
EMP_359,LATAM,2025-04-08 00:24:00,2025-04-13 00:24:00
EMP_396,APAC,2025-03-11 13:25:00,2025-03-17 13:25:00
EMP_388,EMEA,2025-05-09 22:02:00,2025-05-15 22:02:00
EMP_225,APAC,2025-06-10 20:16:00,2025-06-14 20:16:00
EMP_119,EMEA,2025-07-21 21:23:00,2025-07-24 21:23:00
EMP_004,NA,2025-12-20 14:48:00,2025-12-27 14:48:00
EMP_253,APAC,2025-07-10 13:14:00,2025-07-15 13:14:00
EMP_412,EMEA,2025-02-25 13:47:00,2025-03-03 13:47:00
EMP_098,NA,2025-01-24 22:47:00,2025-01-29 22:47:00
EMP_078,EMEA,2025-12-18 19:22:00,2025-12-21 19:22:00
EMP_286,LATAM,2025-05-30 20:37:00,2025-06-06 20:37:00
EMP_229,LATAM,2025-08-23 22:43:00,2025-08-29 22:43:00
EMP_308,LATAM,2025-10-27 00:16:00,2025-11-02 00:16:00
EMP_205,NA,2025-07-08 20:03:00,2025-07-13 20:03:00
EMP_275,NA,2025-05-30 03:37:00,2025-06-02 03:37:00
EMP_411,EMEA,2025-10-03 02:47:00,2025-10-06 02:47:00
EMP_081,APAC,2025-10-14 00:19:00,2025-10-20 00:19:00
EMP_007,NA,2025-01-25 06:27:00,2025-01-29 06:27:00
EMP_118,NA,2025-06-28 02:02:00,2025-07-05 02:02:00
EMP_370,LATAM,2025-10-29 11:17:00,2025-11-01 11:17:00
EMP_377,LATAM,2025-10-10 19:23:00,2025-10-14 19:23:00
EMP_415,APAC,2025-02-28 21:37:00,2025-03-05 21:37:00
EMP_268,EMEA,2025-06-17 06:00:00,2025-06-23 06:00:00
EMP_428,APAC,2025-04-18 16:08:00,2025-04-22 16:08:00
EMP_054,LATAM,2025-11-05 23:40:00,2025-11-09 23:40:00
EMP_267,EMEA,2025-03-29 10:58:00,2025-04-01 10:58:00
EMP_218,LATAM,2025-12-25 13:58:00,2026-01-01 13:58:00
EMP_005,NA,2025-08-03 02:06:00,2025-08-09 02:06:00
EMP_242,APAC,2025-12-03 01:25:00,2025-12-07 01:25:00
EMP_269,EMEA,2025-12-11 01:29:00,2025-12-17 01:29:00
EMP_170,LATAM,2025-03-09 23:15:00,2025-03-14 23:15:00
EMP_131,EMEA,2025-05-27 12:29:00,2025-06-01 12:29:00
EMP_119,EMEA,2025-06-05 14:37:00,2025-06-09 14:37:00
EMP_166,NA,2025-02-24 15:26:00,2025-03-03 15:26:00
EMP_257,LATAM,2025-03-25 09:54:00,2025-04-01 09:54:00
EMP_086,LATAM,2025-07-20 05:48:00,2025-07-26 05:48:00
EMP_334,EMEA,2025-09-09 12:53:00,2025-09-15 12:53:00
EMP_373,EMEA,2025-11-04 19:17:00,2025-11-07 19:17:00
EMP_311,EMEA,2025-07-16 19:30:00,2025-07-20 19:30:00
EMP_020,APAC,2025-09-26 02:04:00,2025-09-30 02:04:00
EMP_043,APAC,2025-11-01 12:33:00,2025-11-06 12:33:00
EMP_050,NA,2025-07-20 01:16:00,2025-07-25 01:16:00
EMP_374,EMEA,2025-07-12 03:48:00,2025-07-17 03:48:00
EMP_353,LATAM,2025-10-24 00:11:00,2025-10-28 00:11:00
EMP_290,LATAM,2025-12-03 03:36:00,2025-12-06 03:36:00
EMP_393,NA,2025-05-02 07:21:00,2025-05-06 07:21:00
EMP_195,LATAM,2025-07-27 01:01:00,2025-08-03 01:01:00
EMP_425,NA,2025-05-04 03:15:00,2025-05-10 03:15:00
EMP_178,LATAM,2025-07-28 05:12:00,2025-08-01 05:12:00
EMP_240,APAC,2025-07-08 22:36:00,2025-07-14 22:36:00
EMP_173,NA,2025-03-12 23:15:00,2025-03-17 23:15:00
EMP_154,APAC,2025-01-28 05:18:00,2025-02-04 05:18:00
EMP_304,LATAM,2025-01-20 19:02:00,2025-01-24 19:02:00
EMP_067,LATAM,2025-08-30 14:10:00,2025-09-04 14:10:00
EMP_076,NA,2025-05-25 22:21:00,2025-05-29 22:21:00
EMP_082,APAC,2025-09-07 00:16:00,2025-09-12 00:16:00
EMP_343,APAC,2025-01-18 14:02:00,2025-01-24 14:02:00
EMP_040,APAC,2025-06-16 12:49:00,2025-06-21 12:49:00
EMP_336,APAC,2025-10-20 12:41:00,2025-10-27 12:41:00
EMP_433,LATAM,2025-09-21 16:25:00,2025-09-25 16:25:00
EMP_238,EMEA,2025-07-23 03:18:00,2025-07-29 03:18:00
EMP_173,NA,2025-08-02 15:29:00,2025-08-09 15:29:00
EMP_128,LATAM,2025-05-07 14:25:00,2025-05-13 14:25:00
EMP_217,APAC,2025-10-17 19:25:00,2025-10-21 19:25:00
EMP_429,APAC,2025-11-10 14:49:00,2025-11-15 14:49:00
EMP_209,NA,2025-05-29 19:58:00,2025-06-04 19:58:00
EMP_237,EMEA,2025-08-18 16:14:00,2025-08-23 16:14:00
EMP_422,APAC,2025-11-18 14:09:00,2025-11-23 14:09:00
EMP_346,LATAM,2025-12-06 08:03:00,2025-12-11 08:03:00
EMP_194,APAC,2025-03-30 22:12:00,2025-04-04 22:12:00
EMP_164,LATAM,2025-09-20 10:56:00,2025-09-25 10:56:00
EMP_147,LATAM,2025-11-23 06:48:00,2025-11-28 06:48:00
EMP_391,EMEA,2025-12-02 21:21:00,2025-12-09 21:21:00
EMP_211,NA,2025-05-17 12:49:00,2025-05-23 12:49:00
EMP_371,NA,2025-06-23 06:20:00,2025-06-28 06:20:00
EMP_068,LATAM,2025-07-31 08:13:00,2025-08-07 08:13:00
EMP_126,EMEA,2025-11-19 01:24:00,2025-11-24 01:24:00
EMP_447,APAC,2025-04-25 23:23:00,2025-04-28 23:23:00
EMP_442,LATAM,2025-10-07 13:52:00,2025-10-10 13:52:00
EMP_225,APAC,2025-12-16 02:43:00,2025-12-21 02:43:00
EMP_337,LATAM,2025-09-04 11:02:00,2025-09-09 11:02:00
EMP_050,NA,2025-08-27 07:37:00,2025-09-01 07:37:00
EMP_305,APAC,2025-01-26 00:40:00,2025-01-30 00:40:00
EMP_381,APAC,2025-04-02 14:37:00,2025-04-07 14:37:00
EMP_159,NA,2025-05-30 07:36:00,2025-06-03 07:36:00
EMP_431,LATAM,2025-06-14 07:04:00,2025-06-18 07:04:00
EMP_126,EMEA,2025-07-04 11:11:00,2025-07-09 11:11:00
EMP_047,NA,2025-05-18 08:44:00,2025-05-22 08:44:00
EMP_164,LATAM,2025-02-22 04:43:00,2025-02-28 04:43:00
EMP_298,EMEA,2025-11-08 22:31:00,2025-11-14 22:31:00
EMP_100,APAC,2025-03-19 03:52:00,2025-03-25 03:52:00
EMP_393,NA,2025-12-09 14:37:00,2025-12-13 14:37:00
EMP_166,NA,2025-04-23 21:04:00,2025-04-27 21:04:00
EMP_400,EMEA,2025-07-14 03:48:00,2025-07-20 03:48:00
EMP_391,EMEA,2025-10-21 05:49:00,2025-10-27 05:49:00
EMP_393,NA,2025-07-17 16:07:00,2025-07-23 16:07:00
EMP_427,NA,2025-09-27 22:57:00,2025-10-03 22:57:00
EMP_286,LATAM,2025-05-25 05:40:00,2025-05-28 05:40:00
EMP_370,LATAM,2025-12-07 03:36:00,2025-12-12 03:36:00
EMP_225,APAC,2025-07-25 23:22:00,2025-07-30 23:22:00
EMP_397,LATAM,2025-10-28 07:17:00,2025-10-31 07:17:00
EMP_286,LATAM,2025-07-31 04:55:00,2025-08-05 04:55:00
EMP_203,EMEA,2025-12-19 03:42:00,2025-12-23 03:42:00
EMP_290,LATAM,2025-11-13 08:44:00,2025-11-19 08:44:00
EMP_295,NA,2025-08-31 00:44:00,2025-09-04 00:44:00
EMP_313,LATAM,2025-05-18 00:00:00,2025-05-25 00:00:00
EMP_004,NA,2025-10-09 22:49:00,2025-10-14 22:49:00
EMP_273,LATAM,2025-11-29 07:49:00,2025-12-03 07:49:00
EMP_396,APAC,2025-04-17 23:26:00,2025-04-20 23:26:00
EMP_337,LATAM,2025-05-31 01:10:00,2025-06-05 01:10:00
EMP_112,APAC,2025-09-14 18:05:00,2025-09-18 18:05:00
EMP_428,APAC,2025-09-30 03:35:00,2025-10-06 03:35:00
EMP_084,NA,2025-05-31 15:41:00,2025-06-06 15:41:00
EMP_213,APAC,2025-05-18 01:38:00,2025-05-25 01:38:00
EMP_073,EMEA,2025-06-30 07:33:00,2025-07-04 07:33:00
EMP_356,EMEA,2025-12-08 02:34:00,2025-12-13 02:34:00
EMP_191,NA,2025-10-29 02:29:00,2025-11-02 02:29:00
EMP_187,APAC,2025-03-19 15:45:00,2025-03-26 15:45:00
EMP_439,LATAM,2025-11-15 16:49:00,2025-11-21 16:49:00
EMP_384,NA,2025-05-22 22:21:00,2025-05-26 22:21:00
EMP_338,EMEA,2025-02-28 20:21:00,2025-03-04 20:21:00
EMP_116,EMEA,2025-06-30 12:47:00,2025-07-06 12:47:00
EMP_383,LATAM,2025-10-07 08:53:00,2025-10-11 08:53:00
EMP_325,APAC,2025-01-24 20:11:00,2025-01-30 20:11:00
EMP_248,NA,2025-09-07 10:07:00,2025-09-13 10:07:00
EMP_279,APAC,2025-04-01 21:59:00,2025-04-04 21:59:00
EMP_282,EMEA,2025-08-02 07:58:00,2025-08-06 07:58:00
EMP_073,EMEA,2025-06-09 13:14:00,2025-06-14 13:14:00
EMP_192,LATAM,2025-04-25 14:21:00,2025-04-29 14:21:00
EMP_370,LATAM,2025-08-05 10:45:00,2025-08-10 10:45:00
EMP_376,LATAM,2025-02-16 15:40:00,2025-02-21 15:40:00
EMP_128,LATAM,2025-09-11 03:48:00,2025-09-16 03:48:00
EMP_106,EMEA,2025-11-18 20:39:00,2025-11-21 20:39:00
EMP_396,APAC,2025-12-09 01:13:00,2025-12-15 01:13:00
EMP_268,EMEA,2025-03-15 00:55:00,2025-03-22 00:55:00
EMP_216,LATAM,2025-02-09 06:04:00,2025-02-15 06:04:00
EMP_183,APAC,2025-02-28 12:09:00,2025-03-05 12:09:00
EMP_300,LATAM,2025-12-26 10:20:00,2026-01-01 10:20:00
EMP_295,NA,2025-03-09 02:44:00,2025-03-16 02:44:00
EMP_205,NA,2025-11-10 10:12:00,2025-11-15 10:12:00
EMP_142,APAC,2025-11-19 18:32:00,2025-11-24 18:32:00
EMP_163,NA,2025-08-09 16:51:00,2025-08-16 16:51:00
EMP_087,EMEA,2025-08-22 00:38:00,2025-08-28 00:38:00
EMP_102,APAC,2025-03-08 23:38:00,2025-03-13 23:38:00
EMP_254,LATAM,2025-06-11 10:52:00,2025-06-16 10:52:00
EMP_164,LATAM,2025-09-17 00:19:00,2025-09-21 00:19:00
EMP_034,LATAM,2025-05-04 18:24:00,2025-05-09 18:24:00
EMP_074,EMEA,2025-08-15 23:33:00,2025-08-19 23:33:00
EMP_272,APAC,2025-10-28 06:07:00,2025-11-01 06:07:00
EMP_016,APAC,2025-12-25 10:18:00,2026-01-01 10:18:00
EMP_071,NA,2025-09-06 23:31:00,2025-09-12 23:31:00
EMP_130,EMEA,2025-12-29 20:34:00,2026-01-02 20:34:00
EMP_271,APAC,2025-01-09 03:49:00,2025-01-14 03:49:00
EMP_440,NA,2025-02-18 12:39:00,2025-02-23 12:39:00
EMP_052,EMEA,2025-12-27 09:04:00,2026-01-03 09:04:00
EMP_188,LATAM,2025-04-11 22:49:00,2025-04-15 22:49:00
EMP_070,NA,2025-11-21 03:41:00,2025-11-28 03:41:00
EMP_403,NA,2025-07-28 03:04:00,2025-08-02 03:04:00
EMP_274,LATAM,2025-01-19 08:41:00,2025-01-23 08:41:00
EMP_261,EMEA,2025-09-27 00:37:00,2025-10-01 00:37:00
EMP_365,APAC,2025-08-21 05:49:00,2025-08-24 05:49:00
EMP_124,APAC,2025-08-27 20:17:00,2025-09-03 20:17:00
EMP_023,EMEA,2025-04-22 13:03:00,2025-04-29 13:03:00
EMP_349,EMEA,2025-08-13 13:05:00,2025-08-19 13:05:00
EMP_275,NA,2025-08-25 09:21:00,2025-08-31 09:21:00
EMP_045,EMEA,2025-12-28 14:36:00,2026-01-03 14:36:00
EMP_199,NA,2025-05-13 07:59:00,2025-05-20 07:59:00
EMP_116,EMEA,2025-05-12 22:59:00,2025-05-16 22:59:00
EMP_447,APAC,2025-11-15 18:49:00,2025-11-20 18:49:00
EMP_074,EMEA,2025-08-18 05:39:00,2025-08-22 05:39:00
EMP_233,APAC,2025-09-19 05:49:00,2025-09-25 05:49:00
EMP_222,LATAM,2025-08-06 08:23:00,2025-08-12 08:23:00
EMP_065,EMEA,2025-09-13 00:05:00,2025-09-20 00:05:00
EMP_341,LATAM,2025-10-17 10:59:00,2025-10-21 10:59:00
EMP_192,LATAM,2025-08-11 11:26:00,2025-08-17 11:26:00
EMP_154,APAC,2025-10-27 02:16:00,2025-11-02 02:16:00
EMP_313,LATAM,2025-01-25 16:56:00,2025-01-28 16:56:00
EMP_104,NA,2025-04-18 15:58:00,2025-04-24 15:58:00
EMP_052,EMEA,2025-04-25 08:55:00,2025-04-30 08:55:00
EMP_387,EMEA,2025-01-27 16:11:00,2025-02-01 16:11:00
EMP_190,LATAM,2025-02-18 03:56:00,2025-02-23 03:56:00
EMP_009,EMEA,2025-10-31 04:30:00,2025-11-05 04:30:00
EMP_086,LATAM,2025-02-05 20:57:00,2025-02-11 20:57:00
EMP_171,APAC,2025-01-22 20:17:00,2025-01-27 20:17:00
EMP_209,NA,2025-09-06 03:07:00,2025-09-12 03:07:00
EMP_145,APAC,2025-07-13 04:26:00,2025-07-18 04:26:00
EMP_442,LATAM,2025-03-23 15:59:00,2025-03-27 15:59:00
EMP_314,LATAM,2025-03-29 19:43:00,2025-04-02 19:43:00
EMP_047,NA,2025-03-07 16:34:00,2025-03-11 16:34:00
EMP_041,APAC,2025-05-08 01:13:00,2025-05-11 01:13:00
EMP_360,EMEA,2025-02-24 04:20:00,2025-02-28 04:20:00
EMP_260,NA,2025-07-25 19:46:00,2025-07-30 19:46:00
EMP_041,APAC,2025-11-19 17:13:00,2025-11-23 17:13:00
EMP_117,APAC,2025-05-03 04:37:00,2025-05-09 04:37:00
EMP_232,EMEA,2025-04-21 04:21:00,2025-04-25 04:21:00
EMP_205,NA,2025-09-23 07:14:00,2025-09-27 07:14:00
EMP_222,LATAM,2025-11-12 20:03:00,2025-11-17 20:03:00
EMP_312,LATAM,2025-07-28 16:15:00,2025-08-02 16:15:00
EMP_214,NA,2025-12-22 04:13:00,2025-12-28 04:13:00
EMP_175,NA,2025-09-27 20:50:00,2025-10-01 20:50:00
EMP_358,APAC,2025-05-21 12:59:00,2025-05-25 12:59:00
EMP_406,EMEA,2025-07-20 03:07:00,2025-07-26 03:07:00
EMP_127,NA,2025-06-10 15:01:00,2025-06-15 15:01:00
EMP_161,LATAM,2025-05-25 16:16:00,2025-05-29 16:16:00
EMP_269,EMEA,2025-07-24 16:16:00,2025-07-29 16:16:00
EMP_334,EMEA,2025-11-02 20:54:00,2025-11-08 20:54:00
EMP_035,NA,2025-04-11 21:07:00,2025-04-14 21:07:00
EMP_281,LATAM,2025-03-05 03:39:00,2025-03-10 03:39:00
EMP_022,NA,2025-06-08 11:19:00,2025-06-13 11:19:00
EMP_004,NA,2025-09-11 09:53:00,2025-09-17 09:53:00
EMP_262,EMEA,2025-10-08 20:07:00,2025-10-14 20:07:00
EMP_229,LATAM,2025-10-21 09:57:00,2025-10-25 09:57:00
EMP_381,APAC,2025-05-29 16:49:00,2025-06-03 16:49:00
EMP_185,EMEA,2025-12-02 17:08:00,2025-12-07 17:08:00
EMP_288,LATAM,2025-07-26 18:43:00,2025-07-29 18:43:00
EMP_318,NA,2025-02-04 10:18:00,2025-02-11 10:18:00
EMP_196,LATAM,2025-04-26 03:14:00,2025-05-02 03:14:00
EMP_380,APAC,2025-09-28 11:31:00,2025-10-03 11:31:00
EMP_395,EMEA,2025-01-24 11:32:00,2025-01-29 11:32:00
EMP_008,LATAM,2025-03-21 23:35:00,2025-03-27 23:35:00
EMP_012,APAC,2025-12-14 07:48:00,2025-12-21 07:48:00
EMP_007,NA,2025-01-31 01:32:00,2025-02-05 01:32:00
EMP_411,EMEA,2025-07-13 15:08:00,2025-07-17 15:08:00
EMP_354,EMEA,2025-11-21 05:10:00,2025-11-28 05:10:00
EMP_406,EMEA,2025-06-16 14:07:00,2025-06-23 14:07:00
EMP_178,LATAM,2025-07-30 22:55:00,2025-08-05 22:55:00
EMP_231,APAC,2025-04-29 14:56:00,2025-05-04 14:56:00
EMP_422,APAC,2025-11-01 02:08:00,2025-11-06 02:08:00
EMP_282,EMEA,2025-04-28 22:22:00,2025-05-04 22:22:00
EMP_116,EMEA,2025-11-26 08:10:00,2025-12-02 08:10:00
EMP_152,EMEA,2025-03-29 03:56:00,2025-04-01 03:56:00
EMP_130,EMEA,2025-11-24 13:44:00,2025-11-28 13:44:00
EMP_348,EMEA,2025-12-23 18:40:00,2025-12-28 18:40:00
EMP_043,APAC,2025-06-26 16:29:00,2025-07-01 16:29:00
EMP_310,EMEA,2025-12-06 17:15:00,2025-12-11 17:15:00
EMP_315,EMEA,2025-10-25 23:52:00,2025-10-31 23:52:00
EMP_219,APAC,2025-03-19 20:42:00,2025-03-24 20:42:00
EMP_118,NA,2025-11-19 19:06:00,2025-11-22 19:06:00
EMP_215,NA,2025-12-09 21:46:00,2025-12-13 21:46:00
EMP_449,EMEA,2025-04-10 03:27:00,2025-04-14 03:27:00
EMP_245,EMEA,2025-02-17 15:44:00,2025-02-21 15:44:00
EMP_404,LATAM,2025-01-08 20:36:00,2025-01-13 20:36:00
EMP_441,NA,2025-12-14 19:24:00,2025-12-21 19:24:00
EMP_110,LATAM,2025-03-13 02:58:00,2025-03-17 02:58:00
EMP_290,LATAM,2025-04-28 22:54:00,2025-05-03 22:54:00
EMP_386,EMEA,2025-11-10 11:29:00,2025-11-14 11:29:00
EMP_311,EMEA,2025-06-11 15:17:00,2025-06-16 15:17:00
EMP_288,LATAM,2025-03-01 18:43:00,2025-03-07 18:43:00
EMP_411,EMEA,2025-08-01 19:45:00,2025-08-06 19:45:00
EMP_061,EMEA,2025-07-30 05:39:00,2025-08-04 05:39:00
EMP_276,NA,2025-09-04 14:23:00,2025-09-08 14:23:00
EMP_193,APAC,2025-10-12 05:35:00,2025-10-19 05:35:00
EMP_102,APAC,2025-07-11 11:27:00,2025-07-15 11:27:00
EMP_062,APAC,2025-04-11 17:54:00,2025-04-14 17:54:00
EMP_281,LATAM,2025-07-13 10:52:00,2025-07-18 10:52:00
EMP_021,APAC,2025-02-11 14:28:00,2025-02-17 14:28:00
EMP_221,LATAM,2025-06-23 06:11:00,2025-06-29 06:11:00
EMP_431,LATAM,2025-06-20 02:43:00,2025-06-25 02:43:00
EMP_088,NA,2025-10-06 02:09:00,2025-10-11 02:09:00
EMP_415,APAC,2025-12-19 01:57:00,2025-12-24 01:57:00
EMP_119,EMEA,2025-03-13 02:02:00,2025-03-18 02:02:00
EMP_012,APAC,2025-07-15 20:42:00,2025-07-21 20:42:00
EMP_191,NA,2025-04-14 05:35:00,2025-04-19 05:35:00
EMP_195,LATAM,2025-12-08 00:49:00,2025-12-14 00:49:00
EMP_185,EMEA,2025-10-03 09:56:00,2025-10-10 09:56:00
EMP_246,NA,2025-04-25 02:57:00,2025-04-28 02:57:00
EMP_196,LATAM,2025-09-22 11:21:00,2025-09-25 11:21:00
EMP_446,EMEA,2025-05-15 10:56:00,2025-05-19 10:56:00
EMP_217,APAC,2025-05-02 06:43:00,2025-05-05 06:43:00
EMP_371,NA,2025-05-10 06:55:00,2025-05-15 06:55:00
EMP_434,APAC,2025-04-05 07:57:00,2025-04-12 07:57:00
EMP_126,EMEA,2025-11-27 06:43:00,2025-11-30 06:43:00
EMP_035,NA,2025-09-30 19:58:00,2025-10-07 19:58:00
EMP_086,LATAM,2025-12-28 21:21:00,2026-01-03 21:21:00
EMP_154,APAC,2025-09-29 01:32:00,2025-10-03 01:32:00
EMP_073,EMEA,2025-01-10 22:13:00,2025-01-17 22:13:00
EMP_126,EMEA,2025-04-14 23:27:00,2025-04-21 23:27:00
EMP_198,NA,2025-11-10 13:54:00,2025-11-14 13:54:00
EMP_445,NA,2025-12-14 03:08:00,2025-12-19 03:08:00
EMP_146,EMEA,2025-09-23 22:41:00,2025-09-30 22:41:00
EMP_375,LATAM,2025-07-13 12:00:00,2025-07-16 12:00:00
EMP_108,APAC,2024-12-30 09:54:00,2025-01-06 09:54:00
EMP_403,NA,2025-02-17 02:59:00,2025-02-23 02:59:00
EMP_256,LATAM,2025-10-20 16:48:00,2025-10-24 16:48:00
EMP_433,LATAM,2025-06-08 10:28:00,2025-06-13 10:28:00
EMP_154,APAC,2025-02-28 01:50:00,2025-03-05 01:50:00
EMP_171,APAC,2025-09-25 16:51:00,2025-10-02 16:51:00
EMP_437,NA,2025-03-01 08:24:00,2025-03-05 08:24:00
EMP_407,APAC,2025-04-20 14:25:00,2025-04-24 14:25:00
EMP_021,APAC,2024-12-30 03:43:00,2025-01-03 03:43:00
EMP_426,LATAM,2025-07-25 03:02:00,2025-07-30 03:02:00
EMP_353,LATAM,2025-07-25 13:57:00,2025-07-31 13:57:00
EMP_031,APAC,2025-03-26 17:16:00,2025-03-30 17:16:00
EMP_063,EMEA,2025-08-07 07:22:00,2025-08-12 07:22:00
EMP_385,APAC,2025-05-12 22:58:00,2025-05-16 22:58:00
EMP_250,NA,2025-08-31 14:47:00,2025-09-06 14:47:00
EMP_173,NA,2025-01-01 23:50:00,2025-01-05 23:50:00
EMP_276,NA,2025-11-27 08:48:00,2025-12-01 08:48:00
EMP_154,APAC,2025-01-28 04:30:00,2025-02-01 04:30:00
EMP_400,EMEA,2025-03-24 09:00:00,2025-03-29 09:00:00
EMP_083,LATAM,2025-11-05 12:44:00,2025-11-11 12:44:00
EMP_278,EMEA,2025-02-18 22:41:00,2025-02-22 22:41:00
EMP_034,LATAM,2025-07-14 15:29:00,2025-07-18 15:29:00
EMP_247,LATAM,2025-07-20 15:39:00,2025-07-25 15:39:00
EMP_033,EMEA,2025-04-28 04:15:00,2025-05-04 04:15:00
EMP_388,EMEA,2025-09-11 20:51:00,2025-09-15 20:51:00
EMP_414,LATAM,2025-10-19 01:29:00,2025-10-23 01:29:00
EMP_002,EMEA,2025-09-14 19:26:00,2025-09-18 19:26:00
EMP_162,NA,2025-12-03 11:55:00,2025-12-07 11:55:00
EMP_440,NA,2025-03-18 14:31:00,2025-03-23 14:31:00
EMP_418,NA,2025-10-02 09:39:00,2025-10-06 09:39:00
EMP_272,APAC,2025-09-20 21:36:00,2025-09-27 21:36:00
EMP_095,LATAM,2025-03-08 18:37:00,2025-03-13 18:37:00
EMP_283,APAC,2025-08-04 15:59:00,2025-08-09 15:59:00
EMP_450,EMEA,2025-11-01 23:01:00,2025-11-05 23:01:00
EMP_055,EMEA,2025-12-12 07:46:00,2025-12-16 07:46:00
EMP_042,LATAM,2025-08-31 06:10:00,2025-09-03 06:10:00
EMP_241,EMEA,2025-06-08 01:07:00,2025-06-14 01:07:00
EMP_253,APAC,2025-06-21 05:48:00,2025-06-26 05:48:00
EMP_383,LATAM,2025-07-03 04:22:00,2025-07-07 04:22:00
EMP_068,LATAM,2025-01-29 06:39:00,2025-02-04 06:39:00
EMP_295,NA,2025-01-02 01:14:00,2025-01-08 01:14:00
EMP_055,EMEA,2025-09-05 13:38:00,2025-09-10 13:38:00
EMP_228,LATAM,2025-05-26 18:19:00,2025-05-30 18:19:00
EMP_026,NA,2025-07-02 13:57:00,2025-07-05 13:57:00
EMP_105,NA,2025-10-27 00:45:00,2025-11-01 00:45:00
EMP_225,APAC,2025-04-06 04:50:00,2025-04-11 04:50:00
EMP_283,APAC,2025-04-14 08:40:00,2025-04-18 08:40:00
EMP_033,EMEA,2025-03-19 00:02:00,2025-03-23 00:02:00
EMP_291,EMEA,2025-09-05 12:35:00,2025-09-10 12:35:00
EMP_126,EMEA,2025-08-24 10:48:00,2025-08-29 10:48:00
EMP_354,EMEA,2025-02-24 12:53:00,2025-02-28 12:53:00
EMP_053,EMEA,2025-11-17 07:56:00,2025-11-22 07:56:00
EMP_301,EMEA,2025-10-23 22:12:00,2025-10-28 22:12:00
EMP_048,LATAM,2025-09-04 04:09:00,2025-09-09 04:09:00
EMP_342,NA,2025-07-19 10:28:00,2025-07-22 10:28:00
EMP_376,LATAM,2025-05-09 15:05:00,2025-05-16 15:05:00
EMP_428,APAC,2025-11-10 10:38:00,2025-11-16 10:38:00
EMP_090,EMEA,2025-11-02 02:15:00,2025-11-05 02:15:00
EMP_079,EMEA,2025-10-29 05:34:00,2025-11-03 05:34:00
EMP_134,APAC,2025-06-03 22:29:00,2025-06-10 22:29:00
EMP_047,NA,2025-03-24 23:50:00,2025-03-30 23:50:00
EMP_203,EMEA,2025-04-08 11:06:00,2025-04-12 11:06:00
EMP_424,NA,2025-05-09 20:11:00,2025-05-13 20:11:00
EMP_412,EMEA,2025-06-09 13:39:00,2025-06-15 13:39:00
EMP_017,NA,2025-01-08 09:29:00,2025-01-11 09:29:00
EMP_225,APAC,2025-09-26 13:07:00,2025-10-02 13:07:00
EMP_023,EMEA,2025-02-03 13:46:00,2025-02-09 13:46:00
EMP_326,NA,2025-09-04 15:57:00,2025-09-09 15:57:00
EMP_121,LATAM,2025-10-26 17:12:00,2025-11-01 17:12:00
EMP_321,NA,2025-12-07 01:48:00,2025-12-14 01:48:00
EMP_317,LATAM,2025-09-15 13:25:00,2025-09-20 13:25:00
EMP_411,EMEA,2025-02-03 05:09:00,2025-02-06 05:09:00
EMP_134,APAC,2025-07-07 08:26:00,2025-07-11 08:26:00
EMP_205,NA,2025-07-14 00:08:00,2025-07-20 00:08:00
EMP_317,LATAM,2025-08-02 22:08:00,2025-08-05 22:08:00
EMP_125,LATAM,2025-10-31 16:31:00,2025-11-05 16:31:00
EMP_324,NA,2025-10-09 21:39:00,2025-10-15 21:39:00
EMP_444,LATAM,2025-01-29 19:34:00,2025-02-04 19:34:00
EMP_444,LATAM,2025-01-15 22:34:00,2025-01-21 22:34:00
EMP_396,APAC,2025-06-13 11:18:00,2025-06-18 11:18:00
EMP_345,NA,2025-09-04 12:41:00,2025-09-09 12:41:00
EMP_123,EMEA,2025-05-28 00:20:00,2025-06-02 00:20:00
EMP_414,LATAM,2025-04-11 23:25:00,2025-04-18 23:25:00
EMP_311,EMEA,2025-05-24 15:06:00,2025-05-30 15:06:00
EMP_371,NA,2025-02-23 22:53:00,2025-03-02 22:53:00
EMP_399,APAC,2025-01-06 02:29:00,2025-01-09 02:29:00
EMP_310,EMEA,2025-02-19 15:17:00,2025-02-24 15:17:00
EMP_388,EMEA,2025-10-23 13:43:00,2025-10-27 13:43:00
EMP_311,EMEA,2025-04-16 16:25:00,2025-04-22 16:25:00
EMP_215,NA,2025-02-23 21:12:00,2025-02-28 21:12:00
EMP_267,EMEA,2025-10-22 13:10:00,2025-10-27 13:10:00
EMP_022,NA,2025-05-19 11:50:00,2025-05-23 11:50:00
EMP_351,APAC,2025-11-27 18:41:00,2025-11-30 18:41:00
EMP_407,APAC,2025-11-20 19:24:00,2025-11-25 19:24:00
EMP_209,NA,2025-02-02 14:00:00,2025-02-05 14:00:00
EMP_294,EMEA,2025-05-12 08:48:00,2025-05-18 08:48:00
EMP_046,EMEA,2025-08-03 05:04:00,2025-08-07 05:04:00
EMP_090,EMEA,2025-05-18 15:03:00,2025-05-23 15:03:00
EMP_286,LATAM,2025-12-09 09:52:00,2025-12-16 09:52:00
EMP_016,APAC,2025-11-17 20:19:00,2025-11-21 20:19:00
EMP_167,APAC,2025-09-20 10:56:00,2025-09-25 10:56:00
EMP_340,APAC,2025-03-26 18:47:00,2025-04-01 18:47:00
EMP_223,LATAM,2025-07-11 17:21:00,2025-07-18 17:21:00
EMP_323,LATAM,2025-02-21 00:20:00,2025-02-25 00:20:00
EMP_345,NA,2025-04-16 02:35:00,2025-04-21 02:35:00
EMP_278,EMEA,2025-04-17 11:07:00,2025-04-21 11:07:00
EMP_438,APAC,2025-01-21 10:44:00,2025-01-24 10:44:00
EMP_200,NA,2025-02-13 14:06:00,2025-02-18 14:06:00
EMP_039,NA,2025-02-28 03:19:00,2025-03-03 03:19:00
EMP_314,LATAM,2025-07-22 08:11:00,2025-07-27 08:11:00
EMP_329,NA,2025-10-26 09:06:00,2025-10-31 09:06:00
EMP_030,LATAM,2025-11-21 23:16:00,2025-11-26 23:16:00
EMP_197,NA,2025-02-02 17:31:00,2025-02-06 17:31:00
EMP_204,APAC,2025-07-09 08:44:00,2025-07-14 08:44:00
EMP_367,APAC,2025-05-03 16:47:00,2025-05-07 16:47:00
EMP_105,NA,2025-04-29 14:52:00,2025-05-05 14:52:00
EMP_423,EMEA,2025-08-18 09:11:00,2025-08-25 09:11:00
EMP_146,EMEA,2025-02-06 12:29:00,2025-02-10 12:29:00
EMP_096,APAC,2025-02-22 17:50:00,2025-02-27 17:50:00
EMP_120,APAC,2025-11-06 05:14:00,2025-11-11 05:14:00
EMP_294,EMEA,2025-11-22 10:05:00,2025-11-29 10:05:00
EMP_193,APAC,2025-04-13 14:06:00,2025-04-19 14:06:00
EMP_346,LATAM,2025-04-24 22:31:00,2025-04-28 22:31:00
EMP_402,APAC,2025-01-11 18:31:00,2025-01-16 18:31:00
EMP_260,NA,2025-07-30 12:45:00,2025-08-03 12:45:00
EMP_232,EMEA,2025-11-29 10:07:00,2025-12-03 10:07:00
EMP_259,EMEA,2025-12-28 01:39:00,2026-01-03 01:39:00
EMP_357,LATAM,2025-07-14 02:50:00,2025-07-21 02:50:00
EMP_016,APAC,2025-03-31 21:29:00,2025-04-05 21:29:00
EMP_096,APAC,2025-06-28 14:04:00,2025-07-02 14:04:00
EMP_085,NA,2025-07-07 20:33:00,2025-07-14 20:33:00
EMP_198,NA,2025-08-23 04:53:00,2025-08-29 04:53:00
EMP_115,APAC,2025-01-05 12:51:00,2025-01-08 12:51:00
EMP_085,NA,2025-02-02 03:27:00,2025-02-06 03:27:00
EMP_045,EMEA,2025-09-21 05:16:00,2025-09-27 05:16:00
EMP_104,NA,2025-03-19 01:50:00,2025-03-25 01:50:00
EMP_244,NA,2025-03-10 21:48:00,2025-03-14 21:48:00
EMP_009,EMEA,2025-07-12 12:23:00,2025-07-15 12:23:00
EMP_398,NA,2025-09-14 16:08:00,2025-09-20 16:08:00
EMP_388,EMEA,2025-12-14 01:53:00,2025-12-19 01:53:00
EMP_206,EMEA,2025-04-27 12:57:00,2025-05-04 12:57:00
EMP_144,APAC,2025-08-04 11:17:00,2025-08-10 11:17:00
EMP_404,LATAM,2025-07-28 17:44:00,2025-07-31 17:44:00
EMP_070,NA,2025-01-03 13:21:00,2025-01-09 13:21:00
EMP_038,LATAM,2025-06-20 03:45:00,2025-06-24 03:45:00
EMP_074,EMEA,2025-12-28 18:52:00,2026-01-03 18:52:00
EMP_330,APAC,2025-10-27 22:34:00,2025-11-01 22:34:00
EMP_148,EMEA,2025-06-01 07:10:00,2025-06-04 07:10:00
EMP_378,APAC,2025-04-07 09:01:00,2025-04-10 09:01:00
EMP_031,APAC,2025-09-30 15:17:00,2025-10-06 15:17:00
EMP_251,NA,2025-04-26 14:50:00,2025-05-02 14:50:00
EMP_331,EMEA,2025-12-07 08:23:00,2025-12-11 08:23:00
EMP_380,APAC,2025-10-25 23:10:00,2025-10-29 23:10:00
EMP_328,APAC,2025-08-08 18:46:00,2025-08-13 18:46:00
EMP_335,EMEA,2025-09-20 19:59:00,2025-09-26 19:59:00
EMP_378,APAC,2025-12-24 01:34:00,2025-12-29 01:34:00
EMP_226,APAC,2025-02-18 21:17:00,2025-02-25 21:17:00
EMP_369,LATAM,2025-03-21 22:18:00,2025-03-26 22:18:00
EMP_346,LATAM,2025-03-12 18:23:00,2025-03-16 18:23:00
EMP_089,NA,2025-01-26 10:06:00,2025-02-02 10:06:00
EMP_032,LATAM,2025-01-28 10:42:00,2025-02-02 10:42:00
EMP_057,NA,2025-12-01 02:50:00,2025-12-05 02:50:00
EMP_447,APAC,2025-03-09 03:14:00,2025-03-14 03:14:00
EMP_340,APAC,2025-01-16 11:57:00,2025-01-21 11:57:00
EMP_030,LATAM,2025-05-22 23:09:00,2025-05-26 23:09:00
EMP_352,APAC,2025-12-29 23:46:00,2026-01-02 23:46:00
EMP_375,LATAM,2025-04-19 12:40:00,2025-04-26 12:40:00
EMP_239,LATAM,2025-04-11 16:17:00,2025-04-14 16:17:00
EMP_067,LATAM,2025-05-11 14:05:00,2025-05-17 14:05:00
EMP_275,NA,2025-01-08 18:20:00,2025-01-12 18:20:00
EMP_077,NA,2025-07-24 09:05:00,2025-07-30 09:05:00
EMP_296,NA,2025-08-24 20:26:00,2025-08-29 20:26:00
EMP_370,LATAM,2025-10-04 01:38:00,2025-10-09 01:38:00
EMP_066,LATAM,2025-12-26 13:58:00,2025-12-30 13:58:00
EMP_073,EMEA,2025-07-18 14:02:00,2025-07-24 14:02:00
EMP_199,NA,2025-08-10 12:15:00,2025-08-14 12:15:00
EMP_381,APAC,2025-04-23 17:16:00,2025-04-29 17:16:00
EMP_143,NA,2025-02-12 21:58:00,2025-02-18 21:58:00
EMP_031,APAC,2025-03-30 19:11:00,2025-04-06 19:11:00
EMP_002,EMEA,2025-03-21 12:10:00,2025-03-24 12:10:00
EMP_238,EMEA,2025-03-02 11:36:00,2025-03-06 11:36:00
EMP_252,EMEA,2025-08-06 15:00:00,2025-08-09 15:00:00
EMP_009,EMEA,2025-11-11 19:51:00,2025-11-18 19:51:00
EMP_255,EMEA,2025-01-20 14:45:00,2025-01-25 14:45:00
EMP_202,EMEA,2025-11-14 01:47:00,2025-11-18 01:47:00
EMP_213,APAC,2025-11-05 21:15:00,2025-11-08 21:15:00
EMP_408,APAC,2025-03-24 19:37:00,2025-03-28 19:37:00
EMP_130,EMEA,2025-01-27 04:45:00,2025-02-01 04:45:00
EMP_203,EMEA,2025-12-23 20:43:00,2025-12-27 20:43:00
EMP_128,LATAM,2025-06-18 21:11:00,2025-06-23 21:11:00
EMP_414,LATAM,2025-01-09 16:12:00,2025-01-14 16:12:00
EMP_431,LATAM,2025-04-25 07:30:00,2025-04-29 07:30:00
EMP_190,LATAM,2025-11-21 15:30:00,2025-11-25 15:30:00
EMP_277,APAC,2025-05-05 15:58:00,2025-05-11 15:58:00
EMP_425,NA,2025-05-09 22:45:00,2025-05-16 22:45:00
EMP_047,NA,2025-03-01 04:34:00,2025-03-06 04:34:00
EMP_302,EMEA,2025-09-15 05:48:00,2025-09-21 05:48:00
EMP_254,LATAM,2025-06-29 16:03:00,2025-07-04 16:03:00
EMP_094,APAC,2025-07-31 05:55:00,2025-08-07 05:55:00
EMP_079,EMEA,2025-09-02 03:17:00,2025-09-07 03:17:00
EMP_184,LATAM,2025-04-28 20:54:00,2025-05-04 20:54:00
EMP_369,LATAM,2025-10-23 19:53:00,2025-10-26 19:53:00
EMP_206,EMEA,2025-08-29 01:59:00,2025-09-04 01:59:00
EMP_333,LATAM,2025-01-21 23:39:00,2025-01-28 23:39:00
EMP_291,EMEA,2025-08-14 10:43:00,2025-08-20 10:43:00
EMP_412,EMEA,2025-02-04 21:35:00,2025-02-07 21:35:00
EMP_357,LATAM,2025-10-03 19:01:00,2025-10-07 19:01:00
EMP_217,APAC,2025-02-13 01:12:00,2025-02-18 01:12:00
EMP_211,NA,2025-04-01 13:52:00,2025-04-07 13:52:00
EMP_249,LATAM,2025-01-04 14:11:00,2025-01-09 14:11:00
EMP_153,EMEA,2025-06-30 04:52:00,2025-07-07 04:52:00
EMP_449,EMEA,2025-10-03 15:00:00,2025-10-09 15:00:00
EMP_346,LATAM,2025-11-05 20:04:00,2025-11-10 20:04:00
EMP_200,NA,2025-01-20 04:56:00,2025-01-23 04:56:00
EMP_101,EMEA,2025-02-26 14:56:00,2025-03-03 14:56:00
EMP_076,NA,2025-03-20 18:15:00,2025-03-25 18:15:00
EMP_174,EMEA,2025-04-16 01:16:00,2025-04-20 01:16:00
EMP_397,LATAM,2025-10-16 22:04:00,2025-10-22 22:04:00
EMP_087,EMEA,2025-01-22 08:36:00,2025-01-28 08:36:00
EMP_366,NA,2025-05-21 12:43:00,2025-05-26 12:43:00
EMP_231,APAC,2025-03-19 00:38:00,2025-03-23 00:38:00
EMP_429,APAC,2025-12-15 01:05:00,2025-12-20 01:05:00
EMP_193,APAC,2025-06-17 08:07:00,2025-06-23 08:07:00
EMP_090,EMEA,2025-07-14 00:08:00,2025-07-20 00:08:00
EMP_084,NA,2025-06-20 11:03:00,2025-06-26 11:03:00
EMP_016,APAC,2025-10-12 08:53:00,2025-10-16 08:53:00
EMP_086,LATAM,2025-04-16 02:23:00,2025-04-20 02:23:00
EMP_195,LATAM,2025-03-23 11:01:00,2025-03-30 11:01:00
EMP_419,APAC,2025-08-03 03:44:00,2025-08-08 03:44:00
EMP_164,LATAM,2025-06-25 15:39:00,2025-07-02 15:39:00
EMP_401,NA,2025-04-09 16:08:00,2025-04-13 16:08:00
EMP_018,NA,2025-01-01 15:47:00,2025-01-06 15:47:00
EMP_170,LATAM,2025-01-13 05:34:00,2025-01-20 05:34:00
EMP_138,APAC,2025-03-07 00:17:00,2025-03-13 00:17:00
EMP_154,APAC,2025-03-04 00:25:00,2025-03-10 00:25:00
EMP_278,EMEA,2025-08-22 21:06:00,2025-08-29 21:06:00
EMP_355,APAC,2025-06-21 09:27:00,2025-06-27 09:27:00
EMP_172,EMEA,2025-08-15 21:44:00,2025-08-19 21:44:00
EMP_198,NA,2025-05-14 14:58:00,2025-05-19 14:58:00
EMP_048,LATAM,2025-10-20 07:39:00,2025-10-24 07:39:00
EMP_137,LATAM,2025-04-05 00:57:00,2025-04-12 00:57:00
EMP_400,EMEA,2025-04-01 01:19:00,2025-04-08 01:19:00
EMP_376,LATAM,2025-02-04 05:59:00,2025-02-11 05:59:00
EMP_370,LATAM,2025-07-22 21:19:00,2025-07-26 21:19:00
EMP_219,APAC,2025-02-26 21:19:00,2025-03-02 21:19:00
EMP_349,EMEA,2025-01-10 17:00:00,2025-01-15 17:00:00
EMP_110,LATAM,2025-02-20 11:58:00,2025-02-25 11:58:00
EMP_280,LATAM,2025-11-13 01:32:00,2025-11-18 01:32:00
EMP_091,EMEA,2025-08-18 12:02:00,2025-08-25 12:02:00
EMP_187,APAC,2025-10-16 03:13:00,2025-10-19 03:13:00
EMP_342,NA,2025-03-15 01:37:00,2025-03-21 01:37:00
EMP_399,APAC,2025-10-08 11:02:00,2025-10-15 11:02:00
EMP_350,NA,2025-10-10 07:24:00,2025-10-16 07:24:00
EMP_368,NA,2025-09-26 02:48:00,2025-09-30 02:48:00
EMP_350,NA,2025-05-08 23:30:00,2025-05-14 23:30:00
EMP_161,LATAM,2025-09-16 05:02:00,2025-09-20 05:02:00
EMP_041,APAC,2025-08-20 15:47:00,2025-08-25 15:47:00
EMP_428,APAC,2025-12-24 11:47:00,2025-12-30 11:47:00
EMP_179,LATAM,2025-03-31 18:59:00,2025-04-04 18:59:00
EMP_192,LATAM,2025-09-04 22:06:00,2025-09-07 22:06:00
EMP_423,EMEA,2025-02-10 19:25:00,2025-02-16 19:25:00
EMP_356,EMEA,2025-03-31 05:53:00,2025-04-06 05:53:00
EMP_172,EMEA,2025-08-25 21:49:00,2025-08-29 21:49:00
EMP_038,LATAM,2025-12-25 03:49:00,2025-12-31 03:49:00
EMP_095,LATAM,2025-07-27 03:55:00,2025-07-30 03:55:00
EMP_439,LATAM,2025-03-10 08:35:00,2025-03-13 08:35:00
EMP_330,APAC,2025-11-02 02:42:00,2025-11-08 02:42:00
EMP_125,LATAM,2025-01-09 03:41:00,2025-01-16 03:41:00
EMP_409,APAC,2025-01-06 04:02:00,2025-01-09 04:02:00
EMP_356,EMEA,2025-03-31 19:26:00,2025-04-05 19:26:00
EMP_116,EMEA,2025-01-04 10:56:00,2025-01-07 10:56:00
EMP_332,EMEA,2025-05-04 10:59:00,2025-05-10 10:59:00
EMP_223,LATAM,2025-03-17 11:45:00,2025-03-23 11:45:00
EMP_246,NA,2025-06-06 05:57:00,2025-06-12 05:57:00
EMP_444,LATAM,2025-02-06 21:35:00,2025-02-11 21:35:00
EMP_001,NA,2025-02-08 07:16:00,2025-02-12 07:16:00
EMP_070,NA,2025-04-22 05:20:00,2025-04-29 05:20:00
EMP_185,EMEA,2025-05-22 22:17:00,2025-05-26 22:17:00
EMP_019,LATAM,2025-05-31 08:34:00,2025-06-04 08:34:00
EMP_437,NA,2025-04-05 12:53:00,2025-04-08 12:53:00
EMP_125,LATAM,2025-09-28 13:26:00,2025-10-01 13:26:00
EMP_214,NA,2025-09-01 06:40:00,2025-09-04 06:40:00
EMP_313,LATAM,2025-06-12 06:57:00,2025-06-15 06:57:00
EMP_194,APAC,2025-01-29 18:22:00,2025-02-03 18:22:00
EMP_127,NA,2025-07-19 21:48:00,2025-07-22 21:48:00
EMP_411,EMEA,2025-05-27 20:06:00,2025-06-01 20:06:00
EMP_359,LATAM,2025-10-12 21:40:00,2025-10-18 21:40:00
EMP_086,LATAM,2025-11-25 07:30:00,2025-11-30 07:30:00
EMP_223,LATAM,2025-03-25 12:57:00,2025-03-30 12:57:00
EMP_403,NA,2025-10-25 05:37:00,2025-10-31 05:37:00
EMP_345,NA,2025-04-19 04:15:00,2025-04-23 04:15:00
EMP_379,LATAM,2025-10-23 18:41:00,2025-10-29 18:41:00
EMP_135,NA,2025-06-09 15:19:00,2025-06-14 15:19:00
EMP_187,APAC,2025-06-20 17:46:00,2025-06-23 17:46:00
EMP_415,APAC,2025-06-23 09:46:00,2025-06-30 09:46:00
EMP_198,NA,2025-10-04 09:18:00,2025-10-09 09:18:00
EMP_058,NA,2025-06-22 10:04:00,2025-06-27 10:04:00
EMP_417,NA,2025-07-27 04:43:00,2025-07-31 04:43:00
EMP_113,LATAM,2025-11-29 10:20:00,2025-12-02 10:20:00
EMP_086,LATAM,2025-04-12 11:10:00,2025-04-16 11:10:00
EMP_433,LATAM,2025-12-28 16:08:00,2025-12-31 16:08:00
EMP_143,NA,2025-02-13 02:34:00,2025-02-17 02:34:00
EMP_019,LATAM,2025-01-18 10:27:00,2025-01-22 10:27:00
EMP_034,LATAM,2025-08-13 03:27:00,2025-08-16 03:27:00
EMP_117,APAC,2025-03-30 20:53:00,2025-04-05 20:53:00
EMP_085,NA,2025-01-24 13:06:00,2025-01-30 13:06:00
EMP_295,NA,2025-12-17 21:41:00,2025-12-23 21:41:00
EMP_424,NA,2025-06-03 06:05:00,2025-06-08 06:05:00
EMP_045,EMEA,2025-09-11 20:50:00,2025-09-17 20:50:00
EMP_080,EMEA,2025-10-15 16:02:00,2025-10-19 16:02:00
EMP_075,NA,2025-06-01 18:52:00,2025-06-04 18:52:00
EMP_368,NA,2025-05-13 01:56:00,2025-05-18 01:56:00
EMP_421,LATAM,2025-09-01 18:49:00,2025-09-06 18:49:00
EMP_427,NA,2025-12-14 15:26:00,2025-12-17 15:26:00
EMP_054,LATAM,2025-06-21 01:53:00,2025-06-26 01:53:00
EMP_077,NA,2025-01-09 20:50:00,2025-01-15 20:50:00
EMP_340,APAC,2025-10-16 18:12:00,2025-10-20 18:12:00
EMP_410,NA,2025-05-05 21:45:00,2025-05-09 21:45:00
EMP_184,LATAM,2025-05-14 14:42:00,2025-05-17 14:42:00
EMP_342,NA,2025-01-10 20:33:00,2025-01-14 20:33:00
EMP_158,LATAM,2025-02-21 08:51:00,2025-02-28 08:51:00
EMP_290,LATAM,2025-12-10 13:39:00,2025-12-17 13:39:00
EMP_365,APAC,2025-02-04 08:47:00,2025-02-11 08:47:00
EMP_181,NA,2025-08-16 04:23:00,2025-08-22 04:23:00
EMP_238,EMEA,2025-11-16 09:39:00,2025-11-21 09:39:00
EMP_292,APAC,2025-10-02 19:43:00,2025-10-09 19:43:00
EMP_369,LATAM,2025-01-05 19:03:00,2025-01-09 19:03:00
EMP_237,EMEA,2025-10-28 02:52:00,2025-11-02 02:52:00
EMP_212,NA,2025-11-11 11:36:00,2025-11-17 11:36:00
EMP_310,EMEA,2025-12-13 08:40:00,2025-12-16 08:40:00
EMP_005,NA,2025-11-20 10:25:00,2025-11-26 10:25:00
EMP_155,EMEA,2025-09-09 05:19:00,2025-09-15 05:19:00
EMP_422,APAC,2025-01-19 22:36:00,2025-01-23 22:36:00
EMP_322,LATAM,2025-12-09 05:29:00,2025-12-13 05:29:00
EMP_199,NA,2025-06-09 03:16:00,2025-06-13 03:16:00
EMP_105,NA,2025-08-03 23:52:00,2025-08-07 23:52:00
EMP_018,NA,2025-06-30 01:39:00,2025-07-05 01:39:00
EMP_209,NA,2025-05-30 09:31:00,2025-06-06 09:31:00
EMP_017,NA,2025-08-16 11:55:00,2025-08-20 11:55:00
EMP_431,LATAM,2025-08-18 22:50:00,2025-08-22 22:50:00
EMP_230,LATAM,2025-09-02 05:33:00,2025-09-06 05:33:00
EMP_005,NA,2025-04-09 05:52:00,2025-04-13 05:52:00
EMP_105,NA,2025-01-06 06:04:00,2025-01-13 06:04:00
EMP_240,APAC,2025-11-16 02:33:00,2025-11-23 02:33:00
EMP_385,APAC,2025-08-16 12:19:00,2025-08-21 12:19:00
EMP_029,APAC,2025-02-24 23:22:00,2025-03-03 23:22:00
EMP_088,NA,2025-06-20 02:42:00,2025-06-23 02:42:00
EMP_410,NA,2025-01-11 22:21:00,2025-01-15 22:21:00
EMP_275,NA,2025-11-15 21:53:00,2025-11-19 21:53:00
EMP_127,NA,2025-12-19 12:09:00,2025-12-23 12:09:00
EMP_052,EMEA,2025-04-04 15:45:00,2025-04-10 15:45:00
EMP_263,LATAM,2025-01-29 13:22:00,2025-02-02 13:22:00
EMP_356,EMEA,2025-09-15 11:22:00,2025-09-21 11:22:00
EMP_053,EMEA,2025-05-04 17:30:00,2025-05-10 17:30:00
EMP_094,APAC,2025-04-29 02:14:00,2025-05-03 02:14:00
EMP_058,NA,2025-09-29 13:29:00,2025-10-06 13:29:00
EMP_436,NA,2025-05-20 01:41:00,2025-05-24 01:41:00
EMP_261,EMEA,2025-08-28 17:32:00,2025-08-31 17:32:00
EMP_393,NA,2025-09-10 09:31:00,2025-09-17 09:31:00
EMP_325,APAC,2025-05-31 08:05:00,2025-06-05 08:05:00
EMP_407,APAC,2025-05-04 03:38:00,2025-05-10 03:38:00
EMP_073,EMEA,2025-04-07 10:41:00,2025-04-11 10:41:00
EMP_304,LATAM,2025-07-26 03:22:00,2025-07-31 03:22:00
EMP_162,NA,2025-10-19 21:21:00,2025-10-25 21:21:00
EMP_089,NA,2025-08-04 00:29:00,2025-08-09 00:29:00
EMP_331,EMEA,2025-09-04 07:40:00,2025-09-08 07:40:00
EMP_336,APAC,2025-01-29 10:52:00,2025-02-02 10:52:00
EMP_033,EMEA,2025-03-01 22:54:00,2025-03-04 22:54:00
EMP_429,APAC,2024-12-30 16:46:00,2025-01-06 16:46:00
EMP_327,NA,2025-12-14 20:19:00,2025-12-21 20:19:00
EMP_306,APAC,2025-11-13 00:11:00,2025-11-16 00:11:00
EMP_354,EMEA,2025-02-14 13:50:00,2025-02-19 13:50:00
EMP_262,EMEA,2025-03-21 11:53:00,2025-03-26 11:53:00
EMP_295,NA,2025-03-11 07:04:00,2025-03-14 07:04:00
EMP_440,NA,2025-06-13 09:31:00,2025-06-18 09:31:00
EMP_259,EMEA,2025-08-31 19:54:00,2025-09-04 19:54:00
EMP_398,NA,2025-03-20 02:58:00,2025-03-24 02:58:00
EMP_116,EMEA,2025-04-20 22:35:00,2025-04-26 22:35:00
EMP_253,APAC,2025-10-06 19:35:00,2025-10-11 19:35:00
EMP_180,EMEA,2025-12-28 06:04:00,2026-01-03 06:04:00
EMP_295,NA,2025-03-08 14:16:00,2025-03-13 14:16:00
EMP_176,EMEA,2025-08-25 11:53:00,2025-08-31 11:53:00
EMP_378,APAC,2025-08-03 21:30:00,2025-08-08 21:30:00
EMP_208,LATAM,2025-07-18 19:56:00,2025-07-22 19:56:00
EMP_211,NA,2025-12-01 10:47:00,2025-12-06 10:47:00
EMP_340,APAC,2025-10-14 06:21:00,2025-10-17 06:21:00
EMP_184,LATAM,2025-03-17 00:04:00,2025-03-20 00:04:00
EMP_304,LATAM,2025-09-15 03:38:00,2025-09-22 03:38:00
EMP_258,NA,2025-12-15 10:01:00,2025-12-21 10:01:00
EMP_450,EMEA,2025-01-25 10:15:00,2025-01-31 10:15:00
EMP_191,NA,2025-03-29 11:24:00,2025-04-04 11:24:00
EMP_404,LATAM,2025-03-31 18:48:00,2025-04-07 18:48:00
EMP_095,LATAM,2025-05-11 15:42:00,2025-05-16 15:42:00
EMP_168,LATAM,2025-05-03 07:35:00,2025-05-07 07:35:00
EMP_251,NA,2025-02-27 14:10:00,2025-03-04 14:10:00
EMP_338,EMEA,2025-05-13 14:13:00,2025-05-18 14:13:00
EMP_088,NA,2025-09-09 03:36:00,2025-09-14 03:36:00
EMP_230,LATAM,2025-02-17 11:13:00,2025-02-22 11:13:00
EMP_118,NA,2025-09-22 14:26:00,2025-09-29 14:26:00
EMP_448,LATAM,2025-08-02 09:25:00,2025-08-09 09:25:00
EMP_019,LATAM,2025-08-30 18:03:00,2025-09-03 18:03:00
EMP_216,LATAM,2025-03-01 13:04:00,2025-03-07 13:04:00
EMP_246,NA,2025-12-11 01:02:00,2025-12-16 01:02:00
EMP_248,NA,2025-02-04 09:51:00,2025-02-09 09:51:00
EMP_159,NA,2025-06-11 11:08:00,2025-06-18 11:08:00
EMP_427,NA,2025-09-03 20:34:00,2025-09-09 20:34:00
EMP_092,NA,2025-04-13 11:07:00,2025-04-17 11:07:00
EMP_218,LATAM,2025-12-27 10:09:00,2025-12-30 10:09:00
EMP_094,APAC,2025-06-06 11:29:00,2025-06-13 11:29:00
EMP_435,APAC,2025-03-23 01:38:00,2025-03-27 01:38:00
EMP_114,EMEA,2025-09-29 02:20:00,2025-10-05 02:20:00
EMP_065,EMEA,2025-10-14 07:30:00,2025-10-17 07:30:00
EMP_125,LATAM,2025-11-05 15:14:00,2025-11-09 15:14:00
EMP_439,LATAM,2025-03-30 13:52:00,2025-04-04 13:52:00
EMP_176,EMEA,2025-12-27 07:32:00,2026-01-02 07:32:00
EMP_291,EMEA,2025-06-27 15:43:00,2025-06-30 15:43:00
EMP_448,LATAM,2025-11-08 06:19:00,2025-11-15 06:19:00
EMP_341,LATAM,2025-06-27 08:35:00,2025-07-02 08:35:00
EMP_183,APAC,2025-09-09 11:19:00,2025-09-15 11:19:00
EMP_348,EMEA,2025-01-31 00:16:00,2025-02-06 00:16:00
EMP_210,EMEA,2025-07-12 09:42:00,2025-07-16 09:42:00
EMP_343,APAC,2024-12-31 21:21:00,2025-01-05 21:21:00
EMP_407,APAC,2025-06-02 22:44:00,2025-06-08 22:44:00
EMP_292,APAC,2025-05-05 11:38:00,2025-05-11 11:38:00
EMP_070,NA,2025-12-23 12:08:00,2025-12-26 12:08:00
EMP_398,NA,2025-01-25 13:40:00,2025-01-31 13:40:00
EMP_263,LATAM,2025-06-09 23:30:00,2025-06-16 23:30:00
EMP_008,LATAM,2025-07-01 19:44:00,2025-07-04 19:44:00
EMP_434,APAC,2025-05-03 01:42:00,2025-05-10 01:42:00
EMP_237,EMEA,2025-04-07 12:57:00,2025-04-10 12:57:00
EMP_052,EMEA,2025-06-05 14:59:00,2025-06-08 14:59:00
EMP_051,LATAM,2025-04-14 04:19:00,2025-04-18 04:19:00
EMP_301,EMEA,2025-12-10 15:26:00,2025-12-15 15:26:00
EMP_254,LATAM,2025-08-04 09:29:00,2025-08-09 09:29:00
EMP_089,NA,2025-11-01 06:19:00,2025-11-04 06:19:00
EMP_051,LATAM,2025-10-04 18:53:00,2025-10-10 18:53:00
EMP_230,LATAM,2025-05-03 16:05:00,2025-05-08 16:05:00
EMP_370,LATAM,2025-04-08 16:46:00,2025-04-11 16:46:00
EMP_016,APAC,2025-02-11 15:23:00,2025-02-15 15:23:00
EMP_014,LATAM,2025-12-01 23:27:00,2025-12-07 23:27:00
EMP_088,NA,2025-04-25 16:31:00,2025-04-29 16:31:00
EMP_381,APAC,2025-12-10 03:31:00,2025-12-13 03:31:00
EMP_381,APAC,2025-10-23 17:48:00,2025-10-26 17:48:00
EMP_439,LATAM,2025-04-04 22:24:00,2025-04-08 22:24:00
EMP_074,EMEA,2025-09-05 06:29:00,2025-09-09 06:29:00
EMP_193,APAC,2025-01-15 11:01:00,2025-01-21 11:01:00
EMP_049,APAC,2025-06-11 14:01:00,2025-06-17 14:01:00
EMP_369,LATAM,2025-01-16 13:17:00,2025-01-22 13:17:00
EMP_058,NA,2025-10-05 08:33:00,2025-10-10 08:33:00
EMP_275,NA,2025-03-06 04:55:00,2025-03-12 04:55:00
EMP_202,EMEA,2025-04-02 02:28:00,2025-04-08 02:28:00
EMP_021,APAC,2025-04-23 20:21:00,2025-04-29 20:21:00
EMP_141,EMEA,2025-11-10 08:23:00,2025-11-14 08:23:00
EMP_034,LATAM,2025-05-01 05:47:00,2025-05-04 05:47:00
EMP_184,LATAM,2025-08-27 11:07:00,2025-08-30 11:07:00
EMP_002,EMEA,2025-03-06 12:32:00,2025-03-09 12:32:00
EMP_421,LATAM,2025-06-19 04:37:00,2025-06-26 04:37:00
EMP_306,APAC,2025-07-20 22:41:00,2025-07-24 22:41:00
EMP_229,LATAM,2025-02-28 01:28:00,2025-03-06 01:28:00
EMP_169,EMEA,2025-12-30 23:57:00,2026-01-03 23:57:00
EMP_326,NA,2025-07-07 03:53:00,2025-07-12 03:53:00
EMP_071,NA,2025-07-13 10:06:00,2025-07-17 10:06:00
EMP_306,APAC,2025-07-28 10:23:00,2025-08-02 10:23:00
EMP_211,NA,2025-08-13 21:08:00,2025-08-17 21:08:00
EMP_005,NA,2025-08-02 13:32:00,2025-08-07 13:32:00
EMP_059,EMEA,2025-01-23 02:07:00,2025-01-26 02:07:00
EMP_028,NA,2025-03-02 01:54:00,2025-03-06 01:54:00
EMP_016,APAC,2025-03-06 08:09:00,2025-03-12 08:09:00
EMP_136,APAC,2025-09-28 12:41:00,2025-10-04 12:41:00
EMP_084,NA,2025-08-19 10:50:00,2025-08-25 10:50:00
EMP_358,APAC,2025-10-18 09:48:00,2025-10-24 09:48:00
EMP_425,NA,2025-02-26 15:10:00,2025-03-02 15:10:00
EMP_019,LATAM,2025-10-26 13:52:00,2025-11-01 13:52:00
EMP_075,NA,2025-04-01 10:12:00,2025-04-06 10:12:00
EMP_281,LATAM,2025-04-19 22:41:00,2025-04-25 22:41:00
EMP_310,EMEA,2025-09-16 10:27:00,2025-09-19 10:27:00
EMP_393,NA,2025-03-31 02:14:00,2025-04-04 02:14:00
EMP_238,EMEA,2025-06-30 08:56:00,2025-07-05 08:56:00
EMP_178,LATAM,2025-03-12 14:36:00,2025-03-17 14:36:00
EMP_411,EMEA,2025-05-14 19:06:00,2025-05-18 19:06:00
EMP_160,EMEA,2025-11-04 15:54:00,2025-11-10 15:54:00
EMP_358,APAC,2025-05-26 19:59:00,2025-05-29 19:59:00
EMP_046,EMEA,2025-07-18 23:50:00,2025-07-22 23:50:00
EMP_370,LATAM,2025-07-06 03:21:00,2025-07-12 03:21:00
EMP_225,APAC,2025-09-05 02:37:00,2025-09-08 02:37:00
EMP_428,APAC,2025-04-21 14:19:00,2025-04-27 14:19:00
EMP_247,LATAM,2025-12-23 02:32:00,2025-12-26 02:32:00
EMP_444,LATAM,2025-12-29 10:53:00,2026-01-04 10:53:00
EMP_100,APAC,2025-04-08 06:28:00,2025-04-11 06:28:00
EMP_204,APAC,2025-12-08 19:35:00,2025-12-12 19:35:00
EMP_224,APAC,2025-03-27 05:05:00,2025-03-30 05:05:00
EMP_165,EMEA,2025-02-08 23:46:00,2025-02-14 23:46:00
EMP_417,NA,2025-07-06 21:21:00,2025-07-10 21:21:00
EMP_024,LATAM,2025-04-16 07:18:00,2025-04-23 07:18:00
EMP_119,EMEA,2025-08-28 07:04:00,2025-08-31 07:04:00
EMP_167,APAC,2025-01-11 10:25:00,2025-01-17 10:25:00
EMP_169,EMEA,2025-03-11 17:04:00,2025-03-15 17:04:00
EMP_019,LATAM,2025-09-16 18:18:00,2025-09-21 18:18:00
EMP_076,NA,2025-11-23 07:29:00,2025-11-30 07:29:00
EMP_220,NA,2025-06-30 12:48:00,2025-07-05 12:48:00
EMP_074,EMEA,2025-12-14 05:45:00,2025-12-20 05:45:00
EMP_244,NA,2025-10-31 01:32:00,2025-11-06 01:32:00
EMP_303,EMEA,2025-06-18 05:10:00,2025-06-23 05:10:00
EMP_296,NA,2025-10-30 11:10:00,2025-11-06 11:10:00
EMP_082,APAC,2025-11-12 17:29:00,2025-11-17 17:29:00
EMP_441,NA,2025-10-20 01:10:00,2025-10-23 01:10:00
EMP_362,APAC,2025-05-08 04:56:00,2025-05-11 04:56:00
EMP_217,APAC,2025-04-28 16:46:00,2025-05-02 16:46:00
EMP_296,NA,2025-06-18 10:32:00,2025-06-24 10:32:00
EMP_297,NA,2025-01-05 17:25:00,2025-01-11 17:25:00
EMP_292,APAC,2025-01-09 03:10:00,2025-01-15 03:10:00
EMP_254,LATAM,2025-02-25 09:13:00,2025-03-03 09:13:00
EMP_238,EMEA,2025-01-14 01:45:00,2025-01-20 01:45:00
EMP_296,NA,2025-06-11 00:31:00,2025-06-18 00:31:00
EMP_066,LATAM,2025-12-02 10:20:00,2025-12-06 10:20:00
EMP_136,APAC,2025-09-28 01:44:00,2025-10-04 01:44:00
EMP_305,APAC,2025-02-01 19:54:00,2025-02-07 19:54:00
EMP_300,LATAM,2025-06-12 23:08:00,2025-06-16 23:08:00
EMP_106,EMEA,2025-05-06 04:52:00,2025-05-09 04:52:00
EMP_437,NA,2025-02-11 05:43:00,2025-02-17 05:43:00
EMP_408,APAC,2025-01-23 07:32:00,2025-01-28 07:32:00
EMP_320,APAC,2025-05-20 00:07:00,2025-05-25 00:07:00
EMP_178,LATAM,2025-06-15 20:07:00,2025-06-21 20:07:00
EMP_161,LATAM,2025-04-06 12:01:00,2025-04-13 12:01:00
EMP_305,APAC,2025-07-13 07:09:00,2025-07-17 07:09:00
EMP_301,EMEA,2025-04-06 10:32:00,2025-04-09 10:32:00
EMP_247,LATAM,2025-09-27 03:45:00,2025-10-03 03:45:00
EMP_243,APAC,2025-08-19 22:13:00,2025-08-23 22:13:00
EMP_098,NA,2025-05-01 00:49:00,2025-05-06 00:49:00
EMP_139,NA,2025-06-01 19:59:00,2025-06-06 19:59:00
EMP_249,LATAM,2025-12-01 16:28:00,2025-12-06 16:28:00
EMP_355,APAC,2025-07-02 00:12:00,2025-07-07 00:12:00
EMP_303,EMEA,2025-05-10 07:32:00,2025-05-17 07:32:00
EMP_425,NA,2025-05-23 09:05:00,2025-05-29 09:05:00
EMP_222,LATAM,2025-07-18 04:52:00,2025-07-23 04:52:00
EMP_364,APAC,2025-12-13 22:36:00,2025-12-18 22:36:00
EMP_204,APAC,2025-12-17 04:01:00,2025-12-22 04:01:00
EMP_378,APAC,2025-09-28 18:42:00,2025-10-02 18:42:00
EMP_094,APAC,2025-09-11 03:02:00,2025-09-18 03:02:00
EMP_283,APAC,2025-10-26 10:03:00,2025-10-29 10:03:00
EMP_436,NA,2025-05-03 10:42:00,2025-05-08 10:42:00
EMP_135,NA,2025-09-06 12:57:00,2025-09-09 12:57:00
EMP_245,EMEA,2025-07-26 13:26:00,2025-07-29 13:26:00
EMP_126,EMEA,2025-09-25 23:04:00,2025-10-02 23:04:00
EMP_196,LATAM,2025-01-04 05:10:00,2025-01-10 05:10:00
EMP_144,APAC,2025-10-18 10:35:00,2025-10-24 10:35:00
EMP_112,APAC,2025-09-14 18:23:00,2025-09-20 18:23:00
EMP_439,LATAM,2025-06-11 08:00:00,2025-06-17 08:00:00
EMP_071,NA,2025-05-24 16:07:00,2025-05-28 16:07:00
EMP_245,EMEA,2025-11-01 23:56:00,2025-11-06 23:56:00
EMP_310,EMEA,2025-07-30 20:37:00,2025-08-03 20:37:00
EMP_262,EMEA,2025-11-16 09:40:00,2025-11-21 09:40:00
EMP_089,NA,2025-08-05 07:01:00,2025-08-10 07:01:00
EMP_040,APAC,2025-12-26 07:54:00,2026-01-01 07:54:00
EMP_376,LATAM,2025-07-12 20:32:00,2025-07-17 20:32:00
EMP_247,LATAM,2025-07-13 02:11:00,2025-07-18 02:11:00
EMP_165,EMEA,2025-01-11 15:40:00,2025-01-16 15:40:00
EMP_345,NA,2025-11-06 04:19:00,2025-11-10 04:19:00
EMP_203,EMEA,2025-09-29 04:41:00,2025-10-06 04:41:00
EMP_348,EMEA,2025-10-09 07:32:00,2025-10-14 07:32:00
EMP_338,EMEA,2025-08-04 05:18:00,2025-08-07 05:18:00
EMP_296,NA,2025-03-20 02:19:00,2025-03-27 02:19:00
EMP_011,LATAM,2025-07-29 05:05:00,2025-08-02 05:05:00
EMP_173,NA,2025-01-25 13:58:00,2025-01-30 13:58:00
EMP_331,EMEA,2025-11-15 10:06:00,2025-11-19 10:06:00
EMP_281,LATAM,2025-04-07 18:28:00,2025-04-13 18:28:00
EMP_105,NA,2025-08-09 20:40:00,2025-08-14 20:40:00
EMP_409,APAC,2025-08-22 22:46:00,2025-08-25 22:46:00
EMP_356,EMEA,2025-11-26 14:53:00,2025-11-30 14:53:00
EMP_209,NA,2025-10-11 12:55:00,2025-10-17 12:55:00
EMP_215,NA,2025-08-22 02:21:00,2025-08-26 02:21:00
EMP_081,APAC,2025-01-21 23:54:00,2025-01-25 23:54:00
EMP_288,LATAM,2025-07-21 09:17:00,2025-07-27 09:17:00
EMP_329,NA,2025-07-16 09:27:00,2025-07-19 09:27:00
EMP_103,NA,2025-11-22 18:47:00,2025-11-28 18:47:00
EMP_323,LATAM,2025-08-05 05:56:00,2025-08-08 05:56:00
EMP_432,NA,2025-08-24 13:36:00,2025-08-29 13:36:00
EMP_440,NA,2025-03-21 05:30:00,2025-03-24 05:30:00
EMP_431,LATAM,2025-01-12 04:36:00,2025-01-18 04:36:00
EMP_268,EMEA,2025-12-17 20:10:00,2025-12-22 20:10:00
EMP_128,LATAM,2025-01-05 12:29:00,2025-01-09 12:29:00
EMP_068,LATAM,2025-07-31 19:48:00,2025-08-04 19:48:00
EMP_181,NA,2025-09-15 09:37:00,2025-09-21 09:37:00
EMP_146,EMEA,2025-02-21 15:49:00,2025-02-26 15:49:00
EMP_310,EMEA,2025-10-08 18:28:00,2025-10-11 18:28:00
EMP_233,APAC,2025-10-23 05:29:00,2025-10-28 05:29:00
EMP_302,EMEA,2025-06-28 13:12:00,2025-07-05 13:12:00
EMP_007,NA,2025-08-07 06:14:00,2025-08-10 06:14:00
EMP_049,APAC,2025-08-26 09:12:00,2025-08-30 09:12:00
EMP_112,APAC,2025-08-05 19:57:00,2025-08-11 19:57:00
EMP_078,EMEA,2025-12-07 07:11:00,2025-12-13 07:11:00
EMP_169,EMEA,2025-04-20 04:42:00,2025-04-23 04:42:00
EMP_287,NA,2025-10-17 18:22:00,2025-10-24 18:22:00
EMP_274,LATAM,2025-04-04 21:46:00,2025-04-09 21:46:00
EMP_388,EMEA,2025-07-29 10:45:00,2025-08-05 10:45:00
EMP_132,APAC,2025-03-28 18:10:00,2025-04-01 18:10:00
EMP_254,LATAM,2025-05-22 01:12:00,2025-05-26 01:12:00
EMP_116,EMEA,2025-11-01 03:19:00,2025-11-06 03:19:00
EMP_265,LATAM,2025-12-18 15:23:00,2025-12-23 15:23:00
EMP_444,LATAM,2025-04-03 16:41:00,2025-04-09 16:41:00
EMP_212,NA,2025-08-22 00:02:00,2025-08-27 00:02:00
EMP_046,EMEA,2025-12-16 22:39:00,2025-12-20 22:39:00
EMP_343,APAC,2025-09-23 07:51:00,2025-09-29 07:51:00
EMP_421,LATAM,2025-12-10 06:41:00,2025-12-13 06:41:00
EMP_061,EMEA,2025-07-20 04:32:00,2025-07-24 04:32:00
EMP_042,LATAM,2025-01-17 13:45:00,2025-01-20 13:45:00
EMP_351,APAC,2025-07-21 22:39:00,2025-07-25 22:39:00
EMP_201,EMEA,2025-08-21 06:02:00,2025-08-27 06:02:00
EMP_444,LATAM,2025-05-28 08:19:00,2025-06-01 08:19:00
EMP_154,APAC,2025-07-09 23:34:00,2025-07-16 23:34:00
EMP_277,APAC,2025-07-24 10:53:00,2025-07-30 10:53:00
EMP_194,APAC,2025-03-13 00:10:00,2025-03-17 00:10:00
EMP_233,APAC,2025-04-24 17:32:00,2025-04-28 17:32:00
EMP_328,APAC,2025-05-22 05:20:00,2025-05-29 05:20:00
EMP_068,LATAM,2025-10-22 16:37:00,2025-10-26 16:37:00
EMP_187,APAC,2025-06-18 00:03:00,2025-06-23 00:03:00
EMP_417,NA,2025-11-21 12:47:00,2025-11-25 12:47:00
EMP_304,LATAM,2025-03-27 02:50:00,2025-03-30 02:50:00
EMP_074,EMEA,2025-09-21 15:58:00,2025-09-26 15:58:00
EMP_323,LATAM,2025-04-08 19:20:00,2025-04-14 19:20:00
EMP_416,EMEA,2025-11-01 20:00:00,2025-11-07 20:00:00
EMP_188,LATAM,2025-09-22 21:44:00,2025-09-25 21:44:00
EMP_035,NA,2025-11-17 06:51:00,2025-11-22 06:51:00
EMP_284,NA,2025-06-19 03:49:00,2025-06-25 03:49:00
EMP_192,LATAM,2025-12-06 07:15:00,2025-12-13 07:15:00
EMP_126,EMEA,2025-01-03 08:29:00,2025-01-10 08:29:00
EMP_251,NA,2025-06-25 03:25:00,2025-07-01 03:25:00
EMP_109,NA,2025-04-07 00:54:00,2025-04-11 00:54:00
EMP_225,APAC,2025-12-09 17:13:00,2025-12-14 17:13:00
EMP_049,APAC,2025-07-02 00:52:00,2025-07-06 00:52:00
EMP_151,APAC,2025-04-10 16:58:00,2025-04-14 16:58:00
EMP_420,APAC,2025-08-20 19:19:00,2025-08-25 19:19:00
EMP_224,APAC,2025-02-19 13:33:00,2025-02-25 13:33:00
EMP_404,LATAM,2025-07-26 01:18:00,2025-08-01 01:18:00
EMP_321,NA,2025-04-18 15:00:00,2025-04-23 15:00:00
EMP_015,APAC,2025-11-18 13:06:00,2025-11-22 13:06:00
EMP_087,EMEA,2025-08-09 12:54:00,2025-08-15 12:54:00
EMP_406,EMEA,2025-08-03 15:23:00,2025-08-07 15:23:00
EMP_432,NA,2025-11-08 21:33:00,2025-11-14 21:33:00
EMP_331,EMEA,2025-05-31 02:11:00,2025-06-06 02:11:00
EMP_111,NA,2025-04-01 21:15:00,2025-04-08 21:15:00
EMP_052,EMEA,2025-04-05 05:14:00,2025-04-08 05:14:00
EMP_117,APAC,2025-07-02 02:53:00,2025-07-08 02:53:00
EMP_224,APAC,2025-04-27 22:43:00,2025-05-04 22:43:00
EMP_154,APAC,2025-05-04 16:50:00,2025-05-11 16:50:00
EMP_197,NA,2025-02-24 02:17:00,2025-03-03 02:17:00
EMP_291,EMEA,2025-10-07 16:10:00,2025-10-12 16:10:00
EMP_104,NA,2025-10-14 14:37:00,2025-10-18 14:37:00
EMP_068,LATAM,2025-01-04 09:28:00,2025-01-11 09:28:00
EMP_152,EMEA,2025-01-02 14:18:00,2025-01-09 14:18:00
EMP_126,EMEA,2025-10-23 05:58:00,2025-10-29 05:58:00
EMP_032,LATAM,2025-05-06 05:39:00,2025-05-09 05:39:00
EMP_312,LATAM,2025-07-21 10:00:00,2025-07-27 10:00:00
EMP_285,APAC,2025-07-13 16:19:00,2025-07-17 16:19:00
EMP_153,EMEA,2025-08-18 09:29:00,2025-08-25 09:29:00
EMP_072,LATAM,2025-11-09 17:10:00,2025-11-15 17:10:00
EMP_076,NA,2025-02-01 06:06:00,2025-02-06 06:06:00
EMP_021,APAC,2025-06-13 13:21:00,2025-06-19 13:21:00
EMP_357,LATAM,2025-07-20 07:22:00,2025-07-24 07:22:00
EMP_367,APAC,2025-07-21 20:29:00,2025-07-27 20:29:00
EMP_265,LATAM,2025-06-01 18:17:00,2025-06-07 18:17:00
EMP_113,LATAM,2025-12-10 23:30:00,2025-12-14 23:30:00
EMP_447,APAC,2025-11-21 05:44:00,2025-11-27 05:44:00
EMP_361,LATAM,2025-07-06 22:55:00,2025-07-12 22:55:00
EMP_432,NA,2025-11-24 10:50:00,2025-11-28 10:50:00
EMP_441,NA,2025-04-23 06:30:00,2025-04-27 06:30:00
EMP_304,LATAM,2025-10-17 15:37:00,2025-10-22 15:37:00
EMP_080,EMEA,2025-10-08 18:43:00,2025-10-14 18:43:00
EMP_448,LATAM,2025-03-27 05:34:00,2025-04-02 05:34:00
EMP_199,NA,2025-06-16 04:27:00,2025-06-22 04:27:00
EMP_312,LATAM,2025-11-26 16:20:00,2025-12-02 16:20:00
EMP_442,LATAM,2025-06-12 01:09:00,2025-06-16 01:09:00
EMP_379,LATAM,2025-03-13 22:54:00,2025-03-19 22:54:00
EMP_158,LATAM,2025-12-17 23:58:00,2025-12-22 23:58:00
EMP_436,NA,2025-02-03 20:10:00,2025-02-07 20:10:00
EMP_276,NA,2025-02-06 21:52:00,2025-02-12 21:52:00
EMP_153,EMEA,2025-01-15 18:20:00,2025-01-20 18:20:00
EMP_188,LATAM,2025-11-25 20:51:00,2025-11-28 20:51:00
EMP_364,APAC,2025-01-26 11:39:00,2025-02-01 11:39:00
EMP_329,NA,2025-04-29 04:28:00,2025-05-05 04:28:00
EMP_438,APAC,2025-09-27 11:59:00,2025-10-02 11:59:00
EMP_200,NA,2025-05-07 15:48:00,2025-05-13 15:48:00
EMP_083,LATAM,2025-04-30 13:48:00,2025-05-05 13:48:00
EMP_104,NA,2025-01-19 21:04:00,2025-01-23 21:04:00
EMP_295,NA,2025-10-06 23:06:00,2025-10-12 23:06:00
EMP_223,LATAM,2025-02-24 18:26:00,2025-03-01 18:26:00
EMP_143,NA,2025-05-06 15:03:00,2025-05-10 15:03:00
EMP_184,LATAM,2025-01-11 18:09:00,2025-01-16 18:09:00
EMP_316,APAC,2025-04-28 13:40:00,2025-05-02 13:40:00
EMP_223,LATAM,2025-08-11 16:10:00,2025-08-17 16:10:00
EMP_127,NA,2025-12-21 12:39:00,2025-12-28 12:39:00
EMP_193,APAC,2025-07-10 07:09:00,2025-07-14 07:09:00
EMP_440,NA,2025-08-22 11:24:00,2025-08-28 11:24:00
EMP_247,LATAM,2025-04-11 10:35:00,2025-04-18 10:35:00
EMP_387,EMEA,2025-06-23 15:16:00,2025-06-29 15:16:00
EMP_150,EMEA,2025-05-23 03:49:00,2025-05-30 03:49:00
EMP_110,LATAM,2025-02-14 06:13:00,2025-02-20 06:13:00
EMP_034,LATAM,2025-06-30 04:02:00,2025-07-05 04:02:00
EMP_324,NA,2025-03-16 15:31:00,2025-03-22 15:31:00
EMP_209,NA,2025-01-01 16:11:00,2025-01-05 16:11:00
EMP_095,LATAM,2025-05-21 04:01:00,2025-05-27 04:01:00
EMP_332,EMEA,2025-09-01 00:56:00,2025-09-05 00:56:00
EMP_148,EMEA,2025-03-10 14:19:00,2025-03-16 14:19:00
EMP_210,EMEA,2025-12-14 19:35:00,2025-12-20 19:35:00
EMP_379,LATAM,2025-04-12 03:49:00,2025-04-19 03:49:00
EMP_095,LATAM,2025-05-08 05:35:00,2025-05-11 05:35:00
EMP_340,APAC,2025-02-01 18:08:00,2025-02-07 18:08:00
EMP_099,APAC,2025-06-13 21:31:00,2025-06-17 21:31:00
EMP_408,APAC,2025-06-04 07:45:00,2025-06-10 07:45:00
EMP_091,EMEA,2025-12-09 15:00:00,2025-12-14 15:00:00
EMP_288,LATAM,2025-10-23 21:27:00,2025-10-28 21:27:00
EMP_257,LATAM,2025-11-08 12:13:00,2025-11-14 12:13:00
EMP_345,NA,2025-12-30 03:45:00,2026-01-05 03:45:00
EMP_046,EMEA,2025-01-21 06:46:00,2025-01-27 06:46:00
EMP_067,LATAM,2025-10-03 08:56:00,2025-10-06 08:56:00
EMP_294,EMEA,2025-05-30 11:10:00,2025-06-06 11:10:00
EMP_166,NA,2025-07-20 09:53:00,2025-07-26 09:53:00
EMP_385,APAC,2025-10-21 05:55:00,2025-10-26 05:55:00
EMP_384,NA,2025-08-05 20:55:00,2025-08-09 20:55:00
EMP_342,NA,2025-03-19 23:32:00,2025-03-25 23:32:00
EMP_291,EMEA,2025-12-01 01:57:00,2025-12-07 01:57:00
EMP_350,NA,2025-06-12 06:06:00,2025-06-15 06:06:00
EMP_054,LATAM,2025-10-10 17:16:00,2025-10-13 17:16:00
EMP_375,LATAM,2025-01-23 16:13:00,2025-01-29 16:13:00
EMP_046,EMEA,2025-02-14 04:51:00,2025-02-17 04:51:00
EMP_054,LATAM,2025-10-18 14:29:00,2025-10-21 14:29:00
EMP_025,EMEA,2025-08-13 20:44:00,2025-08-20 20:44:00
EMP_127,NA,2025-07-31 14:41:00,2025-08-05 14:41:00
EMP_080,EMEA,2025-02-11 15:04:00,2025-02-15 15:04:00
EMP_166,NA,2025-12-15 22:15:00,2025-12-19 22:15:00
EMP_449,EMEA,2025-04-08 11:20:00,2025-04-12 11:20:00
EMP_156,EMEA,2025-12-03 19:46:00,2025-12-08 19:46:00
EMP_048,LATAM,2025-03-26 19:42:00,2025-04-01 19:42:00
EMP_070,NA,2025-12-17 20:37:00,2025-12-23 20:37:00
EMP_337,LATAM,2025-10-02 22:38:00,2025-10-05 22:38:00
EMP_179,LATAM,2025-07-25 18:32:00,2025-07-30 18:32:00
EMP_112,APAC,2025-08-28 09:19:00,2025-09-02 09:19:00
EMP_039,NA,2025-01-01 11:14:00,2025-01-07 11:14:00
EMP_260,NA,2025-06-08 20:36:00,2025-06-15 20:36:00
EMP_244,NA,2025-01-15 10:10:00,2025-01-19 10:10:00
EMP_430,APAC,2025-06-10 00:09:00,2025-06-15 00:09:00
EMP_399,APAC,2025-03-14 17:11:00,2025-03-21 17:11:00
EMP_099,APAC,2025-03-22 01:28:00,2025-03-26 01:28:00
EMP_242,APAC,2025-08-24 22:13:00,2025-08-28 22:13:00
EMP_001,NA,2025-07-16 17:36:00,2025-07-23 17:36:00
EMP_310,EMEA,2025-03-25 08:08:00,2025-03-28 08:08:00
EMP_127,NA,2025-09-08 16:46:00,2025-09-13 16:46:00
EMP_085,NA,2025-04-04 13:47:00,2025-04-11 13:47:00
EMP_269,EMEA,2025-06-23 22:55:00,2025-06-26 22:55:00
EMP_013,NA,2025-08-05 12:39:00,2025-08-10 12:39:00
EMP_012,APAC,2025-10-07 17:33:00,2025-10-11 17:33:00
EMP_238,EMEA,2025-03-24 00:54:00,2025-03-30 00:54:00
EMP_236,APAC,2025-06-23 04:39:00,2025-06-30 04:39:00
EMP_154,APAC,2025-02-11 15:52:00,2025-02-16 15:52:00
EMP_346,LATAM,2025-05-14 02:52:00,2025-05-18 02:52:00
EMP_155,EMEA,2025-01-03 11:19:00,2025-01-08 11:19:00
EMP_189,EMEA,2025-11-25 06:23:00,2025-11-29 06:23:00
EMP_269,EMEA,2025-10-08 17:07:00,2025-10-14 17:07:00
EMP_227,EMEA,2025-04-25 00:03:00,2025-04-29 00:03:00
EMP_425,NA,2025-04-04 09:46:00,2025-04-09 09:46:00
EMP_062,APAC,2025-09-17 13:10:00,2025-09-22 13:10:00
EMP_065,EMEA,2025-09-15 11:13:00,2025-09-19 11:13:00
EMP_004,NA,2025-05-14 16:10:00,2025-05-17 16:10:00
EMP_296,NA,2025-06-23 07:06:00,2025-06-29 07:06:00
EMP_331,EMEA,2025-01-14 18:51:00,2025-01-19 18:51:00
EMP_359,LATAM,2025-12-23 10:19:00,2025-12-27 10:19:00
EMP_373,EMEA,2025-06-06 03:45:00,2025-06-13 03:45:00
EMP_388,EMEA,2025-09-12 20:38:00,2025-09-19 20:38:00
EMP_030,LATAM,2025-09-06 22:20:00,2025-09-10 22:20:00
EMP_409,APAC,2025-02-12 14:22:00,2025-02-18 14:22:00
EMP_245,EMEA,2025-11-16 16:59:00,2025-11-23 16:59:00
EMP_105,NA,2025-08-31 03:47:00,2025-09-04 03:47:00
EMP_255,EMEA,2025-03-01 00:18:00,2025-03-06 00:18:00
EMP_012,APAC,2025-01-28 03:47:00,2025-02-02 03:47:00
EMP_292,APAC,2025-04-17 03:16:00,2025-04-24 03:16:00
EMP_269,EMEA,2025-04-10 13:15:00,2025-04-14 13:15:00
EMP_447,APAC,2025-09-24 13:15:00,2025-09-30 13:15:00
EMP_177,EMEA,2025-06-08 15:23:00,2025-06-15 15:23:00
EMP_363,APAC,2025-09-24 16:25:00,2025-09-29 16:25:00
EMP_274,LATAM,2025-08-31 01:37:00,2025-09-06 01:37:00
EMP_365,APAC,2025-12-24 09:38:00,2025-12-30 09:38:00
EMP_444,LATAM,2025-04-09 20:09:00,2025-04-16 20:09:00
EMP_445,NA,2025-09-27 08:01:00,2025-10-02 08:01:00
EMP_118,NA,2025-04-07 13:01:00,2025-04-11 13:01:00
EMP_099,APAC,2025-11-18 19:49:00,2025-11-24 19:49:00
EMP_393,NA,2025-11-20 05:36:00,2025-11-24 05:36:00
EMP_435,APAC,2025-11-06 10:48:00,2025-11-10 10:48:00
EMP_258,NA,2025-07-14 11:00:00,2025-07-18 11:00:00
EMP_346,LATAM,2025-10-03 10:54:00,2025-10-10 10:54:00
EMP_223,LATAM,2025-04-05 21:45:00,2025-04-09 21:45:00
EMP_059,EMEA,2025-05-16 17:59:00,2025-05-20 17:59:00
EMP_192,LATAM,2025-02-04 08:23:00,2025-02-10 08:23:00
EMP_198,NA,2025-09-04 12:42:00,2025-09-07 12:42:00
EMP_080,EMEA,2025-12-02 20:20:00,2025-12-08 20:20:00
EMP_218,LATAM,2025-11-02 13:53:00,2025-11-09 13:53:00
EMP_127,NA,2025-09-22 14:23:00,2025-09-27 14:23:00
EMP_287,NA,2025-01-30 12:58:00,2025-02-06 12:58:00
EMP_003,NA,2025-05-26 09:05:00,2025-05-31 09:05:00
EMP_081,APAC,2025-12-01 10:29:00,2025-12-06 10:29:00
EMP_131,EMEA,2025-08-18 13:57:00,2025-08-22 13:57:00
EMP_279,APAC,2025-12-05 03:26:00,2025-12-10 03:26:00
EMP_241,EMEA,2025-11-26 23:05:00,2025-12-01 23:05:00
EMP_388,EMEA,2025-11-06 01:44:00,2025-11-13 01:44:00
EMP_209,NA,2025-08-03 12:53:00,2025-08-07 12:53:00
EMP_148,EMEA,2025-07-11 16:56:00,2025-07-16 16:56:00
EMP_083,LATAM,2025-07-23 00:25:00,2025-07-28 00:25:00
EMP_356,EMEA,2025-05-11 17:54:00,2025-05-16 17:54:00
EMP_216,LATAM,2025-02-05 11:00:00,2025-02-08 11:00:00
EMP_016,APAC,2025-01-23 19:24:00,2025-01-28 19:24:00
EMP_443,APAC,2025-05-28 01:03:00,2025-06-02 01:03:00
EMP_348,EMEA,2025-06-23 19:26:00,2025-06-29 19:26:00
EMP_149,NA,2025-01-01 21:40:00,2025-01-04 21:40:00
EMP_280,LATAM,2025-10-10 19:22:00,2025-10-14 19:22:00
EMP_206,EMEA,2025-05-26 18:15:00,2025-06-02 18:15:00
EMP_026,NA,2025-07-10 03:43:00,2025-07-14 03:43:00
EMP_394,APAC,2025-11-29 12:06:00,2025-12-02 12:06:00
EMP_425,NA,2025-03-05 06:45:00,2025-03-09 06:45:00
EMP_383,LATAM,2025-08-11 14:06:00,2025-08-18 14:06:00
EMP_376,LATAM,2025-09-15 05:10:00,2025-09-22 05:10:00
EMP_246,NA,2025-10-16 21:47:00,2025-10-22 21:47:00
EMP_279,APAC,2025-09-16 08:22:00,2025-09-21 08:22:00
EMP_236,APAC,2025-10-18 09:02:00,2025-10-25 09:02:00
EMP_230,LATAM,2025-10-15 03:30:00,2025-10-20 03:30:00
EMP_246,NA,2025-12-03 11:53:00,2025-12-10 11:53:00
EMP_163,NA,2025-01-20 08:30:00,2025-01-24 08:30:00
EMP_274,LATAM,2025-11-16 10:02:00,2025-11-23 10:02:00
EMP_026,NA,2025-06-18 14:28:00,2025-06-21 14:28:00
EMP_033,EMEA,2025-10-12 00:38:00,2025-10-18 00:38:00
EMP_339,APAC,2025-09-07 22:50:00,2025-09-13 22:50:00
EMP_310,EMEA,2025-06-02 12:21:00,2025-06-05 12:21:00
EMP_401,NA,2025-12-27 23:28:00,2026-01-01 23:28:00
EMP_198,NA,2025-11-03 08:45:00,2025-11-09 08:45:00
EMP_130,EMEA,2025-09-28 09:00:00,2025-10-03 09:00:00
EMP_269,EMEA,2025-12-07 23:18:00,2025-12-12 23:18:00
EMP_085,NA,2025-01-05 23:08:00,2025-01-09 23:08:00
EMP_117,APAC,2025-12-21 19:45:00,2025-12-25 19:45:00
EMP_124,APAC,2025-01-19 19:25:00,2025-01-23 19:25:00
EMP_182,LATAM,2025-01-26 23:59:00,2025-01-30 23:59:00
EMP_396,APAC,2025-06-17 07:56:00,2025-06-22 07:56:00
EMP_041,APAC,2025-03-13 05:35:00,2025-03-17 05:35:00
EMP_413,LATAM,2025-09-06 10:53:00,2025-09-11 10:53:00
EMP_133,APAC,2025-11-09 03:04:00,2025-11-13 03:04:00
EMP_353,LATAM,2025-11-26 09:57:00,2025-11-29 09:57:00
EMP_213,APAC,2025-11-26 18:40:00,2025-11-30 18:40:00
EMP_432,NA,2025-04-11 05:37:00,2025-04-18 05:37:00
EMP_043,APAC,2025-11-10 04:47:00,2025-11-15 04:47:00
EMP_160,EMEA,2025-09-01 08:48:00,2025-09-05 08:48:00
EMP_347,EMEA,2025-03-13 18:53:00,2025-03-16 18:53:00
EMP_158,LATAM,2025-09-07 14:34:00,2025-09-11 14:34:00
EMP_188,LATAM,2025-02-02 15:22:00,2025-02-05 15:22:00
EMP_127,NA,2025-07-03 22:35:00,2025-07-10 22:35:00
EMP_194,APAC,2025-12-04 17:41:00,2025-12-10 17:41:00
EMP_332,EMEA,2025-08-04 20:06:00,2025-08-09 20:06:00
EMP_408,APAC,2025-03-01 13:43:00,2025-03-08 13:43:00
EMP_200,NA,2025-09-04 09:14:00,2025-09-07 09:14:00
EMP_432,NA,2025-11-06 04:40:00,2025-11-11 04:40:00
EMP_420,APAC,2025-04-23 07:39:00,2025-04-29 07:39:00
EMP_192,LATAM,2025-05-23 02:01:00,2025-05-26 02:01:00
EMP_415,APAC,2025-05-08 07:27:00,2025-05-13 07:27:00
EMP_232,EMEA,2025-10-15 19:06:00,2025-10-20 19:06:00
EMP_023,EMEA,2025-02-23 23:45:00,2025-02-26 23:45:00
EMP_447,APAC,2025-08-15 08:04:00,2025-08-19 08:04:00
EMP_371,NA,2025-10-26 08:03:00,2025-10-29 08:03:00
EMP_333,LATAM,2025-12-13 17:06:00,2025-12-19 17:06:00
EMP_095,LATAM,2025-02-02 14:55:00,2025-02-07 14:55:00
EMP_358,APAC,2025-03-12 14:47:00,2025-03-16 14:47:00
EMP_191,NA,2025-02-26 22:18:00,2025-03-04 22:18:00
EMP_279,APAC,2025-06-08 07:05:00,2025-06-14 07:05:00
EMP_383,LATAM,2025-07-27 14:52:00,2025-08-01 14:52:00
EMP_342,NA,2025-10-03 06:37:00,2025-10-10 06:37:00
EMP_373,EMEA,2025-06-08 01:01:00,2025-06-11 01:01:00
EMP_351,APAC,2025-08-04 03:15:00,2025-08-09 03:15:00
EMP_042,LATAM,2025-11-23 21:22:00,2025-11-30 21:22:00
EMP_064,LATAM,2025-05-19 05:34:00,2025-05-26 05:34:00
EMP_445,NA,2025-04-07 04:10:00,2025-04-14 04:10:00
EMP_005,NA,2025-11-10 01:25:00,2025-11-17 01:25:00
EMP_442,LATAM,2025-06-26 03:10:00,2025-06-30 03:10:00
EMP_201,EMEA,2025-05-01 09:06:00,2025-05-07 09:06:00
EMP_097,NA,2025-05-05 01:23:00,2025-05-11 01:23:00
EMP_062,APAC,2025-06-24 06:36:00,2025-06-30 06:36:00
EMP_297,NA,2025-01-26 16:10:00,2025-01-30 16:10:00
EMP_310,EMEA,2025-04-21 05:34:00,2025-04-25 05:34:00
EMP_225,APAC,2025-07-17 07:17:00,2025-07-22 07:17:00
EMP_055,EMEA,2025-05-12 16:07:00,2025-05-18 16:07:00
EMP_163,NA,2025-06-19 05:09:00,2025-06-23 05:09:00
EMP_404,LATAM,2025-12-04 11:12:00,2025-12-08 11:12:00
EMP_035,NA,2025-05-29 03:31:00,2025-06-05 03:31:00
EMP_015,APAC,2025-12-14 05:29:00,2025-12-19 05:29:00
EMP_334,EMEA,2025-05-04 23:48:00,2025-05-07 23:48:00
EMP_211,NA,2025-06-26 20:45:00,2025-06-30 20:45:00
EMP_080,EMEA,2025-01-21 10:34:00,2025-01-25 10:34:00
EMP_180,EMEA,2025-03-06 03:55:00,2025-03-13 03:55:00
EMP_198,NA,2025-02-23 09:49:00,2025-03-02 09:49:00
EMP_308,LATAM,2025-05-05 04:05:00,2025-05-09 04:05:00
EMP_292,APAC,2025-07-01 01:54:00,2025-07-04 01:54:00
EMP_194,APAC,2025-11-05 05:07:00,2025-11-09 05:07:00
EMP_122,EMEA,2025-07-05 09:35:00,2025-07-12 09:35:00
EMP_314,LATAM,2025-07-03 05:59:00,2025-07-09 05:59:00
EMP_090,EMEA,2025-07-26 00:07:00,2025-07-31 00:07:00
EMP_105,NA,2025-09-03 14:22:00,2025-09-09 14:22:00
EMP_246,NA,2025-01-05 00:17:00,2025-01-11 00:17:00
EMP_411,EMEA,2025-05-25 15:52:00,2025-05-31 15:52:00
EMP_070,NA,2025-11-26 13:27:00,2025-12-03 13:27:00
EMP_043,APAC,2025-02-26 19:58:00,2025-03-05 19:58:00
EMP_373,EMEA,2025-11-02 13:34:00,2025-11-08 13:34:00
EMP_289,APAC,2025-05-10 13:59:00,2025-05-17 13:59:00
EMP_295,NA,2025-08-26 14:22:00,2025-08-31 14:22:00
EMP_064,LATAM,2025-08-06 22:27:00,2025-08-11 22:27:00
EMP_323,LATAM,2025-10-25 11:30:00,2025-10-29 11:30:00
EMP_344,LATAM,2025-10-07 14:41:00,2025-10-10 14:41:00
EMP_369,LATAM,2025-03-02 14:08:00,2025-03-08 14:08:00
EMP_044,NA,2025-05-30 17:59:00,2025-06-04 17:59:00
EMP_076,NA,2025-02-05 13:52:00,2025-02-11 13:52:00
EMP_383,LATAM,2025-06-27 02:47:00,2025-07-01 02:47:00
EMP_046,EMEA,2025-12-13 04:17:00,2025-12-19 04:17:00
EMP_237,EMEA,2025-11-06 15:58:00,2025-11-11 15:58:00
EMP_351,APAC,2025-07-26 21:08:00,2025-07-31 21:08:00
EMP_301,EMEA,2025-09-13 21:04:00,2025-09-17 21:04:00
EMP_334,EMEA,2025-05-31 10:22:00,2025-06-05 10:22:00
EMP_126,EMEA,2025-09-06 00:07:00,2025-09-12 00:07:00
EMP_221,LATAM,2025-01-23 05:20:00,2025-01-26 05:20:00
EMP_036,EMEA,2025-02-11 15:21:00,2025-02-18 15:21:00
EMP_427,NA,2025-08-15 21:48:00,2025-08-20 21:48:00
EMP_380,APAC,2025-09-27 12:16:00,2025-10-01 12:16:00
EMP_360,EMEA,2025-06-18 10:12:00,2025-06-24 10:12:00
EMP_217,APAC,2025-07-26 02:14:00,2025-07-31 02:14:00
EMP_029,APAC,2025-09-14 04:16:00,2025-09-21 04:16:00
EMP_231,APAC,2025-06-25 09:50:00,2025-06-30 09:50:00
EMP_424,NA,2025-04-02 08:29:00,2025-04-08 08:29:00
EMP_053,EMEA,2025-01-11 03:37:00,2025-01-16 03:37:00
EMP_430,APAC,2025-09-16 05:07:00,2025-09-23 05:07:00
EMP_155,EMEA,2025-03-09 13:11:00,2025-03-13 13:11:00
EMP_259,EMEA,2025-05-15 19:45:00,2025-05-20 19:45:00
EMP_327,NA,2025-05-01 04:17:00,2025-05-07 04:17:00
EMP_362,APAC,2025-02-24 07:46:00,2025-03-02 07:46:00
EMP_111,NA,2025-05-29 15:58:00,2025-06-01 15:58:00
EMP_375,LATAM,2025-02-08 09:42:00,2025-02-13 09:42:00
EMP_160,EMEA,2025-04-24 07:31:00,2025-04-27 07:31:00
EMP_431,LATAM,2025-03-14 23:40:00,2025-03-20 23:40:00
EMP_099,APAC,2025-08-01 22:51:00,2025-08-05 22:51:00
EMP_101,EMEA,2025-06-29 15:36:00,2025-07-05 15:36:00
EMP_101,EMEA,2025-02-08 07:15:00,2025-02-11 07:15:00
EMP_344,LATAM,2025-03-12 16:16:00,2025-03-18 16:16:00
EMP_175,NA,2025-04-21 04:38:00,2025-04-24 04:38:00
EMP_012,APAC,2025-10-31 08:41:00,2025-11-04 08:41:00
EMP_082,APAC,2025-07-01 02:05:00,2025-07-07 02:05:00
EMP_423,EMEA,2025-03-31 17:03:00,2025-04-06 17:03:00
EMP_327,NA,2025-10-18 19:21:00,2025-10-23 19:21:00
EMP_294,EMEA,2025-03-03 21:04:00,2025-03-07 21:04:00
EMP_316,APAC,2025-12-24 05:50:00,2025-12-28 05:50:00
EMP_075,NA,2025-09-11 14:32:00,2025-09-16 14:32:00
EMP_353,LATAM,2025-07-07 00:34:00,2025-07-13 00:34:00
EMP_357,LATAM,2025-06-22 01:19:00,2025-06-28 01:19:00
EMP_332,EMEA,2025-04-03 04:33:00,2025-04-07 04:33:00
EMP_285,APAC,2025-10-04 07:15:00,2025-10-11 07:15:00
EMP_041,APAC,2025-01-11 05:33:00,2025-01-16 05:33:00
EMP_439,LATAM,2025-08-21 22:45:00,2025-08-27 22:45:00
EMP_158,LATAM,2025-11-16 18:17:00,2025-11-22 18:17:00
EMP_243,APAC,2025-06-05 14:19:00,2025-06-11 14:19:00
EMP_368,NA,2024-12-31 04:08:00,2025-01-05 04:08:00
EMP_142,APAC,2025-03-03 08:11:00,2025-03-08 08:11:00
EMP_122,EMEA,2025-01-05 18:41:00,2025-01-08 18:41:00
EMP_429,APAC,2025-01-27 09:47:00,2025-01-31 09:47:00
EMP_144,APAC,2025-04-15 06:46:00,2025-04-20 06:46:00
EMP_224,APAC,2025-02-04 21:50:00,2025-02-08 21:50:00
EMP_154,APAC,2025-01-02 15:31:00,2025-01-07 15:31:00
EMP_140,APAC,2025-10-30 12:36:00,2025-11-05 12:36:00
EMP_383,LATAM,2025-10-19 09:11:00,2025-10-24 09:11:00
EMP_210,EMEA,2025-11-19 15:16:00,2025-11-22 15:16:00
EMP_183,APAC,2025-08-20 17:34:00,2025-08-27 17:34:00
EMP_214,NA,2025-07-07 04:42:00,2025-07-13 04:42:00
EMP_384,NA,2025-10-14 22:32:00,2025-10-20 22:32:00
EMP_426,LATAM,2025-09-07 01:14:00,2025-09-13 01:14:00
EMP_174,EMEA,2025-05-30 00:15:00,2025-06-03 00:15:00
EMP_156,EMEA,2025-07-09 17:55:00,2025-07-16 17:55:00
EMP_337,LATAM,2025-12-24 17:19:00,2025-12-28 17:19:00
EMP_239,LATAM,2025-03-31 00:20:00,2025-04-06 00:20:00
EMP_237,EMEA,2025-11-26 05:09:00,2025-12-01 05:09:00
EMP_131,EMEA,2025-03-15 15:07:00,2025-03-21 15:07:00
EMP_318,NA,2025-08-15 16:50:00,2025-08-21 16:50:00
EMP_322,LATAM,2025-03-26 14:28:00,2025-03-31 14:28:00
EMP_414,LATAM,2025-11-18 17:44:00,2025-11-25 17:44:00
EMP_191,NA,2025-10-20 00:50:00,2025-10-26 00:50:00
EMP_052,EMEA,2025-01-14 01:12:00,2025-01-17 01:12:00
EMP_024,LATAM,2025-12-22 02:45:00,2025-12-27 02:45:00
EMP_399,APAC,2025-03-03 04:01:00,2025-03-07 04:01:00
EMP_314,LATAM,2025-01-04 07:36:00,2025-01-10 07:36:00
EMP_222,LATAM,2025-10-21 01:11:00,2025-10-28 01:11:00
EMP_101,EMEA,2025-01-08 00:18:00,2025-01-13 00:18:00
EMP_436,NA,2025-09-05 13:12:00,2025-09-11 13:12:00
EMP_363,APAC,2025-02-18 17:47:00,2025-02-21 17:47:00
EMP_415,APAC,2025-04-01 22:28:00,2025-04-04 22:28:00
EMP_413,LATAM,2025-10-01 23:13:00,2025-10-06 23:13:00
EMP_191,NA,2025-06-04 09:22:00,2025-06-10 09:22:00
EMP_147,LATAM,2025-02-23 15:22:00,2025-02-27 15:22:00
EMP_263,LATAM,2025-08-07 02:45:00,2025-08-12 02:45:00
EMP_196,LATAM,2025-04-06 23:56:00,2025-04-11 23:56:00
EMP_031,APAC,2025-03-11 22:59:00,2025-03-17 22:59:00
EMP_006,LATAM,2025-05-21 10:16:00,2025-05-27 10:16:00
EMP_240,APAC,2025-12-16 15:22:00,2025-12-23 15:22:00
EMP_074,EMEA,2025-09-27 17:43:00,2025-10-01 17:43:00
EMP_326,NA,2025-10-29 22:45:00,2025-11-03 22:45:00
EMP_337,LATAM,2025-08-06 07:27:00,2025-08-09 07:27:00
EMP_290,LATAM,2025-12-19 06:57:00,2025-12-23 06:57:00
EMP_362,APAC,2025-11-23 03:18:00,2025-11-27 03:18:00
EMP_237,EMEA,2025-07-20 21:40:00,2025-07-23 21:40:00
EMP_400,EMEA,2025-09-05 06:09:00,2025-09-09 06:09:00
EMP_264,APAC,2025-01-06 14:52:00,2025-01-11 14:52:00
EMP_186,LATAM,2025-11-21 16:27:00,2025-11-27 16:27:00
EMP_396,APAC,2025-09-08 08:07:00,2025-09-13 08:07:00
EMP_025,EMEA,2025-03-04 09:22:00,2025-03-10 09:22:00
EMP_294,EMEA,2025-08-07 23:25:00,2025-08-11 23:25:00
EMP_287,NA,2025-07-06 12:02:00,2025-07-13 12:02:00
EMP_238,EMEA,2025-11-13 04:22:00,2025-11-18 04:22:00
EMP_167,APAC,2025-11-26 08:30:00,2025-12-01 08:30:00
EMP_023,EMEA,2025-06-13 18:24:00,2025-06-20 18:24:00
EMP_359,LATAM,2025-11-14 12:23:00,2025-11-21 12:23:00
EMP_263,LATAM,2025-11-27 23:43:00,2025-12-02 23:43:00
EMP_380,APAC,2025-10-30 13:11:00,2025-11-05 13:11:00
EMP_210,EMEA,2025-12-11 20:57:00,2025-12-18 20:57:00
EMP_074,EMEA,2025-09-30 23:25:00,2025-10-06 23:25:00
EMP_036,EMEA,2025-03-02 04:27:00,2025-03-06 04:27:00
EMP_067,LATAM,2025-11-01 10:17:00,2025-11-07 10:17:00
EMP_404,LATAM,2025-10-18 02:21:00,2025-10-23 02:21:00
EMP_336,APAC,2025-04-04 00:54:00,2025-04-10 00:54:00
EMP_125,LATAM,2025-12-16 06:26:00,2025-12-22 06:26:00
EMP_400,EMEA,2025-09-05 01:09:00,2025-09-10 01:09:00
EMP_187,APAC,2025-08-29 11:58:00,2025-09-05 11:58:00
EMP_370,LATAM,2025-04-04 16:59:00,2025-04-10 16:59:00
EMP_290,LATAM,2025-12-18 11:08:00,2025-12-23 11:08:00
EMP_409,APAC,2025-10-23 14:24:00,2025-10-29 14:24:00
EMP_121,LATAM,2025-05-21 18:35:00,2025-05-26 18:35:00
EMP_041,APAC,2025-01-30 02:14:00,2025-02-03 02:14:00
EMP_011,LATAM,2025-04-16 03:27:00,2025-04-22 03:27:00
EMP_318,NA,2025-04-09 02:47:00,2025-04-16 02:47:00
EMP_333,LATAM,2025-01-12 00:56:00,2025-01-18 00:56:00
EMP_142,APAC,2025-05-03 09:07:00,2025-05-07 09:07:00
EMP_260,NA,2025-12-25 06:59:00,2025-12-31 06:59:00
EMP_229,LATAM,2025-04-21 19:06:00,2025-04-26 19:06:00
EMP_318,NA,2025-12-01 04:23:00,2025-12-07 04:23:00
EMP_255,EMEA,2025-12-16 23:48:00,2025-12-20 23:48:00
EMP_293,LATAM,2025-04-05 04:04:00,2025-04-10 04:04:00
EMP_065,EMEA,2025-06-21 12:09:00,2025-06-25 12:09:00
EMP_040,APAC,2025-11-08 15:32:00,2025-11-11 15:32:00
EMP_154,APAC,2025-12-06 14:25:00,2025-12-11 14:25:00
EMP_355,APAC,2025-02-19 00:54:00,2025-02-26 00:54:00
EMP_326,NA,2025-08-09 14:47:00,2025-08-16 14:47:00
EMP_115,APAC,2025-01-31 07:39:00,2025-02-05 07:39:00
EMP_356,EMEA,2025-04-10 19:04:00,2025-04-13 19:04:00
EMP_052,EMEA,2025-08-29 19:39:00,2025-09-04 19:39:00
EMP_216,LATAM,2025-01-09 06:47:00,2025-01-13 06:47:00
EMP_230,LATAM,2025-08-10 22:47:00,2025-08-15 22:47:00
EMP_404,LATAM,2025-12-13 02:20:00,2025-12-17 02:20:00
EMP_086,LATAM,2025-11-10 01:05:00,2025-11-16 01:05:00
EMP_167,APAC,2025-01-07 17:12:00,2025-01-10 17:12:00
EMP_232,EMEA,2025-12-21 23:58:00,2025-12-26 23:58:00
EMP_091,EMEA,2025-06-30 00:19:00,2025-07-03 00:19:00
EMP_142,APAC,2025-08-19 15:03:00,2025-08-24 15:03:00
EMP_172,EMEA,2025-11-28 12:56:00,2025-12-02 12:56:00
EMP_433,LATAM,2025-05-09 03:14:00,2025-05-13 03:14:00
EMP_325,APAC,2025-09-29 13:30:00,2025-10-03 13:30:00
EMP_205,NA,2025-02-03 02:19:00,2025-02-07 02:19:00
EMP_028,NA,2025-07-12 06:11:00,2025-07-18 06:11:00
EMP_202,EMEA,2025-08-10 11:50:00,2025-08-15 11:50:00
EMP_417,NA,2025-09-28 01:44:00,2025-10-04 01:44:00
EMP_184,LATAM,2025-12-27 07:19:00,2025-12-31 07:19:00
EMP_382,NA,2025-10-24 22:18:00,2025-10-31 22:18:00
EMP_122,EMEA,2025-08-18 01:29:00,2025-08-24 01:29:00
EMP_149,NA,2025-04-21 00:35:00,2025-04-27 00:35:00
EMP_056,APAC,2025-01-31 03:15:00,2025-02-04 03:15:00
EMP_435,APAC,2025-02-05 10:46:00,2025-02-09 10:46:00
EMP_080,EMEA,2025-12-21 13:13:00,2025-12-26 13:13:00
EMP_230,LATAM,2025-04-21 09:14:00,2025-04-27 09:14:00
EMP_267,EMEA,2025-09-26 07:41:00,2025-10-01 07:41:00
EMP_211,NA,2025-12-01 00:26:00,2025-12-05 00:26:00
EMP_231,APAC,2025-09-28 07:12:00,2025-10-01 07:12:00
EMP_421,LATAM,2025-10-19 20:26:00,2025-10-22 20:26:00
EMP_220,NA,2025-08-28 05:28:00,2025-09-04 05:28:00
EMP_407,APAC,2025-06-24 04:27:00,2025-07-01 04:27:00
EMP_345,NA,2025-04-21 22:05:00,2025-04-25 22:05:00
EMP_206,EMEA,2025-11-28 16:27:00,2025-12-02 16:27:00
EMP_201,EMEA,2025-06-04 05:37:00,2025-06-09 05:37:00
EMP_041,APAC,2025-07-29 22:27:00,2025-08-03 22:27:00
EMP_212,NA,2025-10-08 03:48:00,2025-10-12 03:48:00
EMP_268,EMEA,2025-09-30 22:54:00,2025-10-06 22:54:00
EMP_324,NA,2025-10-21 08:15:00,2025-10-24 08:15:00
EMP_436,NA,2025-05-09 20:21:00,2025-05-15 20:21:00
EMP_156,EMEA,2025-08-07 14:06:00,2025-08-12 14:06:00
EMP_129,LATAM,2025-10-12 02:11:00,2025-10-17 02:11:00
EMP_022,NA,2025-06-13 19:59:00,2025-06-17 19:59:00
EMP_343,APAC,2025-10-23 15:40:00,2025-10-30 15:40:00
EMP_149,NA,2025-02-14 03:49:00,2025-02-18 03:49:00
EMP_176,EMEA,2025-03-03 13:37:00,2025-03-09 13:37:00
EMP_270,APAC,2025-06-02 20:51:00,2025-06-08 20:51:00
EMP_243,APAC,2025-03-31 03:02:00,2025-04-06 03:02:00
EMP_014,LATAM,2025-06-10 00:11:00,2025-06-14 00:11:00
EMP_310,EMEA,2025-06-15 05:46:00,2025-06-21 05:46:00
EMP_180,EMEA,2025-06-18 04:57:00,2025-06-23 04:57:00
EMP_045,EMEA,2025-01-25 08:44:00,2025-01-31 08:44:00
EMP_152,EMEA,2025-10-22 08:54:00,2025-10-26 08:54:00
EMP_199,NA,2025-07-28 04:00:00,2025-08-04 04:00:00
EMP_415,APAC,2025-05-27 02:00:00,2025-05-30 02:00:00
EMP_427,NA,2025-02-06 22:00:00,2025-02-09 22:00:00
EMP_230,LATAM,2025-07-21 09:24:00,2025-07-28 09:24:00
EMP_420,APAC,2025-06-02 17:31:00,2025-06-05 17:31:00
EMP_054,LATAM,2025-11-26 21:44:00,2025-12-01 21:44:00
EMP_260,NA,2025-12-25 16:10:00,2026-01-01 16:10:00
EMP_440,NA,2025-08-26 23:38:00,2025-09-02 23:38:00
EMP_312,LATAM,2025-03-31 05:41:00,2025-04-04 05:41:00
EMP_420,APAC,2025-11-21 02:55:00,2025-11-27 02:55:00
EMP_249,LATAM,2025-01-03 13:40:00,2025-01-09 13:40:00
EMP_004,NA,2025-02-03 21:17:00,2025-02-06 21:17:00
EMP_379,LATAM,2025-04-10 21:28:00,2025-04-14 21:28:00
EMP_101,EMEA,2025-06-06 18:43:00,2025-06-10 18:43:00
EMP_253,APAC,2025-12-04 11:30:00,2025-12-10 11:30:00
EMP_372,APAC,2025-11-01 02:23:00,2025-11-05 02:23:00
EMP_450,EMEA,2025-04-11 17:35:00,2025-04-17 17:35:00
EMP_421,LATAM,2025-07-28 07:09:00,2025-07-31 07:09:00
EMP_008,LATAM,2025-06-26 13:01:00,2025-06-30 13:01:00
EMP_433,LATAM,2025-04-29 10:51:00,2025-05-05 10:51:00
EMP_260,NA,2025-03-23 06:13:00,2025-03-27 06:13:00
EMP_395,EMEA,2025-10-10 00:15:00,2025-10-14 00:15:00
EMP_183,APAC,2025-03-11 08:07:00,2025-03-18 08:07:00
EMP_121,LATAM,2025-12-05 18:13:00,2025-12-12 18:13:00
EMP_372,APAC,2025-01-15 08:59:00,2025-01-19 08:59:00
EMP_275,NA,2025-01-03 21:19:00,2025-01-10 21:19:00
EMP_391,EMEA,2025-09-08 03:16:00,2025-09-14 03:16:00
EMP_350,NA,2025-03-03 03:23:00,2025-03-09 03:23:00
EMP_234,APAC,2025-01-07 15:05:00,2025-01-14 15:05:00
EMP_262,EMEA,2025-12-05 13:50:00,2025-12-11 13:50:00
EMP_350,NA,2025-05-27 14:50:00,2025-06-02 14:50:00
EMP_077,NA,2025-05-13 21:44:00,2025-05-19 21:44:00
EMP_187,APAC,2025-02-26 19:27:00,2025-03-03 19:27:00
EMP_066,LATAM,2025-11-08 14:06:00,2025-11-12 14:06:00
EMP_079,EMEA,2025-06-17 03:30:00,2025-06-22 03:30:00
EMP_128,LATAM,2025-05-29 06:04:00,2025-06-02 06:04:00
EMP_010,APAC,2025-10-09 15:36:00,2025-10-13 15:36:00
EMP_283,APAC,2025-01-20 00:03:00,2025-01-26 00:03:00
EMP_209,NA,2025-08-05 23:03:00,2025-08-08 23:03:00
EMP_061,EMEA,2025-09-17 04:07:00,2025-09-24 04:07:00
EMP_051,LATAM,2025-05-21 02:21:00,2025-05-27 02:21:00
EMP_082,APAC,2025-06-27 01:41:00,2025-07-02 01:41:00
EMP_326,NA,2025-08-09 11:35:00,2025-08-14 11:35:00
EMP_255,EMEA,2025-10-21 14:45:00,2025-10-26 14:45:00
EMP_024,LATAM,2025-03-18 13:20:00,2025-03-23 13:20:00
EMP_164,LATAM,2025-11-13 01:12:00,2025-11-19 01:12:00
EMP_021,APAC,2025-06-09 23:06:00,2025-06-13 23:06:00
EMP_435,APAC,2025-08-13 08:52:00,2025-08-18 08:52:00
EMP_306,APAC,2025-05-10 20:01:00,2025-05-17 20:01:00
EMP_307,LATAM,2025-03-05 06:30:00,2025-03-08 06:30:00
EMP_093,APAC,2025-03-24 16:14:00,2025-03-28 16:14:00
EMP_380,APAC,2025-03-26 01:47:00,2025-04-01 01:47:00
EMP_401,NA,2025-06-08 10:29:00,2025-06-13 10:29:00
EMP_203,EMEA,2025-06-24 17:42:00,2025-06-29 17:42:00
EMP_353,LATAM,2025-10-11 17:12:00,2025-10-16 17:12:00
EMP_270,APAC,2025-08-12 07:40:00,2025-08-17 07:40:00
EMP_030,LATAM,2025-11-17 11:28:00,2025-11-21 11:28:00
EMP_199,NA,2025-04-23 02:55:00,2025-04-29 02:55:00
EMP_007,NA,2025-06-20 01:34:00,2025-06-25 01:34:00
EMP_284,NA,2025-08-30 12:07:00,2025-09-05 12:07:00
EMP_162,NA,2025-05-21 09:47:00,2025-05-25 09:47:00
EMP_146,EMEA,2025-11-24 00:53:00,2025-11-28 00:53:00
EMP_072,LATAM,2025-04-03 04:14:00,2025-04-08 04:14:00
EMP_218,LATAM,2025-08-27 02:36:00,2025-09-02 02:36:00
EMP_393,NA,2025-04-26 14:15:00,2025-04-30 14:15:00
EMP_079,EMEA,2025-05-02 23:02:00,2025-05-07 23:02:00
EMP_286,LATAM,2025-09-12 19:53:00,2025-09-18 19:53:00
EMP_407,APAC,2025-06-06 13:38:00,2025-06-09 13:38:00
EMP_135,NA,2025-10-26 07:47:00,2025-11-01 07:47:00
EMP_290,LATAM,2025-10-01 13:04:00,2025-10-05 13:04:00
EMP_352,APAC,2025-05-12 19:27:00,2025-05-18 19:27:00
EMP_089,NA,2025-01-28 03:51:00,2025-02-02 03:51:00
EMP_307,LATAM,2025-12-12 08:07:00,2025-12-16 08:07:00
EMP_352,APAC,2025-06-22 01:35:00,2025-06-28 01:35:00
EMP_401,NA,2025-04-16 19:52:00,2025-04-19 19:52:00
EMP_246,NA,2025-03-02 22:10:00,2025-03-05 22:10:00
EMP_287,NA,2025-03-31 16:40:00,2025-04-06 16:40:00
EMP_094,APAC,2025-11-25 14:44:00,2025-12-02 14:44:00
EMP_100,APAC,2025-04-19 18:07:00,2025-04-25 18:07:00
EMP_007,NA,2025-10-29 14:50:00,2025-11-05 14:50:00
EMP_186,LATAM,2025-11-30 17:07:00,2025-12-07 17:07:00
EMP_223,LATAM,2025-03-03 22:08:00,2025-03-08 22:08:00
EMP_062,APAC,2025-11-13 14:41:00,2025-11-17 14:41:00
EMP_331,EMEA,2025-11-03 22:13:00,2025-11-07 22:13:00
EMP_407,APAC,2025-05-25 13:21:00,2025-05-31 13:21:00
EMP_326,NA,2025-02-15 16:17:00,2025-02-18 16:17:00
EMP_090,EMEA,2025-07-09 03:40:00,2025-07-15 03:40:00
EMP_043,APAC,2025-10-17 11:26:00,2025-10-22 11:26:00
EMP_188,LATAM,2025-05-04 04:34:00,2025-05-07 04:34:00
EMP_242,APAC,2025-07-25 16:47:00,2025-07-31 16:47:00
EMP_027,APAC,2025-12-06 12:03:00,2025-12-10 12:03:00
EMP_017,NA,2025-02-27 15:27:00,2025-03-05 15:27:00
EMP_346,LATAM,2025-08-30 00:55:00,2025-09-05 00:55:00
EMP_197,NA,2025-07-05 19:23:00,2025-07-11 19:23:00
EMP_058,NA,2025-09-10 07:05:00,2025-09-14 07:05:00
EMP_381,APAC,2025-10-01 07:43:00,2025-10-07 07:43:00
EMP_264,APAC,2025-02-11 11:04:00,2025-02-16 11:04:00
EMP_290,LATAM,2025-11-14 00:24:00,2025-11-19 00:24:00
EMP_050,NA,2025-03-24 21:02:00,2025-03-28 21:02:00
EMP_420,APAC,2025-04-29 20:05:00,2025-05-03 20:05:00
EMP_257,LATAM,2025-06-01 15:48:00,2025-06-06 15:48:00
EMP_355,APAC,2025-01-05 01:17:00,2025-01-11 01:17:00
EMP_340,APAC,2025-04-06 18:17:00,2025-04-11 18:17:00
EMP_368,NA,2025-04-11 14:30:00,2025-04-17 14:30:00
EMP_350,NA,2025-12-11 11:26:00,2025-12-17 11:26:00
EMP_232,EMEA,2025-08-02 17:56:00,2025-08-06 17:56:00
EMP_128,LATAM,2025-01-18 19:37:00,2025-01-24 19:37:00
EMP_209,NA,2025-03-26 12:40:00,2025-03-31 12:40:00
EMP_362,APAC,2025-04-05 08:20:00,2025-04-09 08:20:00
EMP_053,EMEA,2025-10-01 19:26:00,2025-10-07 19:26:00
EMP_124,APAC,2025-06-29 15:26:00,2025-07-05 15:26:00
EMP_035,NA,2025-10-27 08:39:00,2025-11-03 08:39:00
EMP_097,NA,2025-02-14 14:29:00,2025-02-17 14:29:00
EMP_167,APAC,2025-08-03 20:52:00,2025-08-08 20:52:00
EMP_072,LATAM,2025-02-24 08:39:00,2025-03-01 08:39:00
EMP_023,EMEA,2025-06-25 14:40:00,2025-07-01 14:40:00
EMP_047,NA,2025-05-02 00:47:00,2025-05-08 00:47:00
EMP_096,APAC,2025-12-09 02:47:00,2025-12-13 02:47:00
EMP_341,LATAM,2025-06-13 16:49:00,2025-06-19 16:49:00
EMP_089,NA,2025-05-20 10:47:00,2025-05-23 10:47:00
EMP_131,EMEA,2025-08-27 17:30:00,2025-09-01 17:30:00
EMP_382,NA,2025-04-01 03:51:00,2025-04-05 03:51:00
EMP_151,APAC,2025-03-16 22:05:00,2025-03-21 22:05:00
EMP_446,EMEA,2025-11-30 03:11:00,2025-12-07 03:11:00
EMP_383,LATAM,2025-06-15 05:12:00,2025-06-19 05:12:00
EMP_354,EMEA,2025-11-13 17:25:00,2025-11-18 17:25:00
EMP_250,NA,2025-10-27 10:21:00,2025-10-31 10:21:00
EMP_368,NA,2025-02-03 08:51:00,2025-02-06 08:51:00
EMP_124,APAC,2025-12-29 05:08:00,2026-01-02 05:08:00
EMP_165,EMEA,2025-02-23 02:53:00,2025-02-28 02:53:00
EMP_262,EMEA,2025-11-30 13:11:00,2025-12-07 13:11:00
EMP_176,EMEA,2025-08-24 01:58:00,2025-08-30 01:58:00
EMP_449,EMEA,2025-07-27 10:08:00,2025-08-01 10:08:00
EMP_068,LATAM,2025-09-24 05:19:00,2025-09-27 05:19:00
EMP_202,EMEA,2025-08-16 03:55:00,2025-08-19 03:55:00
EMP_031,APAC,2025-05-27 22:03:00,2025-06-02 22:03:00
EMP_238,EMEA,2025-05-27 10:36:00,2025-05-31 10:36:00
EMP_422,APAC,2025-09-20 20:58:00,2025-09-24 20:58:00
EMP_396,APAC,2025-11-13 20:31:00,2025-11-18 20:31:00
EMP_047,NA,2025-05-08 04:18:00,2025-05-13 04:18:00
EMP_312,LATAM,2025-07-03 03:24:00,2025-07-07 03:24:00
EMP_045,EMEA,2025-03-04 07:44:00,2025-03-09 07:44:00
EMP_280,LATAM,2025-10-28 22:18:00,2025-11-02 22:18:00
EMP_060,NA,2025-03-25 19:56:00,2025-03-29 19:56:00
EMP_258,NA,2025-02-28 20:43:00,2025-03-04 20:43:00
EMP_415,APAC,2025-09-19 11:33:00,2025-09-22 11:33:00
EMP_263,LATAM,2025-04-21 04:44:00,2025-04-26 04:44:00
EMP_049,APAC,2025-11-17 01:12:00,2025-11-24 01:12:00
EMP_028,NA,2025-08-06 17:44:00,2025-08-09 17:44:00
EMP_078,EMEA,2025-06-13 15:16:00,2025-06-16 15:16:00
EMP_202,EMEA,2025-01-19 00:05:00,2025-01-22 00:05:00
EMP_434,APAC,2025-01-22 13:21:00,2025-01-25 13:21:00
EMP_441,NA,2025-04-09 16:56:00,2025-04-12 16:56:00
EMP_287,NA,2025-11-01 10:59:00,2025-11-06 10:59:00
EMP_431,LATAM,2025-12-23 21:50:00,2025-12-28 21:50:00
EMP_446,EMEA,2025-03-21 23:17:00,2025-03-25 23:17:00
EMP_017,NA,2025-07-05 22:34:00,2025-07-11 22:34:00
EMP_263,LATAM,2025-08-06 20:15:00,2025-08-12 20:15:00
EMP_360,EMEA,2025-10-02 03:46:00,2025-10-06 03:46:00
EMP_195,LATAM,2025-07-04 00:58:00,2025-07-08 00:58:00
EMP_005,NA,2025-06-16 02:41:00,2025-06-21 02:41:00
EMP_078,EMEA,2025-12-26 13:43:00,2026-01-02 13:43:00
EMP_137,LATAM,2025-04-01 12:54:00,2025-04-07 12:54:00
EMP_429,APAC,2025-11-24 09:28:00,2025-11-30 09:28:00
EMP_211,NA,2025-07-07 01:13:00,2025-07-13 01:13:00
EMP_008,LATAM,2025-10-31 19:33:00,2025-11-06 19:33:00
EMP_151,APAC,2025-04-09 15:00:00,2025-04-16 15:00:00
EMP_257,LATAM,2025-01-05 15:28:00,2025-01-11 15:28:00
EMP_120,APAC,2025-08-15 22:50:00,2025-08-19 22:50:00
EMP_368,NA,2025-03-07 08:01:00,2025-03-13 08:01:00
EMP_285,APAC,2025-03-15 07:44:00,2025-03-22 07:44:00
EMP_208,LATAM,2025-02-22 12:50:00,2025-02-28 12:50:00
EMP_047,NA,2025-07-28 00:29:00,2025-08-02 00:29:00
EMP_404,LATAM,2025-05-26 02:05:00,2025-06-01 02:05:00
EMP_338,EMEA,2025-05-30 13:08:00,2025-06-06 13:08:00
EMP_020,APAC,2025-07-21 03:19:00,2025-07-24 03:19:00
EMP_214,NA,2025-03-26 20:13:00,2025-04-01 20:13:00
EMP_375,LATAM,2025-09-01 00:26:00,2025-09-07 00:26:00
EMP_089,NA,2025-08-31 10:54:00,2025-09-04 10:54:00
EMP_207,NA,2025-04-07 06:46:00,2025-04-13 06:46:00
EMP_443,APAC,2025-10-24 02:11:00,2025-10-30 02:11:00
EMP_163,NA,2025-11-16 14:14:00,2025-11-22 14:14:00
EMP_296,NA,2025-09-10 21:07:00,2025-09-15 21:07:00
EMP_387,EMEA,2025-04-18 14:51:00,2025-04-24 14:51:00
EMP_314,LATAM,2025-06-12 09:35:00,2025-06-18 09:35:00
EMP_115,APAC,2025-06-23 20:54:00,2025-06-29 20:54:00
EMP_247,LATAM,2025-01-18 00:04:00,2025-01-24 00:04:00
EMP_053,EMEA,2025-01-25 17:41:00,2025-01-28 17:41:00
EMP_279,APAC,2025-08-15 07:59:00,2025-08-19 07:59:00
EMP_381,APAC,2025-11-20 14:24:00,2025-11-24 14:24:00
EMP_325,APAC,2025-03-01 01:36:00,2025-03-06 01:36:00
EMP_304,LATAM,2025-09-26 15:39:00,2025-09-30 15:39:00
EMP_373,EMEA,2025-04-14 21:58:00,2025-04-20 21:58:00
EMP_016,APAC,2025-08-22 08:29:00,2025-08-27 08:29:00
EMP_347,EMEA,2025-06-07 12:27:00,2025-06-11 12:27:00
EMP_400,EMEA,2025-02-26 18:17:00,2025-03-05 18:17:00
EMP_223,LATAM,2025-10-21 18:09:00,2025-10-26 18:09:00
EMP_371,NA,2025-03-05 19:51:00,2025-03-10 19:51:00
EMP_290,LATAM,2025-10-17 14:12:00,2025-10-22 14:12:00
EMP_306,APAC,2025-07-28 11:10:00,2025-08-03 11:10:00
EMP_223,LATAM,2025-09-23 23:17:00,2025-09-28 23:17:00
EMP_075,NA,2025-12-06 14:23:00,2025-12-10 14:23:00
EMP_369,LATAM,2025-05-14 08:37:00,2025-05-20 08:37:00
EMP_219,APAC,2025-10-12 00:51:00,2025-10-15 00:51:00
EMP_383,LATAM,2025-11-17 02:53:00,2025-11-24 02:53:00
EMP_248,NA,2025-11-08 15:49:00,2025-11-12 15:49:00
EMP_406,EMEA,2025-06-04 09:34:00,2025-06-09 09:34:00
EMP_077,NA,2025-06-23 13:49:00,2025-06-28 13:49:00
EMP_114,EMEA,2025-08-04 02:54:00,2025-08-10 02:54:00
EMP_091,EMEA,2025-03-21 15:03:00,2025-03-25 15:03:00
EMP_377,LATAM,2025-03-30 05:17:00,2025-04-02 05:17:00
EMP_416,EMEA,2025-09-02 03:29:00,2025-09-08 03:29:00
EMP_327,NA,2025-02-01 08:11:00,2025-02-05 08:11:00
EMP_111,NA,2025-09-27 11:16:00,2025-10-01 11:16:00
EMP_162,NA,2024-12-30 05:39:00,2025-01-04 05:39:00
EMP_312,LATAM,2025-03-24 10:07:00,2025-03-28 10:07:00
EMP_107,APAC,2025-04-11 07:21:00,2025-04-16 07:21:00
EMP_022,NA,2025-02-06 23:35:00,2025-02-12 23:35:00
EMP_055,EMEA,2025-02-18 17:30:00,2025-02-21 17:30:00
EMP_333,LATAM,2025-06-15 03:43:00,2025-06-19 03:43:00
EMP_063,EMEA,2025-04-05 22:40:00,2025-04-10 22:40:00
EMP_031,APAC,2025-11-07 12:39:00,2025-11-13 12:39:00
EMP_383,LATAM,2025-10-22 10:03:00,2025-10-26 10:03:00
EMP_016,APAC,2025-10-21 03:21:00,2025-10-27 03:21:00
EMP_450,EMEA,2025-09-07 12:14:00,2025-09-14 12:14:00
EMP_072,LATAM,2025-10-17 21:26:00,2025-10-23 21:26:00
EMP_299,APAC,2025-01-09 10:19:00,2025-01-16 10:19:00
EMP_248,NA,2025-02-02 11:25:00,2025-02-08 11:25:00
EMP_068,LATAM,2025-05-29 05:02:00,2025-06-03 05:02:00
EMP_104,NA,2025-09-03 17:28:00,2025-09-07 17:28:00
EMP_308,LATAM,2025-10-10 08:06:00,2025-10-14 08:06:00
EMP_174,EMEA,2025-04-19 08:54:00,2025-04-24 08:54:00
EMP_102,APAC,2025-03-03 19:54:00,2025-03-10 19:54:00
EMP_148,EMEA,2025-04-18 19:11:00,2025-04-21 19:11:00
EMP_310,EMEA,2025-03-03 00:55:00,2025-03-06 00:55:00
EMP_406,EMEA,2025-07-19 19:47:00,2025-07-24 19:47:00
EMP_388,EMEA,2025-04-18 04:45:00,2025-04-22 04:45:00
EMP_258,NA,2025-03-19 09:46:00,2025-03-24 09:46:00
EMP_442,LATAM,2025-08-13 06:26:00,2025-08-20 06:26:00
EMP_398,NA,2025-09-08 13:14:00,2025-09-13 13:14:00
EMP_101,EMEA,2025-12-25 17:06:00,2025-12-29 17:06:00
EMP_328,APAC,2025-08-21 10:07:00,2025-08-26 10:07:00
EMP_371,NA,2025-04-04 05:06:00,2025-04-08 05:06:00
EMP_310,EMEA,2025-05-18 01:11:00,2025-05-24 01:11:00
EMP_066,LATAM,2025-03-10 09:10:00,2025-03-15 09:10:00
EMP_405,LATAM,2025-07-10 17:59:00,2025-07-13 17:59:00
EMP_413,LATAM,2025-10-08 07:22:00,2025-10-13 07:22:00
EMP_105,NA,2025-06-04 11:46:00,2025-06-09 11:46:00
EMP_117,APAC,2025-06-13 08:32:00,2025-06-18 08:32:00
EMP_015,APAC,2025-03-07 03:55:00,2025-03-12 03:55:00
EMP_028,NA,2025-04-05 06:29:00,2025-04-11 06:29:00
EMP_311,EMEA,2025-07-04 18:40:00,2025-07-08 18:40:00
EMP_108,APAC,2025-06-05 02:40:00,2025-06-10 02:40:00
EMP_149,NA,2025-11-24 00:30:00,2025-11-30 00:30:00
EMP_236,APAC,2025-01-12 02:33:00,2025-01-19 02:33:00
EMP_368,NA,2025-04-11 09:33:00,2025-04-15 09:33:00
EMP_391,EMEA,2025-11-16 15:55:00,2025-11-20 15:55:00
EMP_338,EMEA,2025-10-16 03:41:00,2025-10-19 03:41:00
EMP_297,NA,2025-03-06 16:20:00,2025-03-12 16:20:00
EMP_321,NA,2025-03-09 01:34:00,2025-03-15 01:34:00
EMP_256,LATAM,2025-05-22 16:39:00,2025-05-27 16:39:00
EMP_300,LATAM,2025-09-07 23:35:00,2025-09-12 23:35:00
EMP_222,LATAM,2025-12-23 19:38:00,2025-12-29 19:38:00
EMP_435,APAC,2025-10-22 16:06:00,2025-10-25 16:06:00
EMP_039,NA,2025-02-28 17:00:00,2025-03-05 17:00:00
EMP_145,APAC,2025-05-12 13:38:00,2025-05-17 13:38:00
EMP_176,EMEA,2025-12-15 09:42:00,2025-12-22 09:42:00
EMP_061,EMEA,2025-01-31 19:23:00,2025-02-06 19:23:00
EMP_115,APAC,2025-05-05 07:16:00,2025-05-12 07:16:00
EMP_317,LATAM,2025-05-22 08:04:00,2025-05-25 08:04:00
EMP_209,NA,2025-10-31 21:47:00,2025-11-07 21:47:00
EMP_246,NA,2025-07-31 14:32:00,2025-08-06 14:32:00
EMP_140,APAC,2025-12-27 07:26:00,2026-01-02 07:26:00
EMP_130,EMEA,2025-08-19 19:26:00,2025-08-24 19:26:00
EMP_227,EMEA,2025-12-25 13:27:00,2026-01-01 13:27:00
EMP_171,APAC,2025-01-18 15:36:00,2025-01-24 15:36:00
EMP_096,APAC,2025-03-28 00:16:00,2025-04-01 00:16:00
EMP_357,LATAM,2025-07-20 11:37:00,2025-07-23 11:37:00
EMP_198,NA,2025-06-07 01:13:00,2025-06-11 01:13:00
EMP_324,NA,2025-11-09 11:40:00,2025-11-16 11:40:00
EMP_443,APAC,2025-11-10 11:42:00,2025-11-16 11:42:00
EMP_172,EMEA,2025-04-16 18:39:00,2025-04-19 18:39:00
EMP_450,EMEA,2025-03-04 15:40:00,2025-03-08 15:40:00
EMP_104,NA,2025-05-21 22:48:00,2025-05-27 22:48:00
EMP_438,APAC,2025-09-05 14:17:00,2025-09-11 14:17:00
EMP_082,APAC,2025-05-12 18:30:00,2025-05-15 18:30:00
EMP_345,NA,2025-03-14 14:30:00,2025-03-18 14:30:00
EMP_021,APAC,2025-12-26 03:29:00,2026-01-02 03:29:00
EMP_413,LATAM,2025-01-06 17:46:00,2025-01-13 17:46:00
EMP_134,APAC,2025-07-13 12:48:00,2025-07-16 12:48:00
EMP_103,NA,2025-05-14 13:54:00,2025-05-21 13:54:00
EMP_003,NA,2025-09-06 05:44:00,2025-09-09 05:44:00
EMP_381,APAC,2025-09-20 07:28:00,2025-09-24 07:28:00
EMP_136,APAC,2025-01-02 08:13:00,2025-01-07 08:13:00
EMP_141,EMEA,2025-02-12 18:41:00,2025-02-15 18:41:00
EMP_363,APAC,2025-11-21 10:23:00,2025-11-28 10:23:00
EMP_327,NA,2025-08-26 10:01:00,2025-08-30 10:01:00
EMP_249,LATAM,2025-04-14 19:59:00,2025-04-19 19:59:00
EMP_301,EMEA,2025-09-14 12:42:00,2025-09-20 12:42:00
EMP_209,NA,2025-07-30 12:31:00,2025-08-05 12:31:00
EMP_190,LATAM,2025-07-24 17:01:00,2025-07-29 17:01:00
EMP_009,EMEA,2025-12-24 07:50:00,2025-12-30 07:50:00
EMP_237,EMEA,2025-07-12 01:51:00,2025-07-17 01:51:00
EMP_176,EMEA,2025-01-20 18:03:00,2025-01-24 18:03:00
EMP_193,APAC,2025-08-07 06:33:00,2025-08-13 06:33:00
EMP_255,EMEA,2025-02-03 23:46:00,2025-02-09 23:46:00
EMP_411,EMEA,2025-05-16 09:57:00,2025-05-20 09:57:00
EMP_016,APAC,2025-10-29 22:09:00,2025-11-02 22:09:00
EMP_393,NA,2025-04-25 13:03:00,2025-05-01 13:03:00
EMP_285,APAC,2025-10-05 09:54:00,2025-10-09 09:54:00
EMP_089,NA,2025-01-31 19:53:00,2025-02-04 19:53:00
EMP_352,APAC,2025-06-21 20:14:00,2025-06-25 20:14:00
EMP_266,APAC,2025-05-02 11:16:00,2025-05-09 11:16:00
EMP_222,LATAM,2025-10-21 07:34:00,2025-10-24 07:34:00
EMP_096,APAC,2025-08-01 01:04:00,2025-08-07 01:04:00
EMP_332,EMEA,2025-05-20 08:34:00,2025-05-27 08:34:00
EMP_063,EMEA,2025-05-12 13:45:00,2025-05-17 13:45:00
EMP_197,NA,2025-12-23 06:38:00,2025-12-29 06:38:00
EMP_028,NA,2025-10-07 15:55:00,2025-10-13 15:55:00
EMP_309,LATAM,2025-07-11 05:10:00,2025-07-17 05:10:00
EMP_444,LATAM,2025-09-25 10:46:00,2025-09-28 10:46:00
EMP_293,LATAM,2025-09-10 02:46:00,2025-09-14 02:46:00
EMP_217,APAC,2025-10-26 02:29:00,2025-10-31 02:29:00
EMP_020,APAC,2025-09-20 18:54:00,2025-09-26 18:54:00
EMP_243,APAC,2025-01-12 19:05:00,2025-01-16 19:05:00
EMP_058,NA,2025-07-30 02:55:00,2025-08-02 02:55:00
EMP_148,EMEA,2025-09-02 23:06:00,2025-09-07 23:06:00
EMP_428,APAC,2025-04-22 20:46:00,2025-04-28 20:46:00
EMP_145,APAC,2025-06-29 06:01:00,2025-07-05 06:01:00
EMP_204,APAC,2025-01-31 11:35:00,2025-02-06 11:35:00
EMP_216,LATAM,2025-11-27 16:57:00,2025-12-04 16:57:00
EMP_383,LATAM,2025-02-10 19:53:00,2025-02-13 19:53:00
EMP_164,LATAM,2025-12-02 16:19:00,2025-12-05 16:19:00
EMP_415,APAC,2025-05-11 05:43:00,2025-05-15 05:43:00
EMP_390,NA,2025-06-16 11:04:00,2025-06-22 11:04:00
EMP_294,EMEA,2025-01-17 21:02:00,2025-01-22 21:02:00
EMP_399,APAC,2025-08-18 03:35:00,2025-08-23 03:35:00
EMP_201,EMEA,2025-09-22 19:16:00,2025-09-26 19:16:00
EMP_359,LATAM,2025-08-08 09:16:00,2025-08-11 09:16:00
EMP_296,NA,2025-07-23 04:57:00,2025-07-28 04:57:00
EMP_231,APAC,2025-11-21 22:22:00,2025-11-25 22:22:00
EMP_283,APAC,2025-06-11 02:14:00,2025-06-18 02:14:00
EMP_353,LATAM,2025-06-22 00:28:00,2025-06-28 00:28:00
EMP_218,LATAM,2025-04-17 04:35:00,2025-04-23 04:35:00
EMP_379,LATAM,2025-03-26 14:09:00,2025-03-29 14:09:00
EMP_026,NA,2025-05-22 22:40:00,2025-05-25 22:40:00
EMP_436,NA,2025-12-26 00:06:00,2025-12-31 00:06:00
EMP_181,NA,2025-01-31 16:24:00,2025-02-07 16:24:00
EMP_328,APAC,2025-12-10 08:14:00,2025-12-13 08:14:00
EMP_310,EMEA,2025-12-08 00:10:00,2025-12-11 00:10:00
EMP_314,LATAM,2025-05-24 17:49:00,2025-05-28 17:49:00
EMP_300,LATAM,2025-05-17 17:37:00,2025-05-21 17:37:00
EMP_322,LATAM,2025-02-24 13:28:00,2025-03-01 13:28:00
EMP_217,APAC,2025-05-04 00:03:00,2025-05-11 00:03:00
EMP_063,EMEA,2025-11-25 04:16:00,2025-11-29 04:16:00
EMP_172,EMEA,2025-01-04 21:07:00,2025-01-10 21:07:00
EMP_235,APAC,2025-08-05 22:20:00,2025-08-10 22:20:00
EMP_155,EMEA,2025-08-20 11:33:00,2025-08-23 11:33:00
EMP_314,LATAM,2025-07-04 20:05:00,2025-07-11 20:05:00
EMP_424,NA,2025-11-30 09:46:00,2025-12-06 09:46:00
EMP_031,APAC,2025-02-17 02:55:00,2025-02-24 02:55:00
EMP_431,LATAM,2025-04-19 09:52:00,2025-04-25 09:52:00
EMP_313,LATAM,2025-03-23 17:43:00,2025-03-28 17:43:00
EMP_230,LATAM,2025-08-21 17:10:00,2025-08-24 17:10:00
EMP_190,LATAM,2025-10-14 01:59:00,2025-10-20 01:59:00
EMP_214,NA,2025-04-28 10:48:00,2025-05-03 10:48:00
EMP_003,NA,2025-12-21 22:42:00,2025-12-26 22:42:00
EMP_056,APAC,2025-10-10 20:25:00,2025-10-14 20:25:00
EMP_379,LATAM,2025-05-09 02:54:00,2025-05-15 02:54:00
EMP_174,EMEA,2025-10-16 19:19:00,2025-10-23 19:19:00
EMP_139,NA,2025-03-28 17:25:00,2025-04-04 17:25:00
EMP_185,EMEA,2025-01-08 23:32:00,2025-01-13 23:32:00
EMP_361,LATAM,2025-08-27 17:04:00,2025-08-30 17:04:00
EMP_417,NA,2025-03-24 13:44:00,2025-03-28 13:44:00
EMP_385,APAC,2025-03-01 05:35:00,2025-03-06 05:35:00
EMP_212,NA,2025-08-22 01:42:00,2025-08-25 01:42:00
EMP_408,APAC,2025-04-18 21:17:00,2025-04-22 21:17:00
EMP_032,LATAM,2025-08-16 02:49:00,2025-08-21 02:49:00
EMP_121,LATAM,2025-07-30 00:58:00,2025-08-03 00:58:00
EMP_202,EMEA,2025-12-13 01:25:00,2025-12-16 01:25:00
EMP_072,LATAM,2025-08-15 00:25:00,2025-08-22 00:25:00
EMP_250,NA,2025-04-06 15:27:00,2025-04-11 15:27:00
EMP_407,APAC,2025-07-31 17:02:00,2025-08-03 17:02:00
EMP_406,EMEA,2025-09-25 16:42:00,2025-09-30 16:42:00
EMP_146,EMEA,2025-12-01 09:11:00,2025-12-07 09:11:00
EMP_359,LATAM,2025-05-14 22:00:00,2025-05-18 22:00:00
EMP_196,LATAM,2025-05-18 14:16:00,2025-05-22 14:16:00
EMP_396,APAC,2025-06-17 04:45:00,2025-06-20 04:45:00
EMP_346,LATAM,2025-02-26 21:23:00,2025-03-02 21:23:00
EMP_338,EMEA,2025-10-16 21:44:00,2025-10-23 21:44:00
EMP_065,EMEA,2025-02-19 11:26:00,2025-02-23 11:26:00
EMP_173,NA,2025-03-13 09:59:00,2025-03-17 09:59:00
EMP_180,EMEA,2025-08-01 04:33:00,2025-08-05 04:33:00
EMP_383,LATAM,2025-03-12 10:55:00,2025-03-16 10:55:00
EMP_122,EMEA,2025-12-27 15:11:00,2026-01-02 15:11:00
EMP_445,NA,2025-01-28 18:58:00,2025-02-01 18:58:00
EMP_421,LATAM,2025-03-27 09:14:00,2025-04-03 09:14:00
EMP_126,EMEA,2025-12-28 15:56:00,2026-01-01 15:56:00
EMP_083,LATAM,2025-06-23 07:11:00,2025-06-29 07:11:00
EMP_345,NA,2025-01-19 04:26:00,2025-01-22 04:26:00
EMP_367,APAC,2025-03-08 11:41:00,2025-03-13 11:41:00
EMP_039,NA,2025-07-03 02:28:00,2025-07-08 02:28:00
EMP_273,LATAM,2025-11-19 11:41:00,2025-11-26 11:41:00
EMP_442,LATAM,2025-01-06 19:46:00,2025-01-11 19:46:00
EMP_067,LATAM,2025-03-17 01:48:00,2025-03-20 01:48:00
EMP_150,EMEA,2025-03-20 11:33:00,2025-03-26 11:33:00
EMP_351,APAC,2025-04-02 03:16:00,2025-04-07 03:16:00
EMP_337,LATAM,2025-02-24 16:10:00,2025-02-28 16:10:00
EMP_315,EMEA,2025-11-27 09:25:00,2025-12-02 09:25:00
EMP_331,EMEA,2025-11-28 05:27:00,2025-12-04 05:27:00
EMP_393,NA,2025-08-24 20:50:00,2025-08-29 20:50:00
EMP_005,NA,2025-04-12 03:26:00,2025-04-17 03:26:00
EMP_330,APAC,2025-04-07 14:42:00,2025-04-12 14:42:00
EMP_210,EMEA,2025-12-17 01:20:00,2025-12-22 01:20:00
EMP_422,APAC,2025-12-27 07:34:00,2026-01-03 07:34:00
EMP_043,APAC,2025-03-23 17:25:00,2025-03-27 17:25:00
EMP_119,EMEA,2025-06-25 08:32:00,2025-06-30 08:32:00
EMP_338,EMEA,2025-08-01 21:47:00,2025-08-06 21:47:00
EMP_387,EMEA,2025-06-04 16:14:00,2025-06-07 16:14:00
EMP_146,EMEA,2025-12-06 03:26:00,2025-12-09 03:26:00
EMP_349,EMEA,2025-05-18 13:18:00,2025-05-23 13:18:00
EMP_070,NA,2025-06-28 04:41:00,2025-07-04 04:41:00
EMP_050,NA,2025-03-31 19:15:00,2025-04-06 19:15:00
EMP_030,LATAM,2025-01-14 17:01:00,2025-01-20 17:01:00
EMP_417,NA,2025-08-28 17:43:00,2025-09-01 17:43:00
EMP_106,EMEA,2025-03-30 21:49:00,2025-04-02 21:49:00
EMP_304,LATAM,2025-01-18 16:11:00,2025-01-22 16:11:00
EMP_384,NA,2025-09-22 04:13:00,2025-09-29 04:13:00
EMP_017,NA,2025-05-12 05:40:00,2025-05-17 05:40:00
EMP_300,LATAM,2025-11-23 10:55:00,2025-11-28 10:55:00
EMP_136,APAC,2025-06-27 14:36:00,2025-06-30 14:36:00
EMP_434,APAC,2025-07-03 01:49:00,2025-07-09 01:49:00
EMP_387,EMEA,2025-11-11 03:09:00,2025-11-18 03:09:00
EMP_064,LATAM,2025-10-14 01:52:00,2025-10-18 01:52:00
EMP_384,NA,2025-08-04 09:01:00,2025-08-10 09:01:00
EMP_286,LATAM,2025-09-16 07:32:00,2025-09-22 07:32:00
EMP_089,NA,2025-11-21 16:17:00,2025-11-26 16:17:00
EMP_051,LATAM,2025-02-27 19:32:00,2025-03-02 19:32:00
EMP_009,EMEA,2025-09-12 00:27:00,2025-09-16 00:27:00
EMP_301,EMEA,2025-09-15 14:24:00,2025-09-22 14:24:00
EMP_247,LATAM,2025-07-16 17:24:00,2025-07-22 17:24:00
EMP_388,EMEA,2025-04-29 05:55:00,2025-05-06 05:55:00
EMP_448,LATAM,2025-12-26 16:46:00,2025-12-31 16:46:00
EMP_003,NA,2025-05-20 15:55:00,2025-05-24 15:55:00
EMP_244,NA,2025-06-01 14:53:00,2025-06-04 14:53:00
EMP_067,LATAM,2025-12-11 20:32:00,2025-12-17 20:32:00
EMP_211,NA,2025-01-13 11:57:00,2025-01-16 11:57:00
EMP_288,LATAM,2025-12-13 18:28:00,2025-12-18 18:28:00
EMP_178,LATAM,2025-05-11 01:30:00,2025-05-15 01:30:00
EMP_121,LATAM,2025-05-31 16:51:00,2025-06-06 16:51:00
EMP_405,LATAM,2025-01-21 12:31:00,2025-01-27 12:31:00
EMP_087,EMEA,2025-07-22 15:41:00,2025-07-28 15:41:00
EMP_350,NA,2025-09-03 04:27:00,2025-09-08 04:27:00
EMP_148,EMEA,2025-04-07 19:38:00,2025-04-12 19:38:00
EMP_392,APAC,2025-08-23 21:29:00,2025-08-26 21:29:00
EMP_385,APAC,2025-03-02 15:42:00,2025-03-09 15:42:00
EMP_002,EMEA,2025-08-01 03:44:00,2025-08-07 03:44:00
EMP_222,LATAM,2025-04-11 15:01:00,2025-04-17 15:01:00
EMP_073,EMEA,2025-08-09 01:07:00,2025-08-13 01:07:00
EMP_358,APAC,2025-05-28 16:03:00,2025-06-01 16:03:00
EMP_335,EMEA,2025-05-16 15:51:00,2025-05-23 15:51:00
EMP_444,LATAM,2025-11-16 06:21:00,2025-11-20 06:21:00
EMP_051,LATAM,2025-07-21 10:20:00,2025-07-24 10:20:00
EMP_043,APAC,2025-10-04 20:32:00,2025-10-09 20:32:00
EMP_251,NA,2025-09-19 06:30:00,2025-09-24 06:30:00
EMP_043,APAC,2025-04-27 06:15:00,2025-04-30 06:15:00
EMP_161,LATAM,2025-01-17 08:07:00,2025-01-21 08:07:00
EMP_441,NA,2025-04-09 22:25:00,2025-04-15 22:25:00
EMP_187,APAC,2025-07-11 15:15:00,2025-07-18 15:15:00
EMP_024,LATAM,2025-09-12 21:25:00,2025-09-17 21:25:00
EMP_165,EMEA,2025-05-13 17:54:00,2025-05-20 17:54:00
EMP_040,APAC,2025-09-20 11:10:00,2025-09-26 11:10:00
EMP_402,APAC,2025-07-18 16:58:00,2025-07-23 16:58:00
EMP_300,LATAM,2025-01-27 06:00:00,2025-02-01 06:00:00
EMP_127,NA,2025-02-09 11:51:00,2025-02-13 11:51:00
EMP_124,APAC,2025-01-13 10:20:00,2025-01-17 10:20:00
EMP_333,LATAM,2025-11-27 06:00:00,2025-12-04 06:00:00
EMP_317,LATAM,2025-11-09 14:12:00,2025-11-16 14:12:00
EMP_341,LATAM,2025-07-01 06:56:00,2025-07-06 06:56:00
EMP_350,NA,2025-10-08 20:37:00,2025-10-14 20:37:00
EMP_047,NA,2025-01-02 20:35:00,2025-01-07 20:35:00
EMP_439,LATAM,2025-04-01 15:06:00,2025-04-06 15:06:00
EMP_052,EMEA,2025-04-03 15:33:00,2025-04-08 15:33:00
EMP_181,NA,2025-10-04 16:00:00,2025-10-11 16:00:00
EMP_353,LATAM,2025-05-12 03:55:00,2025-05-19 03:55:00
EMP_209,NA,2025-06-06 01:30:00,2025-06-10 01:30:00
EMP_142,APAC,2025-01-09 13:17:00,2025-01-15 13:17:00
EMP_438,APAC,2025-07-25 16:04:00,2025-07-29 16:04:00
EMP_144,APAC,2025-09-25 18:00:00,2025-09-29 18:00:00
EMP_050,NA,2025-05-06 14:57:00,2025-05-10 14:57:00
EMP_311,EMEA,2025-07-12 21:09:00,2025-07-15 21:09:00
EMP_178,LATAM,2025-02-11 20:48:00,2025-02-15 20:48:00
EMP_111,NA,2025-02-19 21:04:00,2025-02-22 21:04:00
EMP_307,LATAM,2025-03-04 16:38:00,2025-03-09 16:38:00
EMP_202,EMEA,2025-06-30 21:47:00,2025-07-05 21:47:00
EMP_081,APAC,2025-01-05 10:17:00,2025-01-11 10:17:00
EMP_204,APAC,2025-12-30 06:04:00,2026-01-05 06:04:00
EMP_029,APAC,2025-06-07 23:03:00,2025-06-10 23:03:00
EMP_302,EMEA,2025-01-31 14:15:00,2025-02-05 14:15:00
EMP_283,APAC,2025-10-26 20:58:00,2025-11-02 20:58:00
EMP_335,EMEA,2025-01-19 06:00:00,2025-01-24 06:00:00
EMP_384,NA,2025-10-25 03:34:00,2025-11-01 03:34:00
EMP_105,NA,2025-08-15 08:14:00,2025-08-22 08:14:00
EMP_007,NA,2025-01-29 10:04:00,2025-02-03 10:04:00
EMP_327,NA,2025-04-11 16:56:00,2025-04-15 16:56:00
EMP_024,LATAM,2025-07-16 19:17:00,2025-07-22 19:17:00
EMP_092,NA,2025-04-13 22:37:00,2025-04-18 22:37:00
EMP_069,LATAM,2025-07-07 13:04:00,2025-07-12 13:04:00
EMP_349,EMEA,2025-08-12 05:21:00,2025-08-16 05:21:00
EMP_172,EMEA,2025-11-06 01:24:00,2025-11-13 01:24:00
EMP_290,LATAM,2025-04-16 13:31:00,2025-04-22 13:31:00
EMP_091,EMEA,2025-05-19 03:04:00,2025-05-26 03:04:00
EMP_204,APAC,2025-03-16 17:12:00,2025-03-23 17:12:00
EMP_310,EMEA,2025-07-03 13:19:00,2025-07-07 13:19:00
EMP_214,NA,2025-03-04 02:48:00,2025-03-08 02:48:00
EMP_279,APAC,2025-01-20 03:22:00,2025-01-25 03:22:00
EMP_412,EMEA,2025-04-08 11:08:00,2025-04-11 11:08:00
EMP_093,APAC,2025-01-22 15:09:00,2025-01-27 15:09:00
EMP_078,EMEA,2025-06-05 11:13:00,2025-06-10 11:13:00
EMP_304,LATAM,2025-05-09 04:52:00,2025-05-13 04:52:00
EMP_018,NA,2025-03-22 20:16:00,2025-03-25 20:16:00
EMP_205,NA,2025-01-10 00:08:00,2025-01-16 00:08:00
EMP_193,APAC,2025-09-05 14:03:00,2025-09-10 14:03:00
EMP_059,EMEA,2025-09-27 09:43:00,2025-10-03 09:43:00
EMP_223,LATAM,2025-03-24 22:28:00,2025-03-30 22:28:00
EMP_092,NA,2025-05-29 04:48:00,2025-06-01 04:48:00
EMP_192,LATAM,2025-06-05 08:03:00,2025-06-09 08:03:00
EMP_350,NA,2025-09-11 01:59:00,2025-09-16 01:59:00
EMP_336,APAC,2025-01-31 06:16:00,2025-02-06 06:16:00
EMP_271,APAC,2025-06-05 15:14:00,2025-06-08 15:14:00
EMP_259,EMEA,2025-03-20 16:39:00,2025-03-27 16:39:00
EMP_092,NA,2025-08-19 21:56:00,2025-08-25 21:56:00
EMP_294,EMEA,2025-08-04 15:04:00,2025-08-09 15:04:00
EMP_185,EMEA,2025-05-23 17:34:00,2025-05-28 17:34:00
EMP_229,LATAM,2025-02-13 08:30:00,2025-02-20 08:30:00
EMP_313,LATAM,2025-12-24 08:43:00,2025-12-27 08:43:00
EMP_338,EMEA,2025-08-02 04:02:00,2025-08-07 04:02:00
EMP_168,LATAM,2025-01-04 15:56:00,2025-01-09 15:56:00
EMP_233,APAC,2025-11-18 08:35:00,2025-11-21 08:35:00
EMP_434,APAC,2025-06-21 00:54:00,2025-06-25 00:54:00
EMP_092,NA,2025-08-08 12:40:00,2025-08-14 12:40:00
EMP_262,EMEA,2025-10-21 07:18:00,2025-10-25 07:18:00
EMP_279,APAC,2025-02-27 10:28:00,2025-03-02 10:28:00
EMP_157,NA,2025-08-28 02:29:00,2025-09-01 02:29:00
EMP_067,LATAM,2025-04-20 02:21:00,2025-04-25 02:21:00
EMP_226,APAC,2025-12-01 06:55:00,2025-12-04 06:55:00
EMP_090,EMEA,2025-11-28 22:15:00,2025-12-05 22:15:00
EMP_341,LATAM,2025-11-03 12:29:00,2025-11-09 12:29:00
EMP_408,APAC,2025-09-08 12:49:00,2025-09-15 12:49:00
EMP_208,LATAM,2025-04-30 21:26:00,2025-05-04 21:26:00
EMP_439,LATAM,2025-08-15 00:00:00,2025-08-18 00:00:00
EMP_211,NA,2025-11-04 20:09:00,2025-11-07 20:09:00
EMP_135,NA,2025-04-06 23:42:00,2025-04-11 23:42:00
EMP_353,LATAM,2025-09-07 00:48:00,2025-09-13 00:48:00
EMP_094,APAC,2025-06-06 02:57:00,2025-06-12 02:57:00
EMP_379,LATAM,2025-08-11 04:10:00,2025-08-14 04:10:00
EMP_245,EMEA,2025-07-28 07:28:00,2025-08-02 07:28:00
EMP_083,LATAM,2025-03-21 00:07:00,2025-03-26 00:07:00
EMP_130,EMEA,2025-11-16 01:45:00,2025-11-22 01:45:00
EMP_438,APAC,2025-01-01 12:42:00,2025-01-06 12:42:00
EMP_352,APAC,2025-06-19 20:04:00,2025-06-24 20:04:00
EMP_167,APAC,2025-05-23 03:18:00,2025-05-27 03:18:00
EMP_087,EMEA,2025-08-12 16:06:00,2025-08-17 16:06:00
EMP_324,NA,2025-10-28 17:58:00,2025-11-01 17:58:00
EMP_416,EMEA,2025-04-17 01:37:00,2025-04-23 01:37:00
EMP_180,EMEA,2025-01-05 13:05:00,2025-01-09 13:05:00
EMP_131,EMEA,2025-02-06 09:03:00,2025-02-11 09:03:00
EMP_073,EMEA,2025-09-26 19:52:00,2025-10-03 19:52:00
EMP_259,EMEA,2025-07-09 05:59:00,2025-07-14 05:59:00
EMP_132,APAC,2025-10-11 15:10:00,2025-10-16 15:10:00
EMP_127,NA,2025-11-04 02:52:00,2025-11-09 02:52:00
EMP_304,LATAM,2025-06-15 04:56:00,2025-06-22 04:56:00
EMP_369,LATAM,2025-03-12 14:28:00,2025-03-16 14:28:00
EMP_292,APAC,2025-02-08 12:59:00,2025-02-12 12:59:00
EMP_257,LATAM,2025-07-30 20:57:00,2025-08-05 20:57:00
EMP_160,EMEA,2025-07-27 01:11:00,2025-08-01 01:11:00
EMP_177,EMEA,2025-08-01 15:26:00,2025-08-06 15:26:00
EMP_208,LATAM,2025-09-27 23:24:00,2025-10-02 23:24:00
EMP_168,LATAM,2025-04-28 01:03:00,2025-05-02 01:03:00
EMP_031,APAC,2025-07-09 22:46:00,2025-07-13 22:46:00
EMP_371,NA,2025-11-11 07:26:00,2025-11-16 07:26:00
EMP_012,APAC,2025-10-15 17:19:00,2025-10-19 17:19:00
EMP_097,NA,2025-11-21 19:45:00,2025-11-26 19:45:00
EMP_126,EMEA,2025-05-26 08:00:00,2025-06-01 08:00:00
EMP_341,LATAM,2025-05-10 14:33:00,2025-05-14 14:33:00
EMP_375,LATAM,2025-04-24 07:17:00,2025-05-01 07:17:00
EMP_184,LATAM,2025-03-21 20:33:00,2025-03-26 20:33:00
EMP_191,NA,2025-05-29 14:02:00,2025-06-02 14:02:00
EMP_354,EMEA,2025-06-30 16:08:00,2025-07-05 16:08:00
EMP_238,EMEA,2025-01-15 15:07:00,2025-01-20 15:07:00
EMP_410,NA,2025-11-03 17:13:00,2025-11-08 17:13:00
EMP_377,LATAM,2025-07-03 16:01:00,2025-07-08 16:01:00
EMP_423,EMEA,2025-12-14 01:24:00,2025-12-18 01:24:00
EMP_233,APAC,2025-12-02 11:43:00,2025-12-07 11:43:00
EMP_426,LATAM,2025-09-16 20:38:00,2025-09-20 20:38:00
EMP_129,LATAM,2025-08-22 01:23:00,2025-08-25 01:23:00
EMP_253,APAC,2025-01-05 19:08:00,2025-01-09 19:08:00
EMP_074,EMEA,2025-09-07 06:48:00,2025-09-10 06:48:00
EMP_409,APAC,2025-08-13 10:25:00,2025-08-19 10:25:00
EMP_345,NA,2025-06-28 17:26:00,2025-07-02 17:26:00
EMP_368,NA,2025-05-25 12:33:00,2025-05-29 12:33:00
EMP_381,APAC,2025-12-05 20:34:00,2025-12-12 20:34:00
EMP_357,LATAM,2025-10-26 23:18:00,2025-11-02 23:18:00
EMP_097,NA,2025-05-16 10:27:00,2025-05-20 10:27:00
EMP_035,NA,2025-04-02 16:29:00,2025-04-09 16:29:00
EMP_379,LATAM,2025-05-24 07:44:00,2025-05-29 07:44:00
EMP_083,LATAM,2025-12-25 04:49:00,2025-12-30 04:49:00
EMP_208,LATAM,2025-01-07 06:26:00,2025-01-10 06:26:00
EMP_293,LATAM,2025-11-05 15:44:00,2025-11-10 15:44:00
EMP_086,LATAM,2025-08-13 06:56:00,2025-08-16 06:56:00
EMP_010,APAC,2025-06-07 17:51:00,2025-06-13 17:51:00
EMP_156,EMEA,2025-10-04 09:21:00,2025-10-09 09:21:00
EMP_430,APAC,2025-10-27 20:27:00,2025-10-30 20:27:00
EMP_259,EMEA,2025-10-27 19:04:00,2025-10-30 19:04:00
EMP_364,APAC,2025-03-15 23:36:00,2025-03-21 23:36:00
EMP_249,LATAM,2025-01-20 20:38:00,2025-01-25 20:38:00
EMP_260,NA,2025-02-21 14:54:00,2025-02-27 14:54:00
EMP_173,NA,2025-01-06 09:44:00,2025-01-10 09:44:00
EMP_112,APAC,2025-09-08 05:56:00,2025-09-13 05:56:00
EMP_379,LATAM,2025-09-05 17:29:00,2025-09-12 17:29:00
EMP_025,EMEA,2025-06-29 16:45:00,2025-07-03 16:45:00
EMP_234,APAC,2025-02-16 19:56:00,2025-02-22 19:56:00
EMP_126,EMEA,2025-10-17 05:47:00,2025-10-24 05:47:00
EMP_430,APAC,2025-09-08 05:24:00,2025-09-12 05:24:00
EMP_176,EMEA,2025-09-04 12:49:00,2025-09-09 12:49:00
EMP_264,APAC,2025-05-15 12:56:00,2025-05-20 12:56:00
EMP_197,NA,2025-01-10 02:46:00,2025-01-14 02:46:00
EMP_213,APAC,2025-10-04 18:59:00,2025-10-08 18:59:00
EMP_440,NA,2025-06-11 17:51:00,2025-06-14 17:51:00
EMP_001,NA,2025-11-29 23:05:00,2025-12-06 23:05:00
EMP_413,LATAM,2025-07-27 23:43:00,2025-08-01 23:43:00
EMP_308,LATAM,2025-06-26 16:00:00,2025-07-01 16:00:00
EMP_383,LATAM,2025-06-23 13:17:00,2025-06-27 13:17:00
EMP_217,APAC,2025-10-31 12:34:00,2025-11-04 12:34:00
EMP_297,NA,2025-02-08 11:36:00,2025-02-14 11:36:00
EMP_201,EMEA,2025-11-16 03:31:00,2025-11-21 03:31:00
EMP_054,LATAM,2025-06-01 09:41:00,2025-06-08 09:41:00
EMP_035,NA,2025-06-08 11:54:00,2025-06-13 11:54:00
EMP_086,LATAM,2025-07-23 20:18:00,2025-07-27 20:18:00
EMP_374,EMEA,2025-06-14 05:17:00,2025-06-21 05:17:00
EMP_324,NA,2025-10-08 23:33:00,2025-10-12 23:33:00
EMP_400,EMEA,2025-08-12 13:08:00,2025-08-17 13:08:00
EMP_343,APAC,2025-05-20 13:48:00,2025-05-25 13:48:00
EMP_362,APAC,2025-01-06 04:57:00,2025-01-10 04:57:00
EMP_283,APAC,2025-08-25 04:05:00,2025-08-28 04:05:00
EMP_391,EMEA,2025-01-23 07:10:00,2025-01-29 07:10:00
EMP_184,LATAM,2025-05-15 05:20:00,2025-05-21 05:20:00
EMP_175,NA,2025-12-03 20:18:00,2025-12-10 20:18:00
EMP_232,EMEA,2025-09-15 12:31:00,2025-09-21 12:31:00
EMP_054,LATAM,2025-03-15 00:30:00,2025-03-20 00:30:00
EMP_333,LATAM,2025-09-25 03:58:00,2025-09-29 03:58:00
EMP_259,EMEA,2025-05-31 13:36:00,2025-06-04 13:36:00
EMP_193,APAC,2025-05-27 15:19:00,2025-05-31 15:19:00
EMP_154,APAC,2025-09-17 19:51:00,2025-09-21 19:51:00
EMP_422,APAC,2025-05-27 11:27:00,2025-06-02 11:27:00
EMP_046,EMEA,2025-09-30 21:55:00,2025-10-07 21:55:00
EMP_287,NA,2025-11-19 05:43:00,2025-11-22 05:43:00
EMP_408,APAC,2025-04-22 21:07:00,2025-04-26 21:07:00
EMP_044,NA,2025-07-08 06:10:00,2025-07-15 06:10:00
EMP_116,EMEA,2025-01-19 09:09:00,2025-01-26 09:09:00
EMP_185,EMEA,2025-11-17 14:29:00,2025-11-22 14:29:00
EMP_053,EMEA,2025-12-07 13:55:00,2025-12-10 13:55:00
EMP_131,EMEA,2025-06-11 01:41:00,2025-06-14 01:41:00
EMP_199,NA,2025-10-27 01:04:00,2025-11-01 01:04:00
EMP_233,APAC,2025-10-01 12:21:00,2025-10-05 12:21:00
EMP_392,APAC,2025-03-16 19:08:00,2025-03-19 19:08:00
EMP_196,LATAM,2025-10-27 21:10:00,2025-10-31 21:10:00
EMP_314,LATAM,2025-08-31 07:17:00,2025-09-05 07:17:00
EMP_160,EMEA,2025-07-20 00:53:00,2025-07-26 00:53:00
EMP_164,LATAM,2025-12-07 17:00:00,2025-12-13 17:00:00
EMP_316,APAC,2025-09-29 23:11:00,2025-10-04 23:11:00
EMP_120,APAC,2025-06-10 22:17:00,2025-06-15 22:17:00
EMP_377,LATAM,2025-02-17 01:13:00,2025-02-21 01:13:00
EMP_183,APAC,2025-05-10 19:09:00,2025-05-17 19:09:00
EMP_281,LATAM,2025-01-01 14:39:00,2025-01-06 14:39:00
EMP_245,EMEA,2025-06-15 00:07:00,2025-06-19 00:07:00
EMP_308,LATAM,2025-08-03 01:33:00,2025-08-08 01:33:00
EMP_308,LATAM,2025-10-15 09:38:00,2025-10-21 09:38:00
EMP_182,LATAM,2025-07-05 01:29:00,2025-07-09 01:29:00
EMP_098,NA,2025-06-12 16:02:00,2025-06-17 16:02:00
EMP_285,APAC,2025-10-26 14:52:00,2025-10-31 14:52:00
EMP_429,APAC,2025-08-16 08:12:00,2025-08-23 08:12:00
EMP_088,NA,2025-03-16 07:02:00,2025-03-22 07:02:00
EMP_249,LATAM,2025-07-01 01:57:00,2025-07-07 01:57:00
EMP_169,EMEA,2025-12-19 10:48:00,2025-12-26 10:48:00
EMP_208,LATAM,2025-09-30 13:12:00,2025-10-07 13:12:00
EMP_135,NA,2025-03-16 09:26:00,2025-03-20 09:26:00
EMP_003,NA,2025-08-10 22:07:00,2025-08-16 22:07:00
EMP_287,NA,2025-02-05 08:52:00,2025-02-12 08:52:00
EMP_128,LATAM,2025-09-02 08:16:00,2025-09-07 08:16:00
EMP_335,EMEA,2025-09-07 17:59:00,2025-09-12 17:59:00
EMP_149,NA,2025-01-20 23:41:00,2025-01-26 23:41:00
EMP_320,APAC,2025-07-21 08:53:00,2025-07-24 08:53:00
EMP_158,LATAM,2025-02-19 01:51:00,2025-02-26 01:51:00
EMP_320,APAC,2025-10-20 10:15:00,2025-10-26 10:15:00
EMP_449,EMEA,2025-09-24 21:41:00,2025-09-29 21:41:00
EMP_376,LATAM,2025-07-16 20:48:00,2025-07-20 20:48:00
EMP_123,EMEA,2025-03-30 14:13:00,2025-04-05 14:13:00
EMP_394,APAC,2025-12-20 02:08:00,2025-12-24 02:08:00
EMP_443,APAC,2025-09-28 22:41:00,2025-10-05 22:41:00
EMP_031,APAC,2025-08-22 22:05:00,2025-08-28 22:05:00
EMP_024,LATAM,2025-07-31 17:35:00,2025-08-07 17:35:00
EMP_076,NA,2025-12-15 17:47:00,2025-12-21 17:47:00
EMP_295,NA,2025-12-06 07:21:00,2025-12-10 07:21:00
EMP_211,NA,2025-08-03 06:29:00,2025-08-08 06:29:00
EMP_237,EMEA,2025-10-15 13:15:00,2025-10-19 13:15:00
EMP_037,LATAM,2025-10-14 13:15:00,2025-10-21 13:15:00
EMP_140,APAC,2025-12-16 08:09:00,2025-12-23 08:09:00
EMP_335,EMEA,2025-01-31 14:59:00,2025-02-04 14:59:00
EMP_164,LATAM,2025-09-12 12:47:00,2025-09-16 12:47:00
EMP_116,EMEA,2025-03-09 03:43:00,2025-03-15 03:43:00
EMP_166,NA,2025-07-27 14:43:00,2025-08-01 14:43:00
EMP_114,EMEA,2025-08-30 21:30:00,2025-09-03 21:30:00
EMP_115,APAC,2025-05-15 00:24:00,2025-05-22 00:24:00
EMP_069,LATAM,2025-10-23 15:37:00,2025-10-27 15:37:00
EMP_048,LATAM,2025-04-01 06:22:00,2025-04-06 06:22:00
EMP_448,LATAM,2025-10-17 15:57:00,2025-10-23 15:57:00
EMP_033,EMEA,2025-09-22 15:53:00,2025-09-28 15:53:00
EMP_302,EMEA,2025-08-31 15:07:00,2025-09-06 15:07:00
EMP_217,APAC,2025-04-25 03:31:00,2025-04-29 03:31:00
EMP_128,LATAM,2025-04-19 01:51:00,2025-04-26 01:51:00
EMP_021,APAC,2025-03-10 00:24:00,2025-03-14 00:24:00
EMP_431,LATAM,2025-06-30 19:46:00,2025-07-04 19:46:00
EMP_250,NA,2025-06-30 20:30:00,2025-07-05 20:30:00
EMP_415,APAC,2025-01-27 16:44:00,2025-01-30 16:44:00
EMP_215,NA,2025-01-15 01:11:00,2025-01-22 01:11:00
EMP_259,EMEA,2025-03-24 13:26:00,2025-03-30 13:26:00
EMP_398,NA,2025-04-24 13:21:00,2025-04-30 13:21:00
EMP_442,LATAM,2025-04-17 05:35:00,2025-04-24 05:35:00
EMP_271,APAC,2025-10-07 19:11:00,2025-10-11 19:11:00
EMP_434,APAC,2025-06-12 15:33:00,2025-06-19 15:33:00
EMP_198,NA,2025-07-04 10:44:00,2025-07-09 10:44:00
EMP_165,EMEA,2025-10-15 23:38:00,2025-10-19 23:38:00
EMP_353,LATAM,2025-04-28 20:41:00,2025-05-01 20:41:00
EMP_119,EMEA,2025-07-03 04:30:00,2025-07-09 04:30:00
EMP_137,LATAM,2025-11-26 04:45:00,2025-11-30 04:45:00
EMP_112,APAC,2025-05-14 15:27:00,2025-05-21 15:27:00
EMP_202,EMEA,2025-01-11 23:50:00,2025-01-17 23:50:00
EMP_330,APAC,2025-06-09 10:17:00,2025-06-14 10:17:00
EMP_069,LATAM,2025-07-10 00:06:00,2025-07-17 00:06:00
EMP_025,EMEA,2025-04-30 01:03:00,2025-05-05 01:03:00
EMP_117,APAC,2025-10-01 14:05:00,2025-10-08 14:05:00
EMP_278,EMEA,2025-08-03 19:15:00,2025-08-10 19:15:00
EMP_229,LATAM,2025-12-11 17:48:00,2025-12-15 17:48:00
EMP_270,APAC,2025-09-04 19:45:00,2025-09-08 19:45:00
EMP_267,EMEA,2025-11-12 09:45:00,2025-11-16 09:45:00
EMP_361,LATAM,2025-02-16 01:43:00,2025-02-20 01:43:00
EMP_324,NA,2025-08-28 21:24:00,2025-09-02 21:24:00
EMP_071,NA,2025-10-18 00:28:00,2025-10-24 00:28:00
EMP_415,APAC,2025-04-08 09:50:00,2025-04-11 09:50:00
EMP_404,LATAM,2025-01-20 23:03:00,2025-01-27 23:03:00
EMP_166,NA,2025-09-04 17:20:00,2025-09-10 17:20:00
EMP_094,APAC,2025-07-16 17:13:00,2025-07-23 17:13:00
EMP_217,APAC,2025-09-11 13:11:00,2025-09-14 13:11:00
EMP_109,NA,2025-06-30 13:08:00,2025-07-07 13:08:00
EMP_404,LATAM,2025-10-26 16:34:00,2025-11-02 16:34:00
EMP_401,NA,2025-02-05 17:06:00,2025-02-11 17:06:00
EMP_434,APAC,2025-09-26 16:11:00,2025-10-03 16:11:00
EMP_243,APAC,2025-03-09 04:04:00,2025-03-14 04:04:00
EMP_372,APAC,2025-10-29 08:07:00,2025-11-03 08:07:00
EMP_055,EMEA,2025-10-13 12:40:00,2025-10-19 12:40:00
EMP_112,APAC,2025-01-12 00:31:00,2025-01-15 00:31:00
EMP_200,NA,2025-07-07 13:56:00,2025-07-12 13:56:00
EMP_430,APAC,2025-03-18 17:04:00,2025-03-23 17:04:00
EMP_448,LATAM,2025-12-12 22:01:00,2025-12-18 22:01:00
EMP_421,LATAM,2025-12-14 06:10:00,2025-12-18 06:10:00
EMP_398,NA,2025-03-17 08:43:00,2025-03-23 08:43:00
EMP_081,APAC,2025-02-14 20:23:00,2025-02-18 20:23:00
EMP_286,LATAM,2025-04-22 23:13:00,2025-04-27 23:13:00
EMP_003,NA,2025-04-20 05:13:00,2025-04-24 05:13:00
EMP_270,APAC,2025-12-28 12:36:00,2026-01-02 12:36:00
EMP_053,EMEA,2025-01-07 03:24:00,2025-01-10 03:24:00
EMP_256,LATAM,2025-11-11 22:24:00,2025-11-18 22:24:00
EMP_391,EMEA,2025-08-27 15:48:00,2025-09-03 15:48:00
EMP_142,APAC,2025-10-24 09:43:00,2025-10-28 09:43:00
EMP_407,APAC,2025-11-09 09:51:00,2025-11-14 09:51:00
EMP_001,NA,2025-05-11 00:45:00,2025-05-16 00:45:00
EMP_148,EMEA,2025-08-16 01:57:00,2025-08-21 01:57:00
EMP_005,NA,2025-08-19 15:30:00,2025-08-23 15:30:00
EMP_210,EMEA,2025-10-01 23:53:00,2025-10-07 23:53:00
EMP_034,LATAM,2025-11-11 20:38:00,2025-11-17 20:38:00
EMP_122,EMEA,2025-11-14 08:53:00,2025-11-21 08:53:00
EMP_328,APAC,2025-01-19 17:30:00,2025-01-25 17:30:00
EMP_441,NA,2025-12-07 18:27:00,2025-12-11 18:27:00
EMP_104,NA,2025-09-26 18:42:00,2025-10-02 18:42:00
EMP_399,APAC,2025-12-11 16:19:00,2025-12-16 16:19:00
EMP_172,EMEA,2025-01-07 02:36:00,2025-01-11 02:36:00
EMP_081,APAC,2025-01-19 19:23:00,2025-01-23 19:23:00
EMP_256,LATAM,2025-03-29 03:47:00,2025-04-04 03:47:00
EMP_169,EMEA,2025-08-16 16:25:00,2025-08-22 16:25:00
EMP_317,LATAM,2025-12-12 12:00:00,2025-12-16 12:00:00
EMP_394,APAC,2025-11-26 04:25:00,2025-11-29 04:25:00
EMP_284,NA,2025-11-22 14:36:00,2025-11-27 14:36:00
EMP_231,APAC,2025-04-23 07:10:00,2025-04-28 07:10:00
EMP_246,NA,2025-06-24 17:36:00,2025-06-29 17:36:00
EMP_272,APAC,2025-06-06 02:31:00,2025-06-12 02:31:00
EMP_151,APAC,2025-01-28 11:18:00,2025-01-31 11:18:00
EMP_323,LATAM,2025-04-18 11:35:00,2025-04-21 11:35:00
EMP_283,APAC,2025-08-06 02:04:00,2025-08-10 02:04:00
EMP_250,NA,2025-04-12 00:30:00,2025-04-18 00:30:00
EMP_391,EMEA,2025-08-03 02:43:00,2025-08-10 02:43:00
EMP_395,EMEA,2025-01-29 14:00:00,2025-02-03 14:00:00
EMP_297,NA,2025-11-22 02:10:00,2025-11-25 02:10:00
EMP_115,APAC,2025-01-12 23:23:00,2025-01-16 23:23:00
EMP_190,LATAM,2025-11-14 19:26:00,2025-11-19 19:26:00
EMP_216,LATAM,2025-03-18 15:31:00,2025-03-25 15:31:00
EMP_324,NA,2025-11-24 15:57:00,2025-11-27 15:57:00
EMP_338,EMEA,2025-03-23 09:05:00,2025-03-30 09:05:00
EMP_425,NA,2025-11-08 01:49:00,2025-11-14 01:49:00
EMP_098,NA,2025-09-12 12:57:00,2025-09-18 12:57:00
EMP_074,EMEA,2025-11-08 07:01:00,2025-11-12 07:01:00
EMP_242,APAC,2025-02-20 07:09:00,2025-02-24 07:09:00
EMP_251,NA,2025-03-17 16:36:00,2025-03-23 16:36:00
EMP_127,NA,2025-06-25 13:27:00,2025-07-02 13:27:00
EMP_404,LATAM,2025-02-21 02:26:00,2025-02-26 02:26:00
EMP_064,LATAM,2025-05-30 06:58:00,2025-06-04 06:58:00
EMP_125,LATAM,2025-08-08 04:56:00,2025-08-12 04:56:00
EMP_263,LATAM,2025-01-11 10:47:00,2025-01-15 10:47:00
EMP_128,LATAM,2025-11-04 07:00:00,2025-11-09 07:00:00
EMP_100,APAC,2025-02-21 09:38:00,2025-02-27 09:38:00
EMP_126,EMEA,2025-07-08 09:24:00,2025-07-11 09:24:00
EMP_257,LATAM,2025-11-01 00:12:00,2025-11-05 00:12:00
EMP_149,NA,2025-10-16 05:11:00,2025-10-20 05:11:00
EMP_075,NA,2025-09-01 07:35:00,2025-09-05 07:35:00
EMP_213,APAC,2025-04-01 07:02:00,2025-04-04 07:02:00
EMP_364,APAC,2025-02-15 19:38:00,2025-02-21 19:38:00
EMP_059,EMEA,2025-07-29 20:01:00,2025-08-03 20:01:00
EMP_028,NA,2025-11-26 03:20:00,2025-11-30 03:20:00
EMP_033,EMEA,2025-06-17 05:39:00,2025-06-22 05:39:00
EMP_150,EMEA,2025-06-18 22:06:00,2025-06-24 22:06:00
EMP_233,APAC,2025-02-06 22:43:00,2025-02-11 22:43:00
EMP_386,EMEA,2025-11-08 00:38:00,2025-11-14 00:38:00
EMP_185,EMEA,2025-01-28 04:11:00,2025-01-31 04:11:00
EMP_375,LATAM,2025-05-17 02:31:00,2025-05-20 02:31:00
EMP_145,APAC,2025-05-19 11:58:00,2025-05-26 11:58:00
EMP_060,NA,2025-02-04 12:09:00,2025-02-08 12:09:00
EMP_107,APAC,2025-08-25 00:34:00,2025-08-30 00:34:00
EMP_199,NA,2025-07-20 05:10:00,2025-07-24 05:10:00
EMP_379,LATAM,2025-06-30 01:55:00,2025-07-04 01:55:00
EMP_411,EMEA,2025-10-30 19:01:00,2025-11-05 19:01:00
EMP_410,NA,2025-11-10 17:12:00,2025-11-14 17:12:00
EMP_334,EMEA,2025-01-19 11:37:00,2025-01-26 11:37:00
EMP_168,LATAM,2025-11-04 07:59:00,2025-11-08 07:59:00
EMP_189,EMEA,2025-12-08 20:09:00,2025-12-12 20:09:00
EMP_356,EMEA,2025-09-09 07:34:00,2025-09-16 07:34:00
EMP_051,LATAM,2025-12-13 14:18:00,2025-12-16 14:18:00
EMP_035,NA,2025-07-05 21:53:00,2025-07-11 21:53:00
EMP_046,EMEA,2025-12-02 01:24:00,2025-12-05 01:24:00
EMP_273,LATAM,2025-06-10 09:43:00,2025-06-14 09:43:00
EMP_400,EMEA,2025-10-17 09:43:00,2025-10-22 09:43:00
EMP_106,EMEA,2025-07-16 12:10:00,2025-07-19 12:10:00
EMP_141,EMEA,2025-04-16 05:00:00,2025-04-22 05:00:00
EMP_151,APAC,2025-03-31 23:10:00,2025-04-07 23:10:00
EMP_164,LATAM,2025-04-15 22:36:00,2025-04-21 22:36:00
EMP_097,NA,2025-06-18 02:48:00,2025-06-24 02:48:00
EMP_005,NA,2025-11-08 05:23:00,2025-11-12 05:23:00
EMP_324,NA,2025-03-17 14:15:00,2025-03-23 14:15:00
EMP_232,EMEA,2025-09-30 14:32:00,2025-10-03 14:32:00
EMP_429,APAC,2025-12-28 20:35:00,2026-01-02 20:35:00
EMP_336,APAC,2025-12-06 08:49:00,2025-12-10 08:49:00
EMP_080,EMEA,2025-09-20 04:36:00,2025-09-26 04:36:00
EMP_025,EMEA,2025-07-04 00:56:00,2025-07-07 00:56:00
EMP_378,APAC,2025-09-17 00:41:00,2025-09-21 00:41:00
EMP_219,APAC,2025-03-10 01:36:00,2025-03-16 01:36:00
EMP_046,EMEA,2025-03-29 09:00:00,2025-04-03 09:00:00
EMP_450,EMEA,2025-04-18 03:34:00,2025-04-22 03:34:00
EMP_071,NA,2025-09-08 02:34:00,2025-09-15 02:34:00
EMP_064,LATAM,2025-11-04 04:44:00,2025-11-08 04:44:00
EMP_098,NA,2025-07-21 08:34:00,2025-07-26 08:34:00
EMP_007,NA,2025-07-02 23:02:00,2025-07-08 23:02:00
EMP_340,APAC,2025-08-27 07:17:00,2025-09-02 07:17:00
EMP_203,EMEA,2025-08-02 02:11:00,2025-08-09 02:11:00
EMP_217,APAC,2025-02-20 00:32:00,2025-02-24 00:32:00
EMP_191,NA,2025-01-31 07:05:00,2025-02-06 07:05:00
EMP_365,APAC,2025-03-16 10:19:00,2025-03-20 10:19:00
EMP_117,APAC,2025-05-02 21:11:00,2025-05-09 21:11:00
EMP_031,APAC,2025-08-09 15:53:00,2025-08-14 15:53:00
EMP_246,NA,2025-05-03 09:27:00,2025-05-09 09:27:00
EMP_418,NA,2025-05-15 07:09:00,2025-05-19 07:09:00
EMP_320,APAC,2025-06-16 20:29:00,2025-06-22 20:29:00
EMP_008,LATAM,2025-08-21 15:39:00,2025-08-25 15:39:00
EMP_136,APAC,2025-03-14 15:09:00,2025-03-18 15:09:00
EMP_265,LATAM,2025-08-21 11:33:00,2025-08-28 11:33:00
EMP_165,EMEA,2025-06-20 00:26:00,2025-06-26 00:26:00
EMP_331,EMEA,2025-10-19 10:16:00,2025-10-25 10:16:00
EMP_357,LATAM,2025-03-08 22:30:00,2025-03-11 22:30:00
EMP_372,APAC,2025-03-24 01:50:00,2025-03-30 01:50:00
EMP_015,APAC,2025-10-28 14:07:00,2025-11-02 14:07:00
EMP_190,LATAM,2025-04-04 08:45:00,2025-04-10 08:45:00
EMP_245,EMEA,2025-06-25 13:18:00,2025-06-29 13:18:00
EMP_245,EMEA,2025-01-15 12:36:00,2025-01-19 12:36:00
EMP_029,APAC,2025-09-19 06:46:00,2025-09-26 06:46:00
EMP_003,NA,2025-02-04 16:45:00,2025-02-07 16:45:00
EMP_185,EMEA,2025-10-22 20:23:00,2025-10-27 20:23:00
EMP_203,EMEA,2025-11-05 11:23:00,2025-11-08 11:23:00
EMP_379,LATAM,2025-02-26 14:43:00,2025-03-04 14:43:00
EMP_056,APAC,2025-09-03 06:26:00,2025-09-09 06:26:00
EMP_420,APAC,2025-03-14 22:14:00,2025-03-18 22:14:00
EMP_129,LATAM,2025-08-12 12:07:00,2025-08-15 12:07:00
EMP_438,APAC,2025-11-26 00:20:00,2025-12-02 00:20:00
EMP_218,LATAM,2025-10-18 11:21:00,2025-10-23 11:21:00
EMP_176,EMEA,2025-06-01 08:24:00,2025-06-05 08:24:00
EMP_164,LATAM,2025-03-25 00:48:00,2025-03-30 00:48:00
EMP_070,NA,2025-09-21 22:09:00,2025-09-27 22:09:00
EMP_317,LATAM,2025-07-23 11:21:00,2025-07-28 11:21:00
EMP_190,LATAM,2025-10-09 14:00:00,2025-10-15 14:00:00
EMP_200,NA,2025-10-24 13:16:00,2025-10-29 13:16:00
EMP_002,EMEA,2025-08-31 04:27:00,2025-09-06 04:27:00
EMP_031,APAC,2025-07-17 13:49:00,2025-07-21 13:49:00
EMP_247,LATAM,2025-10-15 21:21:00,2025-10-22 21:21:00
EMP_012,APAC,2025-12-07 18:42:00,2025-12-11 18:42:00
EMP_011,LATAM,2025-02-14 02:27:00,2025-02-18 02:27:00
EMP_051,LATAM,2025-01-01 18:04:00,2025-01-05 18:04:00
EMP_183,APAC,2025-09-11 01:05:00,2025-09-15 01:05:00
EMP_331,EMEA,2025-07-02 19:36:00,2025-07-07 19:36:00
EMP_442,LATAM,2025-07-26 23:33:00,2025-08-02 23:33:00
EMP_028,NA,2025-06-25 09:55:00,2025-06-30 09:55:00
EMP_428,APAC,2025-07-24 03:02:00,2025-07-27 03:02:00
EMP_136,APAC,2025-02-25 10:17:00,2025-03-01 10:17:00
EMP_305,APAC,2025-07-22 18:23:00,2025-07-28 18:23:00
EMP_150,EMEA,2025-10-15 02:37:00,2025-10-19 02:37:00
EMP_291,EMEA,2025-05-18 18:14:00,2025-05-24 18:14:00
EMP_120,APAC,2025-01-03 23:02:00,2025-01-08 23:02:00
EMP_233,APAC,2025-06-04 03:44:00,2025-06-07 03:44:00
EMP_431,LATAM,2025-01-03 03:28:00,2025-01-08 03:28:00
EMP_001,NA,2025-10-28 20:52:00,2025-11-03 20:52:00
EMP_088,NA,2025-08-15 23:41:00,2025-08-20 23:41:00
EMP_425,NA,2025-12-08 22:38:00,2025-12-11 22:38:00
EMP_156,EMEA,2025-09-03 19:47:00,2025-09-06 19:47:00
EMP_313,LATAM,2025-10-22 23:07:00,2025-10-27 23:07:00
EMP_429,APAC,2025-07-17 01:23:00,2025-07-21 01:23:00
EMP_437,NA,2025-07-05 18:18:00,2025-07-09 18:18:00
EMP_436,NA,2025-08-24 10:59:00,2025-08-28 10:59:00
EMP_154,APAC,2025-07-21 03:45:00,2025-07-28 03:45:00
EMP_359,LATAM,2025-09-09 08:22:00,2025-09-13 08:22:00
EMP_225,APAC,2025-10-28 05:32:00,2025-11-01 05:32:00
EMP_296,NA,2025-12-08 23:55:00,2025-12-15 23:55:00
EMP_211,NA,2025-03-16 07:01:00,2025-03-20 07:01:00
EMP_166,NA,2025-01-27 11:52:00,2025-02-02 11:52:00
EMP_234,APAC,2025-11-13 01:38:00,2025-11-17 01:38:00
EMP_006,LATAM,2025-04-19 23:42:00,2025-04-24 23:42:00
EMP_303,EMEA,2025-01-21 07:17:00,2025-01-26 07:17:00
EMP_387,EMEA,2025-10-20 21:58:00,2025-10-24 21:58:00
EMP_235,APAC,2025-02-13 08:13:00,2025-02-17 08:13:00
EMP_068,LATAM,2025-09-18 23:00:00,2025-09-22 23:00:00
EMP_387,EMEA,2025-02-08 17:23:00,2025-02-14 17:23:00
EMP_264,APAC,2025-07-28 03:07:00,2025-08-02 03:07:00
EMP_221,LATAM,2025-02-13 03:08:00,2025-02-17 03:08:00
EMP_363,APAC,2025-12-27 12:56:00,2026-01-02 12:56:00
EMP_189,EMEA,2025-03-23 16:59:00,2025-03-28 16:59:00
EMP_323,LATAM,2025-02-04 08:38:00,2025-02-10 08:38:00
EMP_278,EMEA,2025-07-23 21:24:00,2025-07-28 21:24:00
EMP_130,EMEA,2025-12-05 20:54:00,2025-12-11 20:54:00
EMP_007,NA,2025-09-20 04:41:00,2025-09-25 04:41:00
EMP_429,APAC,2025-05-27 20:48:00,2025-05-31 20:48:00
EMP_188,LATAM,2025-10-26 13:47:00,2025-10-30 13:47:00
EMP_077,NA,2025-08-06 16:03:00,2025-08-10 16:03:00
EMP_297,NA,2025-07-27 02:33:00,2025-08-02 02:33:00
EMP_348,EMEA,2025-05-20 23:09:00,2025-05-26 23:09:00
EMP_080,EMEA,2025-06-02 01:21:00,2025-06-05 01:21:00
EMP_339,APAC,2025-10-08 12:03:00,2025-10-14 12:03:00
EMP_009,EMEA,2025-07-07 05:42:00,2025-07-13 05:42:00
EMP_200,NA,2025-01-30 04:24:00,2025-02-06 04:24:00
EMP_260,NA,2025-10-28 11:40:00,2025-10-31 11:40:00
EMP_217,APAC,2025-10-07 22:56:00,2025-10-11 22:56:00
EMP_081,APAC,2025-07-25 21:12:00,2025-07-29 21:12:00
EMP_112,APAC,2025-03-29 19:01:00,2025-04-02 19:01:00
EMP_199,NA,2025-02-12 14:28:00,2025-02-18 14:28:00
EMP_326,NA,2025-08-09 03:24:00,2025-08-13 03:24:00
EMP_225,APAC,2025-03-17 20:28:00,2025-03-21 20:28:00
EMP_250,NA,2025-03-12 16:12:00,2025-03-17 16:12:00
EMP_420,APAC,2025-04-30 16:04:00,2025-05-05 16:04:00
EMP_370,LATAM,2025-07-01 12:33:00,2025-07-06 12:33:00
EMP_231,APAC,2025-06-12 14:11:00,2025-06-19 14:11:00
EMP_223,LATAM,2025-04-07 04:53:00,2025-04-13 04:53:00
EMP_340,APAC,2025-08-05 23:05:00,2025-08-12 23:05:00
EMP_023,EMEA,2025-11-10 15:10:00,2025-11-14 15:10:00
EMP_122,EMEA,2025-04-07 06:34:00,2025-04-13 06:34:00
EMP_287,NA,2025-08-15 07:19:00,2025-08-20 07:19:00
EMP_332,EMEA,2025-10-17 09:20:00,2025-10-23 09:20:00
EMP_300,LATAM,2025-11-11 23:38:00,2025-11-14 23:38:00
EMP_020,APAC,2025-02-07 19:34:00,2025-02-14 19:34:00
EMP_352,APAC,2025-05-23 19:39:00,2025-05-27 19:39:00
EMP_024,LATAM,2025-11-21 19:29:00,2025-11-24 19:29:00
EMP_417,NA,2025-12-25 05:17:00,2025-12-29 05:17:00
EMP_221,LATAM,2025-09-15 07:51:00,2025-09-22 07:51:00
EMP_252,EMEA,2025-07-10 18:57:00,2025-07-14 18:57:00
EMP_031,APAC,2025-07-08 13:35:00,2025-07-12 13:35:00
EMP_391,EMEA,2025-06-14 07:49:00,2025-06-19 07:49:00
EMP_011,LATAM,2025-06-27 04:52:00,2025-07-03 04:52:00
EMP_330,APAC,2025-07-28 04:20:00,2025-08-02 04:20:00
EMP_256,LATAM,2025-07-23 14:45:00,2025-07-30 14:45:00
EMP_318,NA,2025-12-15 03:03:00,2025-12-19 03:03:00
EMP_322,LATAM,2025-02-22 05:34:00,2025-02-28 05:34:00
EMP_297,NA,2025-06-29 07:39:00,2025-07-02 07:39:00
EMP_397,LATAM,2025-02-05 15:16:00,2025-02-08 15:16:00
EMP_186,LATAM,2025-07-08 02:02:00,2025-07-15 02:02:00
EMP_180,EMEA,2025-03-25 04:18:00,2025-03-31 04:18:00
EMP_029,APAC,2025-12-06 08:22:00,2025-12-09 08:22:00
EMP_313,LATAM,2025-07-30 23:05:00,2025-08-05 23:05:00
EMP_052,EMEA,2025-02-20 23:18:00,2025-02-23 23:18:00
EMP_198,NA,2025-06-06 05:49:00,2025-06-11 05:49:00
EMP_131,EMEA,2025-12-23 14:23:00,2025-12-29 14:23:00
EMP_381,APAC,2025-01-12 00:02:00,2025-01-16 00:02:00
EMP_162,NA,2025-08-15 09:33:00,2025-08-22 09:33:00
EMP_099,APAC,2025-05-29 02:46:00,2025-06-01 02:46:00
EMP_169,EMEA,2025-10-04 20:03:00,2025-10-11 20:03:00
EMP_185,EMEA,2025-02-05 20:04:00,2025-02-08 20:04:00
EMP_397,LATAM,2025-05-15 09:24:00,2025-05-21 09:24:00
EMP_100,APAC,2025-03-04 16:43:00,2025-03-09 16:43:00
EMP_276,NA,2025-12-23 06:18:00,2025-12-28 06:18:00
EMP_129,LATAM,2025-07-12 21:37:00,2025-07-19 21:37:00
EMP_003,NA,2025-11-19 19:40:00,2025-11-24 19:40:00
EMP_046,EMEA,2025-03-26 08:27:00,2025-04-02 08:27:00
EMP_352,APAC,2025-10-01 02:43:00,2025-10-06 02:43:00
EMP_382,NA,2025-11-28 11:48:00,2025-12-05 11:48:00
EMP_443,APAC,2025-10-30 11:55:00,2025-11-04 11:55:00
EMP_436,NA,2025-12-02 00:59:00,2025-12-07 00:59:00
EMP_295,NA,2025-10-01 03:05:00,2025-10-05 03:05:00
EMP_227,EMEA,2025-11-08 15:45:00,2025-11-15 15:45:00
EMP_139,NA,2025-11-01 23:22:00,2025-11-04 23:22:00
EMP_276,NA,2025-11-09 16:51:00,2025-11-13 16:51:00
EMP_009,EMEA,2025-03-25 05:19:00,2025-03-28 05:19:00
EMP_216,LATAM,2025-08-25 10:10:00,2025-08-29 10:10:00
EMP_408,APAC,2025-06-11 04:09:00,2025-06-15 04:09:00
EMP_196,LATAM,2025-01-17 01:31:00,2025-01-22 01:31:00
EMP_316,APAC,2025-07-04 15:44:00,2025-07-07 15:44:00
EMP_428,APAC,2025-07-20 15:45:00,2025-07-24 15:45:00
EMP_360,EMEA,2025-12-18 13:21:00,2025-12-22 13:21:00
EMP_403,NA,2025-10-27 04:38:00,2025-11-01 04:38:00
EMP_093,APAC,2025-09-21 06:04:00,2025-09-27 06:04:00
EMP_086,LATAM,2025-08-20 20:31:00,2025-08-25 20:31:00
EMP_358,APAC,2025-04-14 09:36:00,2025-04-21 09:36:00
EMP_167,APAC,2025-11-14 08:11:00,2025-11-19 08:11:00
EMP_266,APAC,2025-10-02 00:14:00,2025-10-07 00:14:00
EMP_393,NA,2025-11-06 11:52:00,2025-11-11 11:52:00
EMP_387,EMEA,2025-05-26 17:14:00,2025-05-30 17:14:00
EMP_109,NA,2025-12-20 00:37:00,2025-12-24 00:37:00
EMP_409,APAC,2025-05-07 00:57:00,2025-05-13 00:57:00
EMP_232,EMEA,2025-09-20 21:17:00,2025-09-26 21:17:00
EMP_087,EMEA,2025-04-20 13:13:00,2025-04-26 13:13:00
EMP_347,EMEA,2025-07-14 18:06:00,2025-07-20 18:06:00
EMP_039,NA,2025-09-30 20:30:00,2025-10-05 20:30:00
EMP_175,NA,2025-02-23 01:24:00,2025-02-27 01:24:00
EMP_316,APAC,2025-04-11 14:13:00,2025-04-15 14:13:00
EMP_359,LATAM,2025-12-26 17:07:00,2025-12-29 17:07:00
EMP_334,EMEA,2025-10-28 07:34:00,2025-11-03 07:34:00
EMP_038,LATAM,2025-04-12 01:40:00,2025-04-18 01:40:00
EMP_134,APAC,2025-07-17 01:27:00,2025-07-21 01:27:00
EMP_438,APAC,2025-10-30 09:58:00,2025-11-02 09:58:00
EMP_263,LATAM,2025-08-03 07:07:00,2025-08-10 07:07:00
EMP_285,APAC,2025-01-23 23:47:00,2025-01-26 23:47:00
EMP_366,NA,2025-06-14 07:32:00,2025-06-20 07:32:00
EMP_004,NA,2025-06-07 03:54:00,2025-06-11 03:54:00
EMP_361,LATAM,2025-06-27 00:54:00,2025-06-30 00:54:00
EMP_013,NA,2025-10-28 20:00:00,2025-11-03 20:00:00
EMP_388,EMEA,2025-08-23 19:45:00,2025-08-27 19:45:00
EMP_100,APAC,2025-01-13 02:39:00,2025-01-17 02:39:00
EMP_316,APAC,2025-10-09 04:19:00,2025-10-15 04:19:00
EMP_354,EMEA,2025-09-11 11:12:00,2025-09-15 11:12:00
EMP_058,NA,2025-10-19 21:49:00,2025-10-22 21:49:00
EMP_249,LATAM,2025-06-25 20:38:00,2025-06-29 20:38:00
EMP_106,EMEA,2025-06-09 04:10:00,2025-06-14 04:10:00
EMP_245,EMEA,2025-08-12 07:08:00,2025-08-19 07:08:00
EMP_173,NA,2025-06-21 22:22:00,2025-06-26 22:22:00
EMP_360,EMEA,2025-01-08 11:50:00,2025-01-14 11:50:00
EMP_250,NA,2025-09-18 13:35:00,2025-09-23 13:35:00
EMP_186,LATAM,2025-01-02 23:03:00,2025-01-08 23:03:00
EMP_330,APAC,2025-04-27 11:33:00,2025-05-01 11:33:00
EMP_110,LATAM,2025-05-02 04:40:00,2025-05-06 04:40:00
EMP_243,APAC,2025-09-14 00:10:00,2025-09-19 00:10:00
EMP_276,NA,2025-12-29 09:18:00,2026-01-03 09:18:00
EMP_433,LATAM,2025-12-19 00:28:00,2025-12-25 00:28:00
EMP_386,EMEA,2025-08-03 01:41:00,2025-08-09 01:41:00
EMP_287,NA,2025-02-06 01:56:00,2025-02-12 01:56:00
EMP_070,NA,2025-11-23 00:12:00,2025-11-26 00:12:00
EMP_134,APAC,2025-08-22 11:51:00,2025-08-28 11:51:00
EMP_227,EMEA,2025-01-29 00:06:00,2025-02-04 00:06:00
EMP_089,NA,2025-09-21 07:58:00,2025-09-24 07:58:00
EMP_097,NA,2025-07-04 09:33:00,2025-07-07 09:33:00
EMP_050,NA,2025-10-08 19:13:00,2025-10-14 19:13:00
EMP_062,APAC,2025-01-06 00:47:00,2025-01-11 00:47:00
EMP_073,EMEA,2025-01-07 03:51:00,2025-01-13 03:51:00
EMP_436,NA,2025-09-02 18:02:00,2025-09-07 18:02:00
EMP_008,LATAM,2025-06-11 19:48:00,2025-06-15 19:48:00
EMP_179,LATAM,2025-07-20 22:58:00,2025-07-25 22:58:00
EMP_107,APAC,2025-08-09 05:33:00,2025-08-15 05:33:00
EMP_289,APAC,2025-09-30 14:52:00,2025-10-05 14:52:00
EMP_086,LATAM,2025-07-11 13:58:00,2025-07-14 13:58:00
EMP_120,APAC,2025-08-11 10:01:00,2025-08-16 10:01:00
EMP_329,NA,2025-11-10 04:12:00,2025-11-13 04:12:00
EMP_242,APAC,2025-01-05 09:54:00,2025-01-11 09:54:00
EMP_274,LATAM,2025-01-31 22:57:00,2025-02-05 22:57:00
EMP_148,EMEA,2025-02-22 15:57:00,2025-02-26 15:57:00
EMP_212,NA,2025-03-30 12:54:00,2025-04-06 12:54:00
EMP_196,LATAM,2025-05-03 05:01:00,2025-05-10 05:01:00
EMP_100,APAC,2025-02-14 18:10:00,2025-02-19 18:10:00
EMP_208,LATAM,2025-10-20 00:51:00,2025-10-23 00:51:00
EMP_261,EMEA,2025-01-26 11:40:00,2025-01-31 11:40:00
EMP_018,NA,2025-11-29 03:35:00,2025-12-04 03:35:00
EMP_289,APAC,2025-05-22 02:26:00,2025-05-26 02:26:00
EMP_372,APAC,2025-12-13 13:01:00,2025-12-17 13:01:00
EMP_018,NA,2025-05-07 08:42:00,2025-05-13 08:42:00
EMP_207,NA,2025-01-09 17:07:00,2025-01-15 17:07:00
EMP_002,EMEA,2025-09-02 11:46:00,2025-09-09 11:46:00
EMP_275,NA,2025-02-23 06:38:00,2025-02-28 06:38:00
EMP_325,APAC,2025-06-11 14:19:00,2025-06-17 14:19:00
EMP_293,LATAM,2025-09-09 16:14:00,2025-09-14 16:14:00
EMP_125,LATAM,2025-05-05 22:43:00,2025-05-12 22:43:00
EMP_410,NA,2025-04-24 23:48:00,2025-05-01 23:48:00
EMP_283,APAC,2025-01-21 09:04:00,2025-01-24 09:04:00
EMP_142,APAC,2025-02-24 09:42:00,2025-02-28 09:42:00
EMP_443,APAC,2025-04-25 09:18:00,2025-04-30 09:18:00
EMP_207,NA,2025-05-14 07:25:00,2025-05-18 07:25:00
EMP_246,NA,2025-06-09 04:38:00,2025-06-13 04:38:00
EMP_361,LATAM,2025-10-29 22:23:00,2025-11-04 22:23:00
EMP_363,APAC,2025-06-25 10:40:00,2025-07-02 10:40:00
EMP_255,EMEA,2025-02-14 07:41:00,2025-02-19 07:41:00
EMP_371,NA,2025-01-02 10:51:00,2025-01-06 10:51:00
EMP_302,EMEA,2025-07-31 10:44:00,2025-08-05 10:44:00
EMP_440,NA,2025-03-28 11:18:00,2025-04-03 11:18:00
EMP_320,APAC,2025-05-29 11:01:00,2025-06-02 11:01:00
EMP_093,APAC,2025-09-17 09:22:00,2025-09-23 09:22:00
EMP_006,LATAM,2025-12-25 17:54:00,2025-12-31 17:54:00
EMP_338,EMEA,2025-09-05 16:07:00,2025-09-09 16:07:00
EMP_151,APAC,2025-06-03 01:05:00,2025-06-09 01:05:00
EMP_191,NA,2025-05-20 12:37:00,2025-05-27 12:37:00
EMP_099,APAC,2025-10-31 03:11:00,2025-11-06 03:11:00
EMP_444,LATAM,2025-04-28 22:36:00,2025-05-04 22:36:00
EMP_111,NA,2025-02-19 02:03:00,2025-02-25 02:03:00
EMP_021,APAC,2025-12-11 05:18:00,2025-12-16 05:18:00
EMP_412,EMEA,2025-05-25 21:26:00,2025-06-01 21:26:00
EMP_112,APAC,2025-12-05 17:23:00,2025-12-12 17:23:00
EMP_299,APAC,2025-03-26 02:55:00,2025-04-01 02:55:00
EMP_136,APAC,2025-01-17 09:53:00,2025-01-21 09:53:00
EMP_130,EMEA,2025-12-01 00:15:00,2025-12-07 00:15:00
EMP_409,APAC,2025-01-05 07:25:00,2025-01-09 07:25:00
EMP_418,NA,2025-06-27 06:40:00,2025-07-03 06:40:00
EMP_377,LATAM,2025-10-26 09:34:00,2025-11-01 09:34:00
EMP_107,APAC,2025-03-27 22:19:00,2025-04-02 22:19:00
EMP_399,APAC,2025-08-15 18:36:00,2025-08-20 18:36:00
EMP_435,APAC,2025-02-24 12:41:00,2025-02-27 12:41:00
EMP_013,NA,2025-04-27 14:52:00,2025-05-03 14:52:00
EMP_307,LATAM,2025-01-28 17:04:00,2025-02-01 17:04:00
EMP_168,LATAM,2025-07-12 08:15:00,2025-07-16 08:15:00
EMP_417,NA,2025-05-22 16:54:00,2025-05-29 16:54:00
EMP_431,LATAM,2025-08-13 06:06:00,2025-08-19 06:06:00
EMP_295,NA,2025-09-22 01:20:00,2025-09-26 01:20:00
EMP_040,APAC,2025-08-11 11:49:00,2025-08-17 11:49:00
EMP_189,EMEA,2025-04-11 08:21:00,2025-04-17 08:21:00
EMP_383,LATAM,2025-02-14 06:34:00,2025-02-21 06:34:00
EMP_155,EMEA,2025-02-06 17:15:00,2025-02-11 17:15:00
EMP_174,EMEA,2025-07-08 21:23:00,2025-07-13 21:23:00
EMP_425,NA,2025-11-03 21:35:00,2025-11-07 21:35:00
EMP_434,APAC,2025-02-21 03:29:00,2025-02-27 03:29:00
EMP_343,APAC,2025-07-07 15:27:00,2025-07-13 15:27:00
EMP_112,APAC,2025-11-16 03:04:00,2025-11-20 03:04:00
EMP_194,APAC,2025-08-13 06:44:00,2025-08-16 06:44:00
EMP_032,LATAM,2025-04-30 01:59:00,2025-05-06 01:59:00
EMP_287,NA,2025-12-26 13:08:00,2025-12-31 13:08:00
EMP_298,EMEA,2025-01-19 15:22:00,2025-01-23 15:22:00
EMP_280,LATAM,2025-06-07 22:29:00,2025-06-12 22:29:00
EMP_266,APAC,2025-05-23 14:22:00,2025-05-29 14:22:00
EMP_445,NA,2025-10-31 12:15:00,2025-11-07 12:15:00
EMP_002,EMEA,2025-05-31 08:00:00,2025-06-06 08:00:00
EMP_407,APAC,2025-01-23 04:52:00,2025-01-26 04:52:00
EMP_237,EMEA,2025-07-27 08:56:00,2025-08-02 08:56:00
EMP_350,NA,2025-12-13 19:48:00,2025-12-16 19:48:00
EMP_062,APAC,2025-02-17 04:49:00,2025-02-24 04:49:00
EMP_065,EMEA,2025-11-10 16:56:00,2025-11-16 16:56:00
EMP_248,NA,2025-02-17 06:21:00,2025-02-22 06:21:00
EMP_188,LATAM,2025-04-08 10:24:00,2025-04-11 10:24:00
EMP_334,EMEA,2025-01-03 18:16:00,2025-01-07 18:16:00
EMP_253,APAC,2025-08-01 23:06:00,2025-08-06 23:06:00
EMP_020,APAC,2025-10-02 02:20:00,2025-10-05 02:20:00
EMP_204,APAC,2025-12-22 08:13:00,2025-12-29 08:13:00
EMP_405,LATAM,2025-10-13 12:07:00,2025-10-19 12:07:00
EMP_233,APAC,2025-04-29 19:12:00,2025-05-02 19:12:00
EMP_031,APAC,2025-11-29 07:54:00,2025-12-06 07:54:00
EMP_318,NA,2025-02-01 20:25:00,2025-02-08 20:25:00
EMP_231,APAC,2025-01-14 12:02:00,2025-01-20 12:02:00
EMP_148,EMEA,2025-08-17 23:17:00,2025-08-20 23:17:00
EMP_136,APAC,2025-05-06 18:34:00,2025-05-09 18:34:00
EMP_175,NA,2025-02-27 17:46:00,2025-03-03 17:46:00
EMP_046,EMEA,2025-12-11 15:59:00,2025-12-14 15:59:00
EMP_275,NA,2025-11-07 13:29:00,2025-11-11 13:29:00
EMP_155,EMEA,2025-08-08 18:21:00,2025-08-15 18:21:00
EMP_248,NA,2025-04-02 09:13:00,2025-04-08 09:13:00
EMP_265,LATAM,2025-03-16 23:17:00,2025-03-23 23:17:00
EMP_044,NA,2025-08-30 02:01:00,2025-09-03 02:01:00
EMP_149,NA,2025-12-09 04:19:00,2025-12-16 04:19:00
EMP_282,EMEA,2025-09-01 10:29:00,2025-09-06 10:29:00
EMP_349,EMEA,2025-09-28 06:50:00,2025-10-02 06:50:00
EMP_115,APAC,2025-04-27 07:10:00,2025-04-30 07:10:00
EMP_173,NA,2025-10-30 18:56:00,2025-11-04 18:56:00
EMP_118,NA,2025-07-31 01:17:00,2025-08-06 01:17:00
EMP_204,APAC,2025-02-08 00:11:00,2025-02-13 00:11:00
EMP_146,EMEA,2025-12-19 19:10:00,2025-12-23 19:10:00
EMP_382,NA,2025-07-29 08:08:00,2025-08-05 08:08:00
EMP_054,LATAM,2025-11-01 06:57:00,2025-11-07 06:57:00
EMP_225,APAC,2025-12-13 04:16:00,2025-12-18 04:16:00
EMP_267,EMEA,2025-03-10 00:49:00,2025-03-15 00:49:00
EMP_237,EMEA,2025-03-16 22:59:00,2025-03-21 22:59:00
EMP_365,APAC,2025-08-25 04:19:00,2025-08-31 04:19:00
EMP_277,APAC,2025-05-07 11:52:00,2025-05-11 11:52:00
EMP_199,NA,2025-01-10 06:17:00,2025-01-14 06:17:00
EMP_053,EMEA,2025-03-19 12:38:00,2025-03-24 12:38:00
EMP_291,EMEA,2025-02-25 21:20:00,2025-03-03 21:20:00
EMP_145,APAC,2025-01-05 23:12:00,2025-01-09 23:12:00
EMP_227,EMEA,2025-12-21 16:32:00,2025-12-26 16:32:00
EMP_250,NA,2025-07-02 19:08:00,2025-07-06 19:08:00
EMP_167,APAC,2025-08-03 02:46:00,2025-08-09 02:46:00
EMP_067,LATAM,2025-01-09 09:07:00,2025-01-15 09:07:00
EMP_004,NA,2025-06-29 04:08:00,2025-07-05 04:08:00
EMP_194,APAC,2025-10-12 03:29:00,2025-10-17 03:29:00
EMP_229,LATAM,2025-01-01 21:35:00,2025-01-06 21:35:00
EMP_180,EMEA,2025-03-05 09:42:00,2025-03-09 09:42:00
EMP_135,NA,2025-10-18 06:32:00,2025-10-21 06:32:00
EMP_188,LATAM,2025-05-31 10:18:00,2025-06-05 10:18:00
EMP_322,LATAM,2025-04-24 04:44:00,2025-04-29 04:44:00
EMP_139,NA,2025-07-06 11:30:00,2025-07-12 11:30:00
EMP_253,APAC,2025-05-15 00:05:00,2025-05-20 00:05:00
EMP_234,APAC,2025-01-15 01:06:00,2025-01-20 01:06:00
EMP_229,LATAM,2025-08-21 02:47:00,2025-08-28 02:47:00
EMP_218,LATAM,2025-01-09 15:46:00,2025-01-13 15:46:00
EMP_402,APAC,2025-12-17 01:42:00,2025-12-21 01:42:00
EMP_171,APAC,2025-11-16 00:16:00,2025-11-19 00:16:00
EMP_019,LATAM,2025-10-30 01:33:00,2025-11-03 01:33:00
EMP_148,EMEA,2025-11-26 09:49:00,2025-12-02 09:49:00
EMP_219,APAC,2025-08-30 20:09:00,2025-09-03 20:09:00
EMP_167,APAC,2025-07-22 11:01:00,2025-07-26 11:01:00
EMP_042,LATAM,2025-01-03 05:30:00,2025-01-09 05:30:00
EMP_042,LATAM,2025-10-10 16:33:00,2025-10-16 16:33:00
EMP_277,APAC,2025-07-31 07:02:00,2025-08-06 07:02:00
EMP_192,LATAM,2025-03-09 12:01:00,2025-03-12 12:01:00
EMP_056,APAC,2025-05-04 13:18:00,2025-05-08 13:18:00
EMP_164,LATAM,2025-12-30 01:07:00,2026-01-05 01:07:00
EMP_264,APAC,2025-10-26 18:11:00,2025-10-30 18:11:00
EMP_093,APAC,2025-09-29 07:55:00,2025-10-05 07:55:00
EMP_088,NA,2025-08-28 20:41:00,2025-09-02 20:41:00
EMP_244,NA,2025-04-04 04:15:00,2025-04-08 04:15:00
EMP_087,EMEA,2025-10-09 20:49:00,2025-10-14 20:49:00
EMP_148,EMEA,2025-12-07 16:01:00,2025-12-13 16:01:00
EMP_412,EMEA,2025-06-21 16:36:00,2025-06-25 16:36:00
EMP_314,LATAM,2025-01-12 09:10:00,2025-01-18 09:10:00
EMP_288,LATAM,2025-06-12 04:17:00,2025-06-19 04:17:00
EMP_297,NA,2025-01-29 19:59:00,2025-02-03 19:59:00
EMP_001,NA,2025-07-28 09:35:00,2025-08-01 09:35:00
EMP_445,NA,2025-12-26 18:51:00,2025-12-31 18:51:00
EMP_430,APAC,2025-03-13 08:23:00,2025-03-17 08:23:00
EMP_427,NA,2025-02-04 23:32:00,2025-02-08 23:32:00
EMP_153,EMEA,2025-04-09 07:08:00,2025-04-13 07:08:00
EMP_148,EMEA,2025-06-23 15:49:00,2025-06-26 15:49:00
EMP_008,LATAM,2025-01-19 19:52:00,2025-01-23 19:52:00
EMP_122,EMEA,2025-10-01 07:37:00,2025-10-04 07:37:00
EMP_258,NA,2025-04-23 17:47:00,2025-04-27 17:47:00
EMP_101,EMEA,2025-03-01 05:32:00,2025-03-05 05:32:00
EMP_419,APAC,2025-01-30 20:24:00,2025-02-04 20:24:00
EMP_174,EMEA,2025-04-25 19:14:00,2025-05-02 19:14:00
EMP_144,APAC,2025-10-28 04:21:00,2025-11-03 04:21:00
EMP_058,NA,2025-09-13 14:53:00,2025-09-17 14:53:00
EMP_175,NA,2025-06-24 10:39:00,2025-06-30 10:39:00
EMP_293,LATAM,2025-09-07 15:12:00,2025-09-12 15:12:00
EMP_003,NA,2025-11-01 19:59:00,2025-11-07 19:59:00
EMP_369,LATAM,2025-09-11 22:07:00,2025-09-16 22:07:00
EMP_408,APAC,2025-03-20 12:22:00,2025-03-25 12:22:00
EMP_335,EMEA,2025-08-07 20:13:00,2025-08-14 20:13:00
EMP_155,EMEA,2025-12-17 08:17:00,2025-12-22 08:17:00
EMP_367,APAC,2025-04-23 12:14:00,2025-04-27 12:14:00
EMP_124,APAC,2025-02-25 19:40:00,2025-03-03 19:40:00
EMP_282,EMEA,2025-12-02 12:59:00,2025-12-08 12:59:00
EMP_322,LATAM,2025-06-18 11:42:00,2025-06-24 11:42:00
EMP_269,EMEA,2025-02-26 18:25:00,2025-03-02 18:25:00
EMP_066,LATAM,2025-03-17 07:15:00,2025-03-20 07:15:00
EMP_424,NA,2025-02-08 18:59:00,2025-02-11 18:59:00
EMP_179,LATAM,2025-09-25 18:24:00,2025-10-01 18:24:00
EMP_171,APAC,2025-10-20 13:20:00,2025-10-26 13:20:00
EMP_243,APAC,2025-02-06 16:24:00,2025-02-12 16:24:00
EMP_443,APAC,2025-12-07 21:16:00,2025-12-12 21:16:00
EMP_135,NA,2025-03-21 10:56:00,2025-03-27 10:56:00
EMP_163,NA,2025-09-10 05:35:00,2025-09-16 05:35:00
EMP_103,NA,2025-12-28 13:14:00,2026-01-02 13:14:00
EMP_281,LATAM,2025-11-14 04:21:00,2025-11-19 04:21:00
EMP_396,APAC,2025-07-14 19:11:00,2025-07-18 19:11:00
EMP_428,APAC,2025-11-24 21:30:00,2025-11-30 21:30:00
EMP_440,NA,2025-08-09 18:03:00,2025-08-14 18:03:00
EMP_153,EMEA,2025-08-27 20:44:00,2025-09-01 20:44:00
EMP_281,LATAM,2025-02-14 13:10:00,2025-02-18 13:10:00
EMP_358,APAC,2025-12-06 00:36:00,2025-12-13 00:36:00
EMP_367,APAC,2025-06-07 10:59:00,2025-06-12 10:59:00
EMP_029,APAC,2025-05-10 06:48:00,2025-05-15 06:48:00
EMP_302,EMEA,2025-08-23 22:38:00,2025-08-27 22:38:00
EMP_398,NA,2025-03-21 08:35:00,2025-03-25 08:35:00
EMP_111,NA,2025-10-27 00:01:00,2025-10-31 00:01:00
EMP_418,NA,2025-09-08 06:24:00,2025-09-15 06:24:00
EMP_011,LATAM,2025-01-19 07:16:00,2025-01-22 07:16:00
EMP_281,LATAM,2025-06-07 19:48:00,2025-06-12 19:48:00
EMP_300,LATAM,2025-07-27 15:48:00,2025-07-31 15:48:00
EMP_226,APAC,2025-10-17 11:46:00,2025-10-22 11:46:00
EMP_122,EMEA,2025-04-07 12:38:00,2025-04-10 12:38:00
EMP_171,APAC,2025-09-26 09:48:00,2025-10-02 09:48:00
EMP_329,NA,2025-05-23 23:06:00,2025-05-28 23:06:00
EMP_091,EMEA,2025-08-21 15:35:00,2025-08-25 15:35:00
EMP_102,APAC,2025-02-10 21:08:00,2025-02-17 21:08:00
EMP_391,EMEA,2025-01-18 18:21:00,2025-01-21 18:21:00
EMP_002,EMEA,2025-06-30 08:57:00,2025-07-05 08:57:00
EMP_050,NA,2025-10-20 22:08:00,2025-10-27 22:08:00
EMP_361,LATAM,2025-09-14 10:40:00,2025-09-20 10:40:00
EMP_223,LATAM,2025-04-11 21:34:00,2025-04-16 21:34:00
EMP_221,LATAM,2025-03-17 04:58:00,2025-03-21 04:58:00
EMP_371,NA,2025-10-03 20:19:00,2025-10-10 20:19:00
EMP_129,LATAM,2025-06-06 04:09:00,2025-06-11 04:09:00
EMP_227,EMEA,2025-10-12 16:44:00,2025-10-17 16:44:00
EMP_093,APAC,2025-01-11 16:16:00,2025-01-17 16:16:00
EMP_276,NA,2025-09-05 23:00:00,2025-09-10 23:00:00
EMP_036,EMEA,2025-04-26 06:04:00,2025-05-02 06:04:00
EMP_023,EMEA,2025-03-04 12:49:00,2025-03-10 12:49:00
EMP_362,APAC,2025-08-13 01:13:00,2025-08-18 01:13:00
EMP_321,NA,2025-09-01 05:06:00,2025-09-06 05:06:00
EMP_407,APAC,2025-08-28 20:07:00,2025-08-31 20:07:00
EMP_265,LATAM,2025-11-05 08:26:00,2025-11-09 08:26:00
EMP_142,APAC,2025-08-20 02:11:00,2025-08-25 02:11:00
EMP_178,LATAM,2025-07-17 01:33:00,2025-07-21 01:33:00
EMP_114,EMEA,2025-04-06 18:12:00,2025-04-09 18:12:00
EMP_018,NA,2025-08-20 15:15:00,2025-08-24 15:15:00
EMP_426,LATAM,2025-11-11 10:16:00,2025-11-18 10:16:00
EMP_359,LATAM,2025-07-10 13:11:00,2025-07-14 13:11:00
EMP_031,APAC,2025-10-07 16:13:00,2025-10-11 16:13:00
EMP_372,APAC,2025-02-12 19:59:00,2025-02-17 19:59:00
EMP_308,LATAM,2025-11-05 15:50:00,2025-11-12 15:50:00
EMP_001,NA,2025-04-06 14:58:00,2025-04-10 14:58:00
EMP_145,APAC,2025-09-07 21:27:00,2025-09-11 21:27:00
EMP_186,LATAM,2025-10-08 21:24:00,2025-10-14 21:24:00
EMP_346,LATAM,2025-07-07 04:52:00,2025-07-13 04:52:00
EMP_205,NA,2025-08-04 06:53:00,2025-08-11 06:53:00
EMP_313,LATAM,2025-01-08 03:14:00,2025-01-14 03:14:00
EMP_032,LATAM,2025-07-17 11:19:00,2025-07-23 11:19:00
EMP_139,NA,2025-07-12 01:39:00,2025-07-17 01:39:00
EMP_413,LATAM,2025-12-03 20:34:00,2025-12-08 20:34:00
EMP_063,EMEA,2025-10-20 22:25:00,2025-10-26 22:25:00
EMP_243,APAC,2025-03-02 11:31:00,2025-03-06 11:31:00
EMP_358,APAC,2025-06-04 22:08:00,2025-06-08 22:08:00
EMP_352,APAC,2025-11-27 22:28:00,2025-12-02 22:28:00
EMP_355,APAC,2025-05-05 15:14:00,2025-05-08 15:14:00
EMP_115,APAC,2025-11-17 11:21:00,2025-11-22 11:21:00
EMP_245,EMEA,2025-03-10 19:42:00,2025-03-14 19:42:00
EMP_044,NA,2025-11-19 18:13:00,2025-11-25 18:13:00
EMP_424,NA,2025-03-25 04:10:00,2025-03-31 04:10:00
EMP_179,LATAM,2025-08-22 18:14:00,2025-08-26 18:14:00
EMP_356,EMEA,2025-05-06 07:26:00,2025-05-12 07:26:00
EMP_190,LATAM,2025-10-09 18:56:00,2025-10-15 18:56:00
EMP_257,LATAM,2025-11-10 17:22:00,2025-11-16 17:22:00
EMP_016,APAC,2025-10-20 01:00:00,2025-10-25 01:00:00
EMP_290,LATAM,2025-04-11 15:58:00,2025-04-16 15:58:00
EMP_072,LATAM,2025-08-02 11:14:00,2025-08-06 11:14:00
EMP_329,NA,2025-09-04 10:52:00,2025-09-09 10:52:00
EMP_069,LATAM,2025-03-27 09:51:00,2025-03-31 09:51:00
EMP_054,LATAM,2025-09-24 18:09:00,2025-10-01 18:09:00
EMP_267,EMEA,2025-01-11 08:08:00,2025-01-16 08:08:00
EMP_124,APAC,2025-10-30 03:08:00,2025-11-03 03:08:00
EMP_053,EMEA,2025-03-18 10:35:00,2025-03-23 10:35:00
EMP_309,LATAM,2025-02-16 09:28:00,2025-02-23 09:28:00
EMP_163,NA,2025-04-02 19:30:00,2025-04-07 19:30:00
EMP_403,NA,2025-10-16 18:08:00,2025-10-22 18:08:00
EMP_423,EMEA,2025-01-09 21:32:00,2025-01-15 21:32:00
EMP_107,APAC,2025-03-31 19:44:00,2025-04-04 19:44:00
EMP_060,NA,2025-09-27 14:25:00,2025-10-02 14:25:00
EMP_084,NA,2025-07-23 22:32:00,2025-07-29 22:32:00
EMP_321,NA,2024-12-31 01:41:00,2025-01-07 01:41:00
EMP_074,EMEA,2025-01-09 04:50:00,2025-01-16 04:50:00
EMP_099,APAC,2025-12-14 06:09:00,2025-12-17 06:09:00
EMP_125,LATAM,2025-10-08 06:53:00,2025-10-11 06:53:00
EMP_371,NA,2025-04-08 10:09:00,2025-04-11 10:09:00
EMP_163,NA,2025-08-24 23:44:00,2025-08-31 23:44:00
EMP_080,EMEA,2025-11-20 08:47:00,2025-11-24 08:47:00
EMP_339,APAC,2025-04-03 01:58:00,2025-04-07 01:58:00
EMP_255,EMEA,2025-11-09 01:51:00,2025-11-14 01:51:00
EMP_081,APAC,2025-07-01 09:43:00,2025-07-07 09:43:00
EMP_417,NA,2025-02-23 15:06:00,2025-03-01 15:06:00
EMP_085,NA,2025-05-29 18:08:00,2025-06-05 18:08:00
EMP_126,EMEA,2025-05-14 23:51:00,2025-05-18 23:51:00
EMP_202,EMEA,2025-05-02 16:37:00,2025-05-06 16:37:00
EMP_176,EMEA,2025-09-24 09:31:00,2025-09-30 09:31:00
EMP_368,NA,2025-09-24 00:09:00,2025-09-29 00:09:00
EMP_066,LATAM,2025-08-09 10:44:00,2025-08-14 10:44:00
EMP_291,EMEA,2025-02-12 11:41:00,2025-02-18 11:41:00
EMP_265,LATAM,2025-03-20 23:36:00,2025-03-25 23:36:00
EMP_370,LATAM,2025-09-28 12:30:00,2025-10-03 12:30:00
EMP_058,NA,2025-06-01 14:20:00,2025-06-06 14:20:00
EMP_043,APAC,2025-07-24 08:14:00,2025-07-29 08:14:00
EMP_172,EMEA,2025-04-10 13:21:00,2025-04-14 13:21:00
EMP_021,APAC,2025-11-17 12:06:00,2025-11-24 12:06:00
EMP_066,LATAM,2025-02-01 02:49:00,2025-02-05 02:49:00
EMP_375,LATAM,2025-07-23 07:30:00,2025-07-28 07:30:00
EMP_121,LATAM,2025-04-10 17:02:00,2025-04-14 17:02:00
EMP_058,NA,2025-10-21 20:17:00,2025-10-27 20:17:00
EMP_021,APAC,2025-12-20 03:50:00,2025-12-24 03:50:00
EMP_406,EMEA,2025-03-20 01:23:00,2025-03-25 01:23:00
EMP_123,EMEA,2025-02-11 17:04:00,2025-02-18 17:04:00
EMP_322,LATAM,2025-02-15 16:18:00,2025-02-21 16:18:00
EMP_026,NA,2025-02-12 00:23:00,2025-02-17 00:23:00
EMP_142,APAC,2025-08-11 10:24:00,2025-08-17 10:24:00
EMP_200,NA,2025-11-06 11:44:00,2025-11-13 11:44:00
EMP_355,APAC,2025-06-24 11:26:00,2025-06-30 11:26:00
EMP_438,APAC,2025-07-25 10:59:00,2025-07-31 10:59:00
EMP_244,NA,2025-11-16 19:54:00,2025-11-22 19:54:00
EMP_108,APAC,2025-01-19 12:22:00,2025-01-24 12:22:00
EMP_180,EMEA,2025-05-06 17:30:00,2025-05-13 17:30:00
EMP_389,EMEA,2025-07-15 08:40:00,2025-07-19 08:40:00
EMP_013,NA,2025-05-14 14:15:00,2025-05-20 14:15:00
EMP_150,EMEA,2025-10-21 12:10:00,2025-10-26 12:10:00
EMP_366,NA,2025-02-12 22:18:00,2025-02-16 22:18:00
EMP_029,APAC,2025-06-21 18:14:00,2025-06-28 18:14:00
EMP_369,LATAM,2025-05-22 02:06:00,2025-05-28 02:06:00
EMP_373,EMEA,2025-09-08 22:48:00,2025-09-12 22:48:00
EMP_140,APAC,2025-09-11 18:19:00,2025-09-15 18:19:00
EMP_405,LATAM,2025-10-26 22:51:00,2025-10-31 22:51:00
EMP_296,NA,2025-10-22 21:50:00,2025-10-27 21:50:00
EMP_042,LATAM,2025-07-16 01:16:00,2025-07-19 01:16:00
EMP_087,EMEA,2025-04-29 20:31:00,2025-05-04 20:31:00
EMP_085,NA,2025-10-15 10:55:00,2025-10-22 10:55:00
EMP_342,NA,2025-11-23 20:07:00,2025-11-27 20:07:00
EMP_017,NA,2025-09-11 21:56:00,2025-09-16 21:56:00
EMP_085,NA,2025-04-17 17:32:00,2025-04-22 17:32:00
EMP_101,EMEA,2025-12-06 09:22:00,2025-12-13 09:22:00
EMP_251,NA,2025-12-03 13:02:00,2025-12-10 13:02:00
EMP_122,EMEA,2025-11-23 11:36:00,2025-11-29 11:36:00
EMP_414,LATAM,2025-10-15 05:58:00,2025-10-19 05:58:00
EMP_386,EMEA,2025-10-12 02:45:00,2025-10-19 02:45:00
EMP_310,EMEA,2025-02-19 21:45:00,2025-02-23 21:45:00
EMP_349,EMEA,2025-11-25 16:03:00,2025-11-30 16:03:00
EMP_391,EMEA,2025-04-16 04:37:00,2025-04-21 04:37:00
EMP_192,LATAM,2025-12-17 20:21:00,2025-12-22 20:21:00
EMP_224,APAC,2025-11-11 05:17:00,2025-11-15 05:17:00
EMP_340,APAC,2025-07-24 19:23:00,2025-07-30 19:23:00
EMP_144,APAC,2025-12-08 11:46:00,2025-12-12 11:46:00
EMP_350,NA,2025-03-22 03:55:00,2025-03-28 03:55:00
EMP_256,LATAM,2025-10-30 08:23:00,2025-11-05 08:23:00
EMP_323,LATAM,2025-10-30 05:57:00,2025-11-02 05:57:00
EMP_119,EMEA,2025-10-12 22:17:00,2025-10-18 22:17:00
EMP_169,EMEA,2025-04-01 11:54:00,2025-04-06 11:54:00
EMP_200,NA,2025-12-20 17:36:00,2025-12-25 17:36:00
EMP_095,LATAM,2025-04-17 13:18:00,2025-04-21 13:18:00
EMP_164,LATAM,2025-02-05 13:02:00,2025-02-09 13:02:00
EMP_280,LATAM,2025-10-16 12:41:00,2025-10-20 12:41:00
EMP_109,NA,2025-04-08 00:26:00,2025-04-11 00:26:00
EMP_222,LATAM,2025-09-03 17:46:00,2025-09-09 17:46:00
EMP_208,LATAM,2025-02-12 17:46:00,2025-02-18 17:46:00
EMP_293,LATAM,2025-09-10 00:18:00,2025-09-15 00:18:00
EMP_101,EMEA,2025-07-01 10:59:00,2025-07-06 10:59:00
EMP_221,LATAM,2025-05-22 20:07:00,2025-05-28 20:07:00
EMP_076,NA,2025-05-10 21:03:00,2025-05-15 21:03:00
EMP_008,LATAM,2025-05-29 20:25:00,2025-06-03 20:25:00
EMP_345,NA,2025-08-02 15:15:00,2025-08-05 15:15:00
EMP_195,LATAM,2025-06-16 15:37:00,2025-06-21 15:37:00
EMP_447,APAC,2025-07-08 16:01:00,2025-07-13 16:01:00
EMP_279,APAC,2025-04-12 11:38:00,2025-04-17 11:38:00
EMP_175,NA,2025-01-30 06:13:00,2025-02-05 06:13:00
EMP_306,APAC,2025-05-21 08:09:00,2025-05-27 08:09:00
EMP_052,EMEA,2025-05-25 20:38:00,2025-05-31 20:38:00
EMP_164,LATAM,2025-07-17 13:51:00,2025-07-23 13:51:00
EMP_123,EMEA,2025-02-24 20:58:00,2025-02-28 20:58:00
EMP_046,EMEA,2025-07-06 20:51:00,2025-07-11 20:51:00
EMP_260,NA,2025-05-15 11:20:00,2025-05-21 11:20:00
EMP_361,LATAM,2025-04-16 19:00:00,2025-04-21 19:00:00
EMP_250,NA,2025-10-22 08:35:00,2025-10-26 08:35:00
EMP_040,APAC,2025-12-02 00:34:00,2025-12-07 00:34:00
EMP_167,APAC,2025-07-19 11:56:00,2025-07-24 11:56:00
EMP_135,NA,2025-04-25 16:46:00,2025-05-01 16:46:00
EMP_237,EMEA,2025-10-09 12:50:00,2025-10-16 12:50:00
EMP_399,APAC,2025-09-25 11:11:00,2025-09-29 11:11:00
EMP_221,LATAM,2025-10-02 23:16:00,2025-10-09 23:16:00
EMP_165,EMEA,2025-02-24 00:14:00,2025-02-28 00:14:00
EMP_319,EMEA,2025-07-25 00:49:00,2025-07-30 00:49:00
EMP_413,LATAM,2025-10-23 04:44:00,2025-10-27 04:44:00
EMP_422,APAC,2025-08-19 08:22:00,2025-08-23 08:22:00
EMP_300,LATAM,2025-09-16 03:44:00,2025-09-21 03:44:00
EMP_165,EMEA,2025-04-02 03:35:00,2025-04-07 03:35:00
EMP_423,EMEA,2025-10-05 07:00:00,2025-10-10 07:00:00
EMP_293,LATAM,2025-01-30 14:45:00,2025-02-03 14:45:00
EMP_151,APAC,2025-03-05 22:48:00,2025-03-11 22:48:00
EMP_448,LATAM,2025-07-30 15:36:00,2025-08-03 15:36:00
EMP_146,EMEA,2025-06-19 04:35:00,2025-06-22 04:35:00
EMP_321,NA,2025-04-25 05:15:00,2025-04-30 05:15:00
EMP_292,APAC,2025-04-29 02:55:00,2025-05-06 02:55:00
EMP_326,NA,2025-03-23 15:24:00,2025-03-27 15:24:00
EMP_205,NA,2025-12-14 06:37:00,2025-12-21 06:37:00
EMP_312,LATAM,2025-08-17 10:36:00,2025-08-21 10:36:00
EMP_400,EMEA,2025-11-23 16:02:00,2025-11-28 16:02:00
EMP_157,NA,2025-01-11 03:09:00,2025-01-16 03:09:00
EMP_030,LATAM,2025-06-13 04:31:00,2025-06-18 04:31:00
EMP_308,LATAM,2025-01-17 03:54:00,2025-01-23 03:54:00
EMP_121,LATAM,2025-03-05 06:24:00,2025-03-10 06:24:00
EMP_201,EMEA,2025-05-03 17:09:00,2025-05-08 17:09:00
EMP_014,LATAM,2025-02-21 11:13:00,2025-02-27 11:13:00
EMP_252,EMEA,2025-04-11 19:43:00,2025-04-15 19:43:00
EMP_409,APAC,2025-12-05 12:05:00,2025-12-08 12:05:00
EMP_316,APAC,2025-02-08 19:06:00,2025-02-11 19:06:00
EMP_014,LATAM,2025-06-01 01:06:00,2025-06-04 01:06:00
EMP_077,NA,2025-11-25 12:10:00,2025-12-01 12:10:00
EMP_183,APAC,2025-03-24 07:41:00,2025-03-27 07:41:00
EMP_253,APAC,2025-11-06 10:58:00,2025-11-10 10:58:00
EMP_214,NA,2025-04-25 18:49:00,2025-05-01 18:49:00
EMP_448,LATAM,2025-08-04 06:16:00,2025-08-10 06:16:00
EMP_144,APAC,2025-09-02 11:25:00,2025-09-07 11:25:00
EMP_258,NA,2025-11-27 07:36:00,2025-12-03 07:36:00
EMP_017,NA,2025-08-02 08:36:00,2025-08-08 08:36:00
EMP_001,NA,2025-04-28 12:27:00,2025-05-01 12:27:00
EMP_125,LATAM,2025-08-23 01:29:00,2025-08-30 01:29:00
EMP_334,EMEA,2025-08-22 05:59:00,2025-08-25 05:59:00
EMP_387,EMEA,2025-11-28 03:36:00,2025-12-05 03:36:00
EMP_290,LATAM,2025-03-10 02:56:00,2025-03-16 02:56:00
EMP_310,EMEA,2025-10-09 15:09:00,2025-10-13 15:09:00
EMP_154,APAC,2025-04-28 15:03:00,2025-05-04 15:03:00
EMP_064,LATAM,2025-01-13 03:41:00,2025-01-17 03:41:00
EMP_337,LATAM,2025-04-09 03:05:00,2025-04-13 03:05:00
EMP_172,EMEA,2025-12-07 18:15:00,2025-12-12 18:15:00
EMP_326,NA,2025-11-03 02:35:00,2025-11-07 02:35:00
EMP_446,EMEA,2025-01-01 23:30:00,2025-01-04 23:30:00
EMP_370,LATAM,2025-06-16 19:54:00,2025-06-20 19:54:00
EMP_239,LATAM,2025-03-11 13:39:00,2025-03-16 13:39:00
EMP_431,LATAM,2025-02-18 22:43:00,2025-02-22 22:43:00
EMP_266,APAC,2025-07-31 21:29:00,2025-08-04 21:29:00
EMP_244,NA,2025-03-21 03:01:00,2025-03-25 03:01:00
EMP_256,LATAM,2025-01-31 19:55:00,2025-02-04 19:55:00
EMP_132,APAC,2025-01-24 10:12:00,2025-01-29 10:12:00
EMP_390,NA,2025-04-27 03:35:00,2025-05-02 03:35:00
EMP_090,EMEA,2025-02-28 05:24:00,2025-03-03 05:24:00
EMP_214,NA,2025-04-29 12:21:00,2025-05-04 12:21:00
EMP_146,EMEA,2025-09-03 00:21:00,2025-09-06 00:21:00
EMP_325,APAC,2025-03-13 02:48:00,2025-03-19 02:48:00
EMP_377,LATAM,2025-11-15 19:11:00,2025-11-18 19:11:00
EMP_287,NA,2025-06-15 23:57:00,2025-06-21 23:57:00
EMP_286,LATAM,2025-08-01 21:34:00,2025-08-05 21:34:00
EMP_186,LATAM,2025-07-02 00:49:00,2025-07-07 00:49:00
EMP_391,EMEA,2025-01-01 02:12:00,2025-01-05 02:12:00
EMP_148,EMEA,2025-12-10 17:50:00,2025-12-15 17:50:00
EMP_422,APAC,2025-12-13 17:02:00,2025-12-17 17:02:00
EMP_116,EMEA,2025-09-27 11:34:00,2025-10-02 11:34:00
EMP_410,NA,2025-09-25 02:30:00,2025-09-29 02:30:00
EMP_271,APAC,2025-03-30 04:15:00,2025-04-05 04:15:00
EMP_425,NA,2025-06-06 01:48:00,2025-06-09 01:48:00
EMP_349,EMEA,2025-11-30 15:09:00,2025-12-04 15:09:00
EMP_151,APAC,2025-06-14 14:21:00,2025-06-19 14:21:00
EMP_070,NA,2025-02-28 20:19:00,2025-03-04 20:19:00
EMP_418,NA,2025-06-01 06:49:00,2025-06-08 06:49:00
EMP_260,NA,2025-09-16 20:12:00,2025-09-19 20:12:00
EMP_274,LATAM,2025-02-04 04:23:00,2025-02-08 04:23:00
EMP_060,NA,2025-04-01 01:58:00,2025-04-08 01:58:00
EMP_242,APAC,2025-08-15 09:03:00,2025-08-20 09:03:00
EMP_440,NA,2025-11-23 10:17:00,2025-11-27 10:17:00
EMP_444,LATAM,2025-10-09 19:53:00,2025-10-13 19:53:00
EMP_099,APAC,2025-10-22 09:40:00,2025-10-26 09:40:00
EMP_381,APAC,2025-05-29 16:45:00,2025-06-02 16:45:00
EMP_347,EMEA,2025-09-11 04:15:00,2025-09-17 04:15:00
EMP_254,LATAM,2025-09-30 20:06:00,2025-10-05 20:06:00
EMP_182,LATAM,2025-07-23 10:42:00,2025-07-30 10:42:00
EMP_385,APAC,2025-09-01 04:23:00,2025-09-04 04:23:00
EMP_290,LATAM,2025-09-25 19:19:00,2025-10-01 19:19:00
EMP_048,LATAM,2025-09-08 21:21:00,2025-09-12 21:21:00
EMP_345,NA,2025-08-25 16:46:00,2025-09-01 16:46:00
EMP_093,APAC,2025-08-19 03:36:00,2025-08-24 03:36:00
EMP_056,APAC,2025-06-10 23:32:00,2025-06-14 23:32:00
EMP_238,EMEA,2025-09-01 19:35:00,2025-09-04 19:35:00
EMP_450,EMEA,2025-01-05 03:34:00,2025-01-10 03:34:00
EMP_180,EMEA,2025-11-25 10:11:00,2025-11-28 10:11:00
EMP_114,EMEA,2025-01-13 15:50:00,2025-01-19 15:50:00
EMP_081,APAC,2025-07-28 10:10:00,2025-08-03 10:10:00
EMP_079,EMEA,2025-07-11 19:37:00,2025-07-15 19:37:00
EMP_427,NA,2025-05-17 01:28:00,2025-05-21 01:28:00
EMP_317,LATAM,2025-11-29 21:25:00,2025-12-03 21:25:00
EMP_244,NA,2025-06-06 09:25:00,2025-06-12 09:25:00
EMP_194,APAC,2025-03-08 06:25:00,2025-03-12 06:25:00
EMP_004,NA,2025-12-29 19:37:00,2026-01-02 19:37:00
EMP_068,LATAM,2025-03-25 23:48:00,2025-03-28 23:48:00
EMP_164,LATAM,2025-03-10 18:11:00,2025-03-13 18:11:00
EMP_316,APAC,2025-12-13 05:38:00,2025-12-18 05:38:00
EMP_315,EMEA,2025-08-09 00:47:00,2025-08-14 00:47:00
EMP_162,NA,2025-08-25 23:56:00,2025-08-28 23:56:00
EMP_177,EMEA,2025-08-26 08:11:00,2025-08-31 08:11:00
EMP_215,NA,2025-06-05 18:06:00,2025-06-11 18:06:00
EMP_009,EMEA,2025-10-18 17:20:00,2025-10-21 17:20:00
EMP_158,LATAM,2025-04-30 18:18:00,2025-05-05 18:18:00
EMP_315,EMEA,2025-02-13 23:42:00,2025-02-16 23:42:00
EMP_291,EMEA,2025-10-01 12:00:00,2025-10-07 12:00:00
EMP_433,LATAM,2025-02-19 00:33:00,2025-02-23 00:33:00
EMP_240,APAC,2025-12-01 06:50:00,2025-12-05 06:50:00
EMP_239,LATAM,2025-06-03 07:11:00,2025-06-07 07:11:00
EMP_332,EMEA,2025-02-11 16:09:00,2025-02-14 16:09:00
EMP_436,NA,2025-08-05 15:16:00,2025-08-11 15:16:00
EMP_104,NA,2025-05-04 09:25:00,2025-05-10 09:25:00
EMP_371,NA,2025-06-27 04:22:00,2025-07-01 04:22:00
EMP_341,LATAM,2025-01-03 20:34:00,2025-01-09 20:34:00
EMP_328,APAC,2025-10-14 21:10:00,2025-10-21 21:10:00
EMP_125,LATAM,2025-07-17 00:43:00,2025-07-24 00:43:00
EMP_327,NA,2025-09-22 06:25:00,2025-09-25 06:25:00
EMP_447,APAC,2025-09-26 21:27:00,2025-09-29 21:27:00
EMP_008,LATAM,2025-01-25 20:16:00,2025-01-28 20:16:00
EMP_290,LATAM,2025-07-29 12:23:00,2025-08-01 12:23:00
EMP_378,APAC,2025-06-13 19:20:00,2025-06-16 19:20:00
EMP_235,APAC,2025-09-03 08:46:00,2025-09-07 08:46:00
EMP_069,LATAM,2025-06-08 17:43:00,2025-06-15 17:43:00
EMP_058,NA,2025-07-23 19:51:00,2025-07-29 19:51:00
EMP_255,EMEA,2025-08-06 18:59:00,2025-08-11 18:59:00
EMP_069,LATAM,2025-12-17 16:08:00,2025-12-22 16:08:00
EMP_355,APAC,2025-08-02 21:12:00,2025-08-05 21:12:00
EMP_435,APAC,2025-06-05 12:34:00,2025-06-08 12:34:00
EMP_101,EMEA,2025-08-31 16:51:00,2025-09-06 16:51:00
EMP_432,NA,2025-12-19 23:29:00,2025-12-24 23:29:00
EMP_414,LATAM,2025-01-23 06:21:00,2025-01-26 06:21:00
EMP_228,LATAM,2025-09-12 15:08:00,2025-09-17 15:08:00
EMP_151,APAC,2025-05-07 10:05:00,2025-05-13 10:05:00
EMP_281,LATAM,2025-12-12 07:39:00,2025-12-17 07:39:00
EMP_170,LATAM,2025-11-10 11:02:00,2025-11-16 11:02:00
EMP_102,APAC,2025-05-27 03:57:00,2025-05-30 03:57:00
EMP_053,EMEA,2025-08-17 00:07:00,2025-08-20 00:07:00
EMP_106,EMEA,2025-03-12 08:15:00,2025-03-18 08:15:00
EMP_282,EMEA,2025-08-24 21:41:00,2025-08-30 21:41:00
EMP_410,NA,2025-11-13 18:48:00,2025-11-19 18:48:00
EMP_158,LATAM,2025-05-23 18:43:00,2025-05-29 18:43:00
EMP_421,LATAM,2025-09-09 04:32:00,2025-09-13 04:32:00
EMP_010,APAC,2025-09-19 21:23:00,2025-09-25 21:23:00
EMP_441,NA,2025-05-31 07:46:00,2025-06-07 07:46:00
EMP_093,APAC,2025-07-16 01:55:00,2025-07-22 01:55:00
EMP_026,NA,2025-01-05 04:29:00,2025-01-08 04:29:00
EMP_263,LATAM,2025-12-21 13:07:00,2025-12-25 13:07:00
EMP_449,EMEA,2025-04-03 15:01:00,2025-04-06 15:01:00
EMP_382,NA,2025-01-04 19:11:00,2025-01-11 19:11:00
EMP_351,APAC,2025-08-19 14:02:00,2025-08-23 14:02:00
EMP_103,NA,2025-02-24 13:50:00,2025-03-02 13:50:00
EMP_292,APAC,2025-06-27 02:45:00,2025-07-04 02:45:00
EMP_338,EMEA,2025-09-26 08:22:00,2025-10-01 08:22:00
EMP_120,APAC,2025-08-30 00:39:00,2025-09-03 00:39:00
EMP_059,EMEA,2025-12-21 15:52:00,2025-12-26 15:52:00
EMP_318,NA,2025-11-07 06:21:00,2025-11-14 06:21:00
EMP_252,EMEA,2025-02-24 22:51:00,2025-03-01 22:51:00
EMP_392,APAC,2025-04-24 07:46:00,2025-04-28 07:46:00
EMP_311,EMEA,2025-06-17 17:39:00,2025-06-24 17:39:00
EMP_132,APAC,2025-08-13 17:59:00,2025-08-18 17:59:00
EMP_300,LATAM,2025-12-07 14:28:00,2025-12-10 14:28:00
EMP_112,APAC,2025-07-19 12:18:00,2025-07-25 12:18:00
EMP_239,LATAM,2025-12-13 09:44:00,2025-12-19 09:44:00
EMP_075,NA,2025-01-11 22:02:00,2025-01-17 22:02:00
EMP_031,APAC,2025-06-14 06:03:00,2025-06-18 06:03:00
EMP_050,NA,2025-07-16 11:42:00,2025-07-22 11:42:00
EMP_433,LATAM,2025-03-09 07:31:00,2025-03-15 07:31:00
EMP_244,NA,2025-11-13 09:22:00,2025-11-17 09:22:00
EMP_387,EMEA,2025-12-13 23:05:00,2025-12-19 23:05:00
EMP_193,APAC,2025-04-19 22:19:00,2025-04-26 22:19:00
EMP_160,EMEA,2025-02-02 18:11:00,2025-02-06 18:11:00
EMP_150,EMEA,2025-11-15 06:32:00,2025-11-20 06:32:00
EMP_311,EMEA,2025-08-02 07:44:00,2025-08-08 07:44:00
EMP_042,LATAM,2025-09-05 01:20:00,2025-09-11 01:20:00
EMP_351,APAC,2025-11-02 04:01:00,2025-11-06 04:01:00
EMP_358,APAC,2025-08-19 06:41:00,2025-08-23 06:41:00
EMP_399,APAC,2025-11-12 09:28:00,2025-11-19 09:28:00
EMP_370,LATAM,2025-12-14 06:28:00,2025-12-18 06:28:00
EMP_101,EMEA,2024-12-30 01:21:00,2025-01-03 01:21:00
EMP_358,APAC,2025-05-09 22:02:00,2025-05-13 22:02:00
EMP_148,EMEA,2025-05-29 08:47:00,2025-06-02 08:47:00
EMP_133,APAC,2025-02-23 08:38:00,2025-02-28 08:38:00
EMP_355,APAC,2025-09-27 22:32:00,2025-10-03 22:32:00
EMP_379,LATAM,2025-11-18 23:13:00,2025-11-24 23:13:00
EMP_217,APAC,2025-05-08 02:48:00,2025-05-12 02:48:00
EMP_247,LATAM,2025-02-19 04:00:00,2025-02-26 04:00:00
EMP_309,LATAM,2025-06-27 02:54:00,2025-07-01 02:54:00
EMP_194,APAC,2025-09-10 20:05:00,2025-09-16 20:05:00
EMP_120,APAC,2025-09-19 01:52:00,2025-09-25 01:52:00
EMP_016,APAC,2025-05-22 10:18:00,2025-05-26 10:18:00
EMP_095,LATAM,2025-03-04 04:59:00,2025-03-11 04:59:00
EMP_360,EMEA,2025-12-17 02:11:00,2025-12-22 02:11:00
EMP_257,LATAM,2025-06-13 18:53:00,2025-06-19 18:53:00
EMP_022,NA,2025-11-05 02:05:00,2025-11-08 02:05:00
EMP_364,APAC,2025-06-19 09:38:00,2025-06-26 09:38:00
EMP_011,LATAM,2025-10-18 10:17:00,2025-10-23 10:17:00
EMP_240,APAC,2025-10-20 10:09:00,2025-10-26 10:09:00
EMP_339,APAC,2025-08-22 01:22:00,2025-08-27 01:22:00
EMP_159,NA,2025-12-05 04:19:00,2025-12-11 04:19:00
EMP_077,NA,2025-04-26 00:29:00,2025-04-30 00:29:00
EMP_388,EMEA,2025-08-23 17:59:00,2025-08-27 17:59:00
EMP_255,EMEA,2025-01-08 02:08:00,2025-01-14 02:08:00
EMP_130,EMEA,2025-09-17 22:32:00,2025-09-20 22:32:00
EMP_223,LATAM,2025-02-20 05:51:00,2025-02-23 05:51:00
EMP_094,APAC,2025-06-02 11:11:00,2025-06-08 11:11:00
EMP_393,NA,2025-03-01 02:37:00,2025-03-08 02:37:00
EMP_289,APAC,2025-05-24 23:05:00,2025-05-29 23:05:00
EMP_307,LATAM,2025-09-25 22:33:00,2025-10-01 22:33:00
EMP_058,NA,2025-02-15 09:16:00,2025-02-18 09:16:00
EMP_233,APAC,2025-05-18 21:33:00,2025-05-22 21:33:00
EMP_070,NA,2025-06-19 19:21:00,2025-06-24 19:21:00
EMP_287,NA,2025-05-17 04:41:00,2025-05-21 04:41:00
EMP_157,NA,2025-12-09 15:29:00,2025-12-13 15:29:00
EMP_440,NA,2025-03-11 21:59:00,2025-03-17 21:59:00
EMP_250,NA,2025-07-13 02:20:00,2025-07-17 02:20:00
EMP_167,APAC,2025-04-20 23:29:00,2025-04-23 23:29:00
EMP_392,APAC,2025-08-12 15:06:00,2025-08-16 15:06:00
EMP_042,LATAM,2025-03-13 08:02:00,2025-03-18 08:02:00
EMP_276,NA,2025-06-26 05:08:00,2025-06-30 05:08:00
EMP_252,EMEA,2025-01-09 12:17:00,2025-01-13 12:17:00
EMP_219,APAC,2025-10-21 21:21:00,2025-10-25 21:21:00
EMP_342,NA,2025-08-29 03:23:00,2025-09-05 03:23:00
EMP_317,LATAM,2025-02-02 04:02:00,2025-02-06 04:02:00
EMP_270,APAC,2025-10-12 12:05:00,2025-10-16 12:05:00
EMP_338,EMEA,2025-09-28 08:59:00,2025-10-02 08:59:00
EMP_323,LATAM,2025-05-25 09:19:00,2025-05-28 09:19:00
EMP_228,LATAM,2025-01-02 12:13:00,2025-01-07 12:13:00
EMP_229,LATAM,2025-05-04 09:08:00,2025-05-10 09:08:00
EMP_391,EMEA,2025-10-03 21:35:00,2025-10-08 21:35:00
EMP_339,APAC,2025-05-22 11:19:00,2025-05-29 11:19:00
EMP_444,LATAM,2025-11-23 20:41:00,2025-11-27 20:41:00
EMP_169,EMEA,2025-03-30 12:41:00,2025-04-05 12:41:00
EMP_264,APAC,2025-11-10 13:34:00,2025-11-13 13:34:00
EMP_252,EMEA,2025-02-18 02:20:00,2025-02-25 02:20:00
EMP_447,APAC,2025-12-06 01:24:00,2025-12-09 01:24:00
EMP_274,LATAM,2025-07-05 07:37:00,2025-07-10 07:37:00
EMP_440,NA,2025-12-07 01:53:00,2025-12-10 01:53:00
EMP_121,LATAM,2025-01-14 22:40:00,2025-01-20 22:40:00
EMP_119,EMEA,2025-06-01 15:32:00,2025-06-06 15:32:00
EMP_031,APAC,2025-07-08 13:53:00,2025-07-12 13:53:00
EMP_120,APAC,2025-09-16 16:42:00,2025-09-22 16:42:00
EMP_027,APAC,2025-09-06 11:26:00,2025-09-12 11:26:00
EMP_325,APAC,2025-10-02 14:16:00,2025-10-07 14:16:00
EMP_240,APAC,2025-07-04 20:58:00,2025-07-07 20:58:00
EMP_215,NA,2025-08-13 01:52:00,2025-08-18 01:52:00
EMP_220,NA,2025-01-29 15:40:00,2025-02-02 15:40:00
EMP_097,NA,2025-07-08 03:29:00,2025-07-13 03:29:00
EMP_080,EMEA,2025-08-24 09:56:00,2025-08-30 09:56:00
EMP_162,NA,2025-03-15 08:55:00,2025-03-19 08:55:00
EMP_178,LATAM,2025-11-26 15:20:00,2025-11-29 15:20:00
EMP_086,LATAM,2025-04-01 22:19:00,2025-04-07 22:19:00
EMP_191,NA,2025-07-27 12:21:00,2025-08-01 12:21:00
EMP_033,EMEA,2025-09-12 07:09:00,2025-09-19 07:09:00
EMP_341,LATAM,2025-02-24 22:47:00,2025-02-28 22:47:00
EMP_053,EMEA,2025-04-11 20:35:00,2025-04-15 20:35:00
EMP_070,NA,2025-05-19 02:29:00,2025-05-24 02:29:00
EMP_104,NA,2025-12-10 17:49:00,2025-12-16 17:49:00
EMP_253,APAC,2025-12-29 02:51:00,2026-01-02 02:51:00
EMP_096,APAC,2025-05-21 11:57:00,2025-05-27 11:57:00
EMP_213,APAC,2025-01-29 13:56:00,2025-02-01 13:56:00
EMP_291,EMEA,2025-11-27 07:33:00,2025-12-02 07:33:00
EMP_323,LATAM,2025-10-03 09:39:00,2025-10-10 09:39:00
EMP_308,LATAM,2025-09-27 15:59:00,2025-10-04 15:59:00
EMP_140,APAC,2025-10-10 02:21:00,2025-10-13 02:21:00
EMP_186,LATAM,2025-09-01 06:54:00,2025-09-08 06:54:00
EMP_112,APAC,2025-11-25 22:11:00,2025-12-01 22:11:00
EMP_109,NA,2025-02-19 16:18:00,2025-02-22 16:18:00
EMP_384,NA,2025-05-25 07:52:00,2025-06-01 07:52:00
EMP_034,LATAM,2025-02-01 21:43:00,2025-02-07 21:43:00
EMP_170,LATAM,2025-10-27 17:17:00,2025-11-01 17:17:00
EMP_170,LATAM,2025-08-06 00:16:00,2025-08-09 00:16:00
EMP_380,APAC,2025-03-13 20:27:00,2025-03-17 20:27:00
EMP_218,LATAM,2025-04-10 04:16:00,2025-04-14 04:16:00
EMP_008,LATAM,2025-02-25 16:00:00,2025-03-02 16:00:00
EMP_308,LATAM,2025-10-19 09:24:00,2025-10-23 09:24:00
EMP_109,NA,2025-10-16 16:42:00,2025-10-19 16:42:00
EMP_271,APAC,2025-09-01 16:51:00,2025-09-06 16:51:00
EMP_001,NA,2025-04-27 12:37:00,2025-05-03 12:37:00
EMP_070,NA,2025-09-11 01:41:00,2025-09-15 01:41:00
EMP_273,LATAM,2025-10-10 11:05:00,2025-10-16 11:05:00
EMP_093,APAC,2025-09-24 19:42:00,2025-09-27 19:42:00
EMP_123,EMEA,2025-06-14 09:58:00,2025-06-19 09:58:00
EMP_391,EMEA,2025-07-02 01:56:00,2025-07-05 01:56:00
EMP_052,EMEA,2025-09-15 19:13:00,2025-09-21 19:13:00
EMP_328,APAC,2025-09-06 11:40:00,2025-09-10 11:40:00
EMP_282,EMEA,2025-06-22 16:36:00,2025-06-26 16:36:00
EMP_222,LATAM,2025-07-29 00:34:00,2025-08-03 00:34:00
EMP_144,APAC,2025-01-28 18:56:00,2025-02-02 18:56:00
EMP_055,EMEA,2025-10-18 04:24:00,2025-10-22 04:24:00
EMP_130,EMEA,2025-03-14 10:08:00,2025-03-19 10:08:00
EMP_238,EMEA,2025-04-20 06:08:00,2025-04-26 06:08:00
EMP_200,NA,2025-12-14 01:06:00,2025-12-19 01:06:00
EMP_003,NA,2025-03-04 19:19:00,2025-03-09 19:19:00
EMP_309,LATAM,2025-10-06 04:59:00,2025-10-10 04:59:00
EMP_439,LATAM,2025-09-12 04:45:00,2025-09-19 04:45:00
EMP_064,LATAM,2025-10-28 18:46:00,2025-11-02 18:46:00
EMP_158,LATAM,2025-03-01 15:00:00,2025-03-06 15:00:00
EMP_318,NA,2025-05-17 08:18:00,2025-05-21 08:18:00
EMP_281,LATAM,2025-08-31 22:20:00,2025-09-03 22:20:00
EMP_241,EMEA,2025-06-02 18:57:00,2025-06-08 18:57:00
EMP_360,EMEA,2025-03-11 21:35:00,2025-03-17 21:35:00
EMP_079,EMEA,2025-04-17 03:56:00,2025-04-22 03:56:00
EMP_377,LATAM,2025-04-18 07:08:00,2025-04-22 07:08:00
EMP_055,EMEA,2025-03-27 08:34:00,2025-04-01 08:34:00
EMP_283,APAC,2025-07-31 09:24:00,2025-08-07 09:24:00
EMP_013,NA,2025-10-20 09:46:00,2025-10-25 09:46:00
EMP_301,EMEA,2025-11-15 16:49:00,2025-11-18 16:49:00
EMP_107,APAC,2025-01-07 08:27:00,2025-01-10 08:27:00
EMP_128,LATAM,2025-05-21 00:12:00,2025-05-27 00:12:00
EMP_293,LATAM,2025-09-04 09:51:00,2025-09-10 09:51:00
EMP_408,APAC,2025-10-24 02:03:00,2025-10-29 02:03:00
EMP_101,EMEA,2025-12-21 19:37:00,2025-12-25 19:37:00
EMP_308,LATAM,2025-07-13 23:18:00,2025-07-18 23:18:00
EMP_043,APAC,2025-11-10 07:25:00,2025-11-13 07:25:00
EMP_055,EMEA,2025-05-18 09:38:00,2025-05-21 09:38:00
EMP_351,APAC,2025-03-28 22:43:00,2025-03-31 22:43:00
EMP_262,EMEA,2025-01-10 17:42:00,2025-01-14 17:42:00
EMP_074,EMEA,2025-11-25 20:33:00,2025-12-01 20:33:00
EMP_343,APAC,2025-11-19 00:55:00,2025-11-24 00:55:00
EMP_243,APAC,2025-06-18 08:52:00,2025-06-21 08:52:00
EMP_111,NA,2025-03-23 19:41:00,2025-03-28 19:41:00
EMP_390,NA,2025-01-15 12:04:00,2025-01-19 12:04:00
EMP_142,APAC,2025-09-17 22:14:00,2025-09-21 22:14:00
EMP_342,NA,2025-03-03 02:18:00,2025-03-10 02:18:00
EMP_408,APAC,2025-04-07 15:46:00,2025-04-11 15:46:00
EMP_088,NA,2025-02-28 09:30:00,2025-03-05 09:30:00
EMP_125,LATAM,2025-11-13 20:24:00,2025-11-18 20:24:00
EMP_172,EMEA,2025-11-29 18:52:00,2025-12-02 18:52:00
EMP_254,LATAM,2025-01-13 01:40:00,2025-01-18 01:40:00
EMP_412,EMEA,2025-10-24 00:43:00,2025-10-29 00:43:00
EMP_179,LATAM,2025-01-19 14:10:00,2025-01-23 14:10:00
EMP_431,LATAM,2025-10-31 05:25:00,2025-11-03 05:25:00
EMP_420,APAC,2025-07-03 03:12:00,2025-07-09 03:12:00
EMP_277,APAC,2025-09-29 01:56:00,2025-10-02 01:56:00
EMP_008,LATAM,2025-07-22 07:17:00,2025-07-28 07:17:00
EMP_055,EMEA,2025-08-09 09:27:00,2025-08-13 09:27:00
EMP_313,LATAM,2025-02-10 00:01:00,2025-02-15 00:01:00
EMP_041,APAC,2025-10-26 17:57:00,2025-10-30 17:57:00
EMP_019,LATAM,2025-09-19 07:41:00,2025-09-23 07:41:00
EMP_165,EMEA,2025-11-09 02:02:00,2025-11-15 02:02:00
EMP_227,EMEA,2025-09-24 23:13:00,2025-09-28 23:13:00
EMP_270,APAC,2025-12-01 21:49:00,2025-12-06 21:49:00
EMP_449,EMEA,2025-05-01 12:12:00,2025-05-06 12:12:00
EMP_386,EMEA,2025-05-13 16:28:00,2025-05-18 16:28:00
EMP_412,EMEA,2025-06-30 07:32:00,2025-07-05 07:32:00
EMP_061,EMEA,2025-03-07 11:34:00,2025-03-14 11:34:00
EMP_372,APAC,2025-01-23 12:26:00,2025-01-29 12:26:00
EMP_012,APAC,2025-01-17 10:54:00,2025-01-22 10:54:00
EMP_219,APAC,2025-10-04 08:03:00,2025-10-11 08:03:00
EMP_080,EMEA,2025-05-15 10:47:00,2025-05-20 10:47:00
EMP_003,NA,2025-06-06 16:19:00,2025-06-10 16:19:00
EMP_094,APAC,2025-12-22 04:42:00,2025-12-29 04:42:00
EMP_272,APAC,2025-10-13 09:31:00,2025-10-18 09:31:00
EMP_300,LATAM,2025-11-19 14:26:00,2025-11-24 14:26:00
EMP_225,APAC,2025-07-24 20:58:00,2025-07-29 20:58:00
EMP_430,APAC,2025-10-24 10:48:00,2025-10-29 10:48:00
EMP_192,LATAM,2025-08-30 19:53:00,2025-09-04 19:53:00
EMP_072,LATAM,2025-01-03 03:20:00,2025-01-07 03:20:00
EMP_351,APAC,2025-12-19 19:31:00,2025-12-23 19:31:00
EMP_287,NA,2025-05-11 09:58:00,2025-05-15 09:58:00
EMP_073,EMEA,2025-12-11 07:00:00,2025-12-16 07:00:00
EMP_195,LATAM,2025-10-17 17:05:00,2025-10-20 17:05:00
EMP_418,NA,2025-10-29 09:52:00,2025-11-05 09:52:00
EMP_200,NA,2025-06-24 14:16:00,2025-06-29 14:16:00
EMP_071,NA,2025-09-13 17:49:00,2025-09-17 17:49:00
EMP_167,APAC,2025-07-30 15:34:00,2025-08-03 15:34:00
EMP_251,NA,2025-01-04 17:12:00,2025-01-08 17:12:00
EMP_315,EMEA,2025-02-07 06:44:00,2025-02-11 06:44:00
EMP_261,EMEA,2025-07-26 22:32:00,2025-08-01 22:32:00
EMP_217,APAC,2025-07-17 04:25:00,2025-07-21 04:25:00
EMP_416,EMEA,2025-07-05 12:51:00,2025-07-10 12:51:00
EMP_276,NA,2025-05-05 17:15:00,2025-05-11 17:15:00
EMP_071,NA,2025-07-16 15:40:00,2025-07-20 15:40:00
EMP_377,LATAM,2025-05-02 15:01:00,2025-05-07 15:01:00
EMP_036,EMEA,2025-03-15 01:51:00,2025-03-22 01:51:00
EMP_108,APAC,2025-03-25 06:45:00,2025-03-31 06:45:00
EMP_163,NA,2025-11-07 13:45:00,2025-11-13 13:45:00
EMP_263,LATAM,2025-06-04 15:07:00,2025-06-08 15:07:00
EMP_258,NA,2025-12-12 18:45:00,2025-12-18 18:45:00
EMP_180,EMEA,2025-01-25 02:19:00,2025-01-31 02:19:00
EMP_157,NA,2025-05-13 04:08:00,2025-05-18 04:08:00
EMP_297,NA,2024-12-31 22:09:00,2025-01-05 22:09:00
EMP_404,LATAM,2025-01-19 09:12:00,2025-01-25 09:12:00
EMP_003,NA,2025-02-01 03:37:00,2025-02-05 03:37:00
EMP_068,LATAM,2025-04-30 11:13:00,2025-05-07 11:13:00
EMP_435,APAC,2025-11-20 11:37:00,2025-11-27 11:37:00
EMP_237,EMEA,2025-11-08 19:57:00,2025-11-11 19:57:00
EMP_202,EMEA,2025-05-25 02:01:00,2025-05-30 02:01:00
EMP_080,EMEA,2025-07-18 12:41:00,2025-07-24 12:41:00
EMP_428,APAC,2025-01-08 20:09:00,2025-01-14 20:09:00
EMP_251,NA,2025-03-12 02:02:00,2025-03-16 02:02:00
EMP_329,NA,2025-04-12 21:08:00,2025-04-15 21:08:00
EMP_176,EMEA,2025-07-18 22:27:00,2025-07-25 22:27:00
EMP_022,NA,2025-02-05 17:54:00,2025-02-08 17:54:00
EMP_272,APAC,2025-10-04 14:11:00,2025-10-08 14:11:00
EMP_147,LATAM,2025-02-08 20:17:00,2025-02-13 20:17:00
EMP_347,EMEA,2025-02-02 20:05:00,2025-02-09 20:05:00
EMP_169,EMEA,2025-03-12 17:37:00,2025-03-16 17:37:00
EMP_099,APAC,2025-12-22 16:24:00,2025-12-28 16:24:00
EMP_009,EMEA,2025-03-16 18:02:00,2025-03-22 18:02:00
EMP_091,EMEA,2025-06-12 09:37:00,2025-06-19 09:37:00
EMP_099,APAC,2025-10-18 10:58:00,2025-10-22 10:58:00
EMP_450,EMEA,2025-10-08 13:58:00,2025-10-12 13:58:00
EMP_443,APAC,2025-03-14 01:23:00,2025-03-17 01:23:00
EMP_185,EMEA,2025-06-21 21:46:00,2025-06-27 21:46:00
EMP_265,LATAM,2025-10-20 09:27:00,2025-10-27 09:27:00
EMP_028,NA,2025-01-06 21:30:00,2025-01-12 21:30:00
EMP_316,APAC,2025-03-10 12:54:00,2025-03-15 12:54:00
EMP_198,NA,2025-12-11 00:45:00,2025-12-14 00:45:00
EMP_430,APAC,2025-05-02 16:57:00,2025-05-07 16:57:00
EMP_005,NA,2025-02-27 00:40:00,2025-03-02 00:40:00
EMP_239,LATAM,2025-12-23 06:41:00,2025-12-30 06:41:00
EMP_192,LATAM,2025-05-21 18:27:00,2025-05-27 18:27:00
EMP_150,EMEA,2025-12-01 23:18:00,2025-12-05 23:18:00
EMP_002,EMEA,2025-09-18 16:59:00,2025-09-22 16:59:00
EMP_035,NA,2025-06-28 23:38:00,2025-07-03 23:38:00
EMP_410,NA,2025-01-09 23:06:00,2025-01-15 23:06:00
EMP_214,NA,2025-04-01 18:25:00,2025-04-06 18:25:00
EMP_250,NA,2025-03-31 07:51:00,2025-04-05 07:51:00
EMP_123,EMEA,2025-07-05 11:39:00,2025-07-10 11:39:00
EMP_054,LATAM,2025-10-31 01:13:00,2025-11-05 01:13:00
EMP_366,NA,2025-06-27 13:30:00,2025-07-04 13:30:00
EMP_230,LATAM,2025-02-14 01:10:00,2025-02-20 01:10:00
EMP_367,APAC,2025-04-25 13:26:00,2025-04-29 13:26:00
EMP_089,NA,2025-02-25 08:36:00,2025-03-01 08:36:00
EMP_161,LATAM,2025-01-25 10:44:00,2025-01-31 10:44:00
EMP_122,EMEA,2025-08-02 01:51:00,2025-08-06 01:51:00
EMP_154,APAC,2025-08-26 14:18:00,2025-08-31 14:18:00
EMP_208,LATAM,2025-05-20 19:39:00,2025-05-26 19:39:00
EMP_171,APAC,2025-01-12 21:22:00,2025-01-17 21:22:00
EMP_159,NA,2025-09-05 03:57:00,2025-09-12 03:57:00
EMP_343,APAC,2025-07-12 07:43:00,2025-07-17 07:43:00
EMP_021,APAC,2025-10-01 16:49:00,2025-10-08 16:49:00
EMP_187,APAC,2025-03-12 14:23:00,2025-03-15 14:23:00
EMP_388,EMEA,2025-12-09 17:38:00,2025-12-12 17:38:00
EMP_197,NA,2025-06-01 20:13:00,2025-06-06 20:13:00
EMP_163,NA,2025-06-09 05:17:00,2025-06-12 05:17:00
EMP_072,LATAM,2025-06-03 07:25:00,2025-06-06 07:25:00
EMP_138,APAC,2025-09-22 02:18:00,2025-09-28 02:18:00
EMP_318,NA,2025-03-03 04:08:00,2025-03-07 04:08:00
EMP_043,APAC,2025-09-27 20:36:00,2025-10-02 20:36:00
EMP_395,EMEA,2025-07-16 13:04:00,2025-07-23 13:04:00
EMP_273,LATAM,2025-05-05 02:48:00,2025-05-10 02:48:00
EMP_073,EMEA,2025-04-27 05:46:00,2025-05-02 05:46:00
EMP_439,LATAM,2025-11-11 03:40:00,2025-11-17 03:40:00
EMP_263,LATAM,2025-02-25 05:35:00,2025-03-03 05:35:00
EMP_301,EMEA,2025-08-06 02:58:00,2025-08-11 02:58:00
EMP_143,NA,2025-09-29 11:46:00,2025-10-05 11:46:00
EMP_178,LATAM,2024-12-31 09:16:00,2025-01-03 09:16:00
EMP_281,LATAM,2025-12-12 13:23:00,2025-12-18 13:23:00
EMP_261,EMEA,2025-05-07 20:45:00,2025-05-11 20:45:00
EMP_183,APAC,2025-05-07 20:10:00,2025-05-12 20:10:00
EMP_290,LATAM,2025-02-27 17:02:00,2025-03-04 17:02:00
EMP_301,EMEA,2025-01-08 04:18:00,2025-01-12 04:18:00
EMP_171,APAC,2025-07-01 12:21:00,2025-07-05 12:21:00
EMP_329,NA,2025-01-23 09:08:00,2025-01-29 09:08:00
EMP_055,EMEA,2025-09-09 19:02:00,2025-09-14 19:02:00
EMP_421,LATAM,2025-04-26 17:03:00,2025-04-30 17:03:00
EMP_400,EMEA,2025-05-16 00:20:00,2025-05-19 00:20:00
EMP_192,LATAM,2025-02-13 11:17:00,2025-02-18 11:17:00
EMP_387,EMEA,2025-03-16 22:47:00,2025-03-22 22:47:00
EMP_172,EMEA,2025-08-14 08:47:00,2025-08-21 08:47:00
EMP_308,LATAM,2025-03-01 18:35:00,2025-03-07 18:35:00
EMP_059,EMEA,2025-12-07 09:27:00,2025-12-11 09:27:00
EMP_216,LATAM,2025-06-28 07:10:00,2025-07-02 07:10:00
EMP_193,APAC,2025-03-21 00:54:00,2025-03-24 00:54:00
EMP_344,LATAM,2025-08-31 12:34:00,2025-09-07 12:34:00
EMP_143,NA,2025-06-10 09:42:00,2025-06-14 09:42:00
EMP_392,APAC,2024-12-31 10:42:00,2025-01-03 10:42:00
EMP_292,APAC,2025-08-15 19:42:00,2025-08-21 19:42:00
EMP_440,NA,2025-08-24 04:43:00,2025-08-30 04:43:00
EMP_097,NA,2025-05-18 20:08:00,2025-05-24 20:08:00
EMP_391,EMEA,2025-06-21 01:18:00,2025-06-25 01:18:00
EMP_265,LATAM,2025-03-24 23:32:00,2025-03-27 23:32:00
EMP_361,LATAM,2025-06-21 12:31:00,2025-06-25 12:31:00
EMP_322,LATAM,2025-06-07 16:46:00,2025-06-13 16:46:00
EMP_379,LATAM,2025-11-04 14:48:00,2025-11-09 14:48:00
EMP_172,EMEA,2025-03-22 23:49:00,2025-03-29 23:49:00
EMP_240,APAC,2025-11-12 13:33:00,2025-11-17 13:33:00
EMP_255,EMEA,2025-03-07 07:54:00,2025-03-13 07:54:00
EMP_045,EMEA,2025-10-11 16:16:00,2025-10-14 16:16:00
EMP_425,NA,2025-07-10 16:48:00,2025-07-16 16:48:00
EMP_439,LATAM,2025-11-03 20:35:00,2025-11-09 20:35:00
EMP_249,LATAM,2025-09-16 16:28:00,2025-09-19 16:28:00
EMP_432,NA,2025-06-23 04:57:00,2025-06-27 04:57:00
EMP_377,LATAM,2025-02-03 13:01:00,2025-02-07 13:01:00
EMP_215,NA,2024-12-30 21:22:00,2025-01-04 21:22:00
EMP_259,EMEA,2025-02-17 00:46:00,2025-02-21 00:46:00
EMP_423,EMEA,2025-11-25 10:11:00,2025-11-29 10:11:00
EMP_104,NA,2025-04-06 13:39:00,2025-04-09 13:39:00
EMP_009,EMEA,2025-11-25 23:37:00,2025-11-28 23:37:00
EMP_166,NA,2025-10-28 23:43:00,2025-11-02 23:43:00
EMP_278,EMEA,2025-06-21 10:21:00,2025-06-24 10:21:00
EMP_100,APAC,2025-06-01 08:43:00,2025-06-04 08:43:00
EMP_049,APAC,2025-04-22 13:17:00,2025-04-26 13:17:00
EMP_069,LATAM,2025-09-24 17:37:00,2025-09-28 17:37:00
EMP_149,NA,2025-01-11 01:56:00,2025-01-16 01:56:00
EMP_078,EMEA,2025-09-07 08:44:00,2025-09-10 08:44:00
EMP_249,LATAM,2025-03-29 10:48:00,2025-04-05 10:48:00
EMP_355,APAC,2025-07-13 10:27:00,2025-07-18 10:27:00
EMP_107,APAC,2025-01-04 05:37:00,2025-01-08 05:37:00
EMP_119,EMEA,2025-11-22 18:07:00,2025-11-27 18:07:00
EMP_220,NA,2025-07-05 21:31:00,2025-07-08 21:31:00
EMP_314,LATAM,2025-03-24 13:00:00,2025-03-29 13:00:00
EMP_364,APAC,2025-09-08 05:45:00,2025-09-13 05:45:00
EMP_242,APAC,2025-05-12 05:22:00,2025-05-16 05:22:00
EMP_378,APAC,2025-01-05 22:36:00,2025-01-10 22:36:00
EMP_121,LATAM,2025-02-22 02:26:00,2025-02-27 02:26:00
EMP_040,APAC,2025-10-21 19:01:00,2025-10-25 19:01:00
EMP_286,LATAM,2025-04-24 03:35:00,2025-04-30 03:35:00
EMP_155,EMEA,2025-08-26 06:10:00,2025-09-02 06:10:00
EMP_060,NA,2025-04-05 08:12:00,2025-04-10 08:12:00
EMP_172,EMEA,2025-03-22 09:36:00,2025-03-28 09:36:00
EMP_287,NA,2025-10-13 17:30:00,2025-10-18 17:30:00
EMP_371,NA,2025-08-20 08:26:00,2025-08-26 08:26:00
EMP_203,EMEA,2025-10-22 08:29:00,2025-10-27 08:29:00
EMP_346,LATAM,2025-12-02 10:44:00,2025-12-07 10:44:00
EMP_176,EMEA,2025-05-27 06:12:00,2025-06-01 06:12:00
EMP_146,EMEA,2025-08-30 22:50:00,2025-09-03 22:50:00
EMP_105,NA,2025-02-26 10:55:00,2025-03-01 10:55:00
EMP_284,NA,2025-06-19 13:00:00,2025-06-23 13:00:00
EMP_365,APAC,2025-01-27 19:45:00,2025-02-03 19:45:00
EMP_209,NA,2025-11-15 10:16:00,2025-11-19 10:16:00
EMP_230,LATAM,2025-07-28 19:46:00,2025-08-04 19:46:00
EMP_303,EMEA,2025-01-12 06:27:00,2025-01-18 06:27:00
EMP_097,NA,2025-02-05 17:12:00,2025-02-10 17:12:00
EMP_153,EMEA,2025-07-29 12:20:00,2025-08-03 12:20:00
EMP_094,APAC,2025-03-27 00:46:00,2025-04-03 00:46:00
EMP_164,LATAM,2025-06-13 08:50:00,2025-06-19 08:50:00
EMP_163,NA,2024-12-30 13:56:00,2025-01-05 13:56:00
EMP_373,EMEA,2025-10-11 07:27:00,2025-10-16 07:27:00
EMP_146,EMEA,2025-08-14 22:17:00,2025-08-20 22:17:00
EMP_053,EMEA,2025-07-04 09:12:00,2025-07-10 09:12:00
EMP_010,APAC,2025-12-01 07:52:00,2025-12-04 07:52:00
EMP_024,LATAM,2025-09-10 12:37:00,2025-09-14 12:37:00
EMP_243,APAC,2025-03-01 16:00:00,2025-03-06 16:00:00
EMP_268,EMEA,2025-07-23 18:29:00,2025-07-30 18:29:00
EMP_054,LATAM,2025-07-07 12:40:00,2025-07-11 12:40:00
EMP_069,LATAM,2025-03-24 11:25:00,2025-03-27 11:25:00
EMP_204,APAC,2025-07-23 07:28:00,2025-07-28 07:28:00
EMP_222,LATAM,2025-08-31 18:13:00,2025-09-07 18:13:00
EMP_424,NA,2025-10-31 05:21:00,2025-11-05 05:21:00
EMP_204,APAC,2025-02-17 13:30:00,2025-02-23 13:30:00
EMP_162,NA,2025-10-23 04:48:00,2025-10-27 04:48:00
EMP_167,APAC,2025-03-04 22:28:00,2025-03-08 22:28:00
EMP_337,LATAM,2025-05-27 21:39:00,2025-06-01 21:39:00
EMP_040,APAC,2025-02-07 18:11:00,2025-02-10 18:11:00
EMP_292,APAC,2025-11-13 15:01:00,2025-11-16 15:01:00
EMP_096,APAC,2025-02-18 07:48:00,2025-02-23 07:48:00
EMP_439,LATAM,2025-12-13 22:48:00,2025-12-17 22:48:00
EMP_293,LATAM,2025-11-30 07:34:00,2025-12-03 07:34:00
EMP_369,LATAM,2025-11-14 16:54:00,2025-11-18 16:54:00
EMP_200,NA,2025-02-02 10:24:00,2025-02-08 10:24:00
EMP_317,LATAM,2025-08-02 14:20:00,2025-08-06 14:20:00
EMP_042,LATAM,2025-09-09 02:32:00,2025-09-15 02:32:00
EMP_350,NA,2025-01-11 20:31:00,2025-01-17 20:31:00
EMP_324,NA,2025-08-16 07:04:00,2025-08-20 07:04:00
EMP_088,NA,2025-03-29 01:38:00,2025-04-02 01:38:00
EMP_397,LATAM,2025-05-07 02:02:00,2025-05-11 02:02:00
EMP_394,APAC,2025-10-12 09:39:00,2025-10-17 09:39:00
EMP_344,LATAM,2025-04-28 11:31:00,2025-05-05 11:31:00
EMP_387,EMEA,2025-10-14 18:27:00,2025-10-20 18:27:00
EMP_101,EMEA,2025-04-15 19:53:00,2025-04-21 19:53:00
EMP_367,APAC,2025-05-09 00:47:00,2025-05-15 00:47:00
EMP_132,APAC,2025-11-21 04:52:00,2025-11-26 04:52:00
EMP_103,NA,2025-01-22 04:29:00,2025-01-26 04:29:00
EMP_434,APAC,2025-06-10 21:16:00,2025-06-16 21:16:00
EMP_431,LATAM,2025-06-19 15:55:00,2025-06-23 15:55:00
EMP_256,LATAM,2025-01-26 03:24:00,2025-01-30 03:24:00
EMP_295,NA,2025-09-14 04:09:00,2025-09-20 04:09:00
EMP_168,LATAM,2025-11-05 16:59:00,2025-11-10 16:59:00
EMP_127,NA,2025-09-24 05:47:00,2025-09-30 05:47:00
EMP_403,NA,2025-12-22 12:03:00,2025-12-26 12:03:00
EMP_121,LATAM,2025-01-13 05:09:00,2025-01-17 05:09:00
EMP_346,LATAM,2025-01-01 09:51:00,2025-01-07 09:51:00
EMP_117,APAC,2025-04-09 13:56:00,2025-04-13 13:56:00
EMP_411,EMEA,2025-10-14 10:26:00,2025-10-19 10:26:00
EMP_288,LATAM,2025-10-29 00:08:00,2025-11-04 00:08:00
EMP_301,EMEA,2025-02-15 18:59:00,2025-02-20 18:59:00
EMP_270,APAC,2025-12-25 23:01:00,2025-12-29 23:01:00
EMP_009,EMEA,2025-04-05 13:19:00,2025-04-11 13:19:00
EMP_354,EMEA,2025-09-28 02:58:00,2025-10-04 02:58:00
EMP_399,APAC,2025-04-16 04:20:00,2025-04-21 04:20:00
EMP_407,APAC,2025-11-15 19:04:00,2025-11-20 19:04:00
EMP_376,LATAM,2025-10-24 13:10:00,2025-10-30 13:10:00
EMP_348,EMEA,2025-02-03 17:01:00,2025-02-06 17:01:00
EMP_320,APAC,2025-05-23 19:26:00,2025-05-29 19:26:00
EMP_234,APAC,2025-08-14 01:17:00,2025-08-21 01:17:00
EMP_292,APAC,2025-07-07 22:40:00,2025-07-11 22:40:00
EMP_091,EMEA,2025-12-30 07:25:00,2026-01-05 07:25:00
EMP_088,NA,2025-08-23 09:21:00,2025-08-28 09:21:00
EMP_257,LATAM,2025-07-03 01:26:00,2025-07-08 01:26:00
EMP_263,LATAM,2025-05-29 04:06:00,2025-06-03 04:06:00
EMP_306,APAC,2025-07-12 01:15:00,2025-07-18 01:15:00
EMP_047,NA,2025-07-09 01:17:00,2025-07-15 01:17:00
EMP_363,APAC,2025-12-10 01:01:00,2025-12-17 01:01:00
EMP_403,NA,2025-08-20 15:49:00,2025-08-25 15:49:00
EMP_368,NA,2025-03-26 16:04:00,2025-03-31 16:04:00
EMP_162,NA,2025-01-07 15:43:00,2025-01-12 15:43:00
EMP_226,APAC,2025-04-17 03:24:00,2025-04-22 03:24:00
EMP_042,LATAM,2025-10-23 10:48:00,2025-10-29 10:48:00
EMP_239,LATAM,2025-04-08 04:43:00,2025-04-12 04:43:00
EMP_112,APAC,2025-10-17 05:53:00,2025-10-23 05:53:00
EMP_129,LATAM,2025-01-17 11:31:00,2025-01-24 11:31:00
EMP_287,NA,2025-08-07 00:01:00,2025-08-11 00:01:00
EMP_364,APAC,2025-04-07 09:43:00,2025-04-10 09:43:00
EMP_339,APAC,2025-07-10 09:47:00,2025-07-16 09:47:00
EMP_192,LATAM,2025-05-19 10:01:00,2025-05-22 10:01:00
EMP_350,NA,2025-10-16 03:17:00,2025-10-22 03:17:00
EMP_169,EMEA,2025-02-24 20:00:00,2025-03-03 20:00:00
EMP_100,APAC,2025-05-10 13:48:00,2025-05-16 13:48:00
EMP_386,EMEA,2025-06-16 16:14:00,2025-06-20 16:14:00
EMP_231,APAC,2025-04-17 20:15:00,2025-04-24 20:15:00
EMP_366,NA,2025-10-23 20:50:00,2025-10-29 20:50:00
EMP_289,APAC,2025-05-25 08:13:00,2025-05-30 08:13:00
EMP_264,APAC,2025-05-25 20:02:00,2025-05-30 20:02:00
EMP_257,LATAM,2025-05-05 14:22:00,2025-05-10 14:22:00
EMP_389,EMEA,2025-03-02 22:48:00,2025-03-07 22:48:00
EMP_104,NA,2025-09-25 06:42:00,2025-10-01 06:42:00
EMP_060,NA,2025-09-30 18:25:00,2025-10-04 18:25:00
EMP_272,APAC,2025-01-17 02:48:00,2025-01-21 02:48:00
EMP_158,LATAM,2025-10-14 12:51:00,2025-10-20 12:51:00
EMP_049,APAC,2025-04-05 03:21:00,2025-04-10 03:21:00
EMP_327,NA,2025-01-20 17:09:00,2025-01-24 17:09:00
EMP_098,NA,2025-11-25 12:14:00,2025-11-29 12:14:00
EMP_067,LATAM,2025-08-22 03:58:00,2025-08-25 03:58:00
EMP_292,APAC,2025-12-20 08:36:00,2025-12-26 08:36:00
EMP_001,NA,2025-11-24 03:59:00,2025-11-28 03:59:00
EMP_435,APAC,2025-07-28 17:44:00,2025-07-31 17:44:00
EMP_042,LATAM,2025-01-28 10:46:00,2025-02-03 10:46:00
EMP_361,LATAM,2025-10-06 10:49:00,2025-10-11 10:49:00
EMP_236,APAC,2025-03-04 10:47:00,2025-03-11 10:47:00
EMP_348,EMEA,2025-12-24 14:34:00,2025-12-29 14:34:00
EMP_067,LATAM,2025-12-02 12:36:00,2025-12-06 12:36:00
EMP_236,APAC,2025-08-10 12:41:00,2025-08-15 12:41:00
EMP_234,APAC,2025-06-20 13:59:00,2025-06-25 13:59:00
EMP_187,APAC,2025-01-20 18:08:00,2025-01-26 18:08:00
EMP_044,NA,2025-08-16 15:27:00,2025-08-20 15:27:00
EMP_433,LATAM,2025-01-30 18:14:00,2025-02-04 18:14:00
EMP_420,APAC,2025-07-04 01:55:00,2025-07-10 01:55:00
EMP_267,EMEA,2025-08-07 18:24:00,2025-08-14 18:24:00
EMP_175,NA,2025-01-15 18:56:00,2025-01-20 18:56:00
EMP_313,LATAM,2025-07-22 09:27:00,2025-07-25 09:27:00
EMP_218,LATAM,2025-10-07 14:58:00,2025-10-12 14:58:00
EMP_312,LATAM,2025-11-23 17:40:00,2025-11-27 17:40:00
EMP_231,APAC,2025-06-08 11:58:00,2025-06-13 11:58:00
EMP_265,LATAM,2025-10-06 01:49:00,2025-10-09 01:49:00
EMP_112,APAC,2025-12-05 00:42:00,2025-12-12 00:42:00
EMP_177,EMEA,2025-12-21 07:41:00,2025-12-27 07:41:00
EMP_412,EMEA,2025-03-11 13:03:00,2025-03-17 13:03:00
EMP_408,APAC,2025-10-04 12:44:00,2025-10-07 12:44:00
EMP_005,NA,2025-02-26 15:57:00,2025-03-03 15:57:00
EMP_389,EMEA,2025-10-21 14:37:00,2025-10-25 14:37:00
EMP_192,LATAM,2025-02-18 08:37:00,2025-02-25 08:37:00
EMP_127,NA,2025-08-30 23:48:00,2025-09-02 23:48:00
EMP_298,EMEA,2024-12-31 21:27:00,2025-01-03 21:27:00
EMP_418,NA,2025-12-10 01:02:00,2025-12-16 01:02:00
EMP_320,APAC,2025-04-12 00:15:00,2025-04-16 00:15:00
EMP_397,LATAM,2025-02-25 05:56:00,2025-03-02 05:56:00
EMP_395,EMEA,2025-02-16 13:17:00,2025-02-20 13:17:00
EMP_186,LATAM,2025-05-18 00:44:00,2025-05-22 00:44:00
EMP_296,NA,2025-12-29 19:38:00,2026-01-03 19:38:00
EMP_131,EMEA,2025-12-16 13:26:00,2025-12-21 13:26:00
EMP_210,EMEA,2025-03-20 13:43:00,2025-03-25 13:43:00
EMP_399,APAC,2025-12-06 03:56:00,2025-12-12 03:56:00
EMP_169,EMEA,2025-08-06 09:56:00,2025-08-13 09:56:00
EMP_194,APAC,2025-01-04 05:12:00,2025-01-10 05:12:00
EMP_329,NA,2025-04-14 16:02:00,2025-04-17 16:02:00
EMP_103,NA,2025-12-21 18:33:00,2025-12-26 18:33:00
EMP_267,EMEA,2025-05-21 03:31:00,2025-05-26 03:31:00
EMP_014,LATAM,2025-05-13 03:53:00,2025-05-20 03:53:00
EMP_328,APAC,2025-01-04 08:05:00,2025-01-08 08:05:00
EMP_113,LATAM,2025-12-12 04:50:00,2025-12-19 04:50:00
EMP_373,EMEA,2025-08-31 21:59:00,2025-09-04 21:59:00
EMP_025,EMEA,2025-05-15 17:02:00,2025-05-21 17:02:00
EMP_407,APAC,2025-02-07 13:31:00,2025-02-12 13:31:00
EMP_213,APAC,2025-07-21 18:15:00,2025-07-27 18:15:00
EMP_278,EMEA,2025-08-20 19:25:00,2025-08-26 19:25:00
EMP_255,EMEA,2025-12-27 03:22:00,2026-01-01 03:22:00
EMP_278,EMEA,2025-05-31 04:22:00,2025-06-07 04:22:00
EMP_342,NA,2025-03-22 21:05:00,2025-03-28 21:05:00
EMP_181,NA,2025-03-09 15:20:00,2025-03-13 15:20:00
EMP_235,APAC,2025-09-16 13:41:00,2025-09-21 13:41:00
EMP_188,LATAM,2025-10-26 21:42:00,2025-11-02 21:42:00
EMP_434,APAC,2025-08-28 19:42:00,2025-09-01 19:42:00
EMP_361,LATAM,2025-06-04 13:56:00,2025-06-09 13:56:00
EMP_202,EMEA,2025-12-28 17:03:00,2026-01-02 17:03:00
EMP_180,EMEA,2025-07-15 23:12:00,2025-07-21 23:12:00
EMP_337,LATAM,2025-03-28 09:20:00,2025-04-01 09:20:00
EMP_160,EMEA,2025-04-04 10:00:00,2025-04-10 10:00:00
EMP_042,LATAM,2025-05-02 04:56:00,2025-05-08 04:56:00
EMP_016,APAC,2025-03-23 22:31:00,2025-03-28 22:31:00
EMP_045,EMEA,2025-03-25 21:22:00,2025-03-30 21:22:00
EMP_206,EMEA,2025-01-25 13:54:00,2025-01-31 13:54:00
EMP_342,NA,2025-11-29 04:35:00,2025-12-02 04:35:00
EMP_382,NA,2025-04-24 14:19:00,2025-05-01 14:19:00
EMP_145,APAC,2025-07-24 16:19:00,2025-07-29 16:19:00
EMP_292,APAC,2025-10-03 09:37:00,2025-10-09 09:37:00
EMP_022,NA,2025-10-11 08:31:00,2025-10-16 08:31:00
EMP_201,EMEA,2025-07-15 20:56:00,2025-07-21 20:56:00
EMP_433,LATAM,2025-11-09 21:39:00,2025-11-15 21:39:00
EMP_258,NA,2025-12-23 21:48:00,2025-12-30 21:48:00
EMP_208,LATAM,2025-01-31 03:27:00,2025-02-07 03:27:00
EMP_329,NA,2025-10-11 12:40:00,2025-10-15 12:40:00
EMP_402,APAC,2025-10-15 03:25:00,2025-10-20 03:25:00
EMP_354,EMEA,2025-04-15 17:48:00,2025-04-21 17:48:00
EMP_107,APAC,2025-04-14 02:24:00,2025-04-19 02:24:00
EMP_387,EMEA,2025-05-13 07:32:00,2025-05-16 07:32:00
EMP_256,LATAM,2025-02-01 11:03:00,2025-02-08 11:03:00
EMP_013,NA,2025-02-17 11:07:00,2025-02-23 11:07:00
EMP_276,NA,2025-04-06 22:29:00,2025-04-11 22:29:00
EMP_353,LATAM,2025-01-14 00:49:00,2025-01-20 00:49:00
EMP_345,NA,2025-10-27 12:01:00,2025-10-31 12:01:00
EMP_259,EMEA,2025-03-20 23:29:00,2025-03-25 23:29:00
EMP_004,NA,2025-12-16 02:12:00,2025-12-22 02:12:00
EMP_411,EMEA,2025-01-25 04:59:00,2025-01-29 04:59:00
EMP_023,EMEA,2025-04-23 01:59:00,2025-04-26 01:59:00
EMP_036,EMEA,2025-03-08 05:50:00,2025-03-13 05:50:00
EMP_123,EMEA,2025-08-13 22:18:00,2025-08-18 22:18:00
EMP_074,EMEA,2025-09-09 13:11:00,2025-09-14 13:11:00
EMP_427,NA,2025-10-28 05:01:00,2025-11-02 05:01:00
EMP_289,APAC,2025-10-29 16:20:00,2025-11-04 16:20:00
EMP_407,APAC,2025-03-04 03:52:00,2025-03-08 03:52:00
EMP_177,EMEA,2025-05-10 08:07:00,2025-05-13 08:07:00
EMP_433,LATAM,2025-08-24 15:59:00,2025-08-27 15:59:00
EMP_159,NA,2025-10-30 07:43:00,2025-11-04 07:43:00
EMP_330,APAC,2025-08-31 08:58:00,2025-09-05 08:58:00
EMP_198,NA,2025-06-11 08:48:00,2025-06-17 08:48:00
EMP_060,NA,2025-06-18 14:46:00,2025-06-22 14:46:00
EMP_350,NA,2025-02-21 19:35:00,2025-02-25 19:35:00
EMP_015,APAC,2025-04-13 08:51:00,2025-04-17 08:51:00
EMP_240,APAC,2025-08-13 21:17:00,2025-08-17 21:17:00
EMP_086,LATAM,2025-10-13 06:54:00,2025-10-18 06:54:00
EMP_101,EMEA,2025-06-16 21:36:00,2025-06-19 21:36:00
EMP_121,LATAM,2025-09-06 21:39:00,2025-09-11 21:39:00
EMP_122,EMEA,2025-06-04 15:24:00,2025-06-10 15:24:00
EMP_398,NA,2025-09-05 07:42:00,2025-09-08 07:42:00
EMP_231,APAC,2025-09-25 02:47:00,2025-10-02 02:47:00
EMP_374,EMEA,2025-07-12 05:31:00,2025-07-17 05:31:00
EMP_159,NA,2025-11-08 10:02:00,2025-11-13 10:02:00
EMP_443,APAC,2025-08-20 08:24:00,2025-08-25 08:24:00
EMP_419,APAC,2025-09-30 12:36:00,2025-10-05 12:36:00
EMP_012,APAC,2025-02-03 06:19:00,2025-02-09 06:19:00
EMP_328,APAC,2025-01-31 20:24:00,2025-02-04 20:24:00
EMP_361,LATAM,2025-07-09 04:33:00,2025-07-13 04:33:00
EMP_447,APAC,2025-08-03 05:36:00,2025-08-09 05:36:00
EMP_317,LATAM,2025-04-19 17:55:00,2025-04-24 17:55:00
EMP_380,APAC,2025-12-04 19:47:00,2025-12-08 19:47:00
EMP_006,LATAM,2025-07-29 18:30:00,2025-08-03 18:30:00
EMP_150,EMEA,2025-07-30 23:37:00,2025-08-02 23:37:00
EMP_135,NA,2025-01-08 05:48:00,2025-01-11 05:48:00
EMP_280,LATAM,2025-03-18 09:11:00,2025-03-21 09:11:00
EMP_330,APAC,2025-08-05 05:01:00,2025-08-12 05:01:00
EMP_031,APAC,2025-08-29 21:48:00,2025-09-04 21:48:00
EMP_202,EMEA,2025-02-26 09:18:00,2025-03-02 09:18:00
EMP_252,EMEA,2025-06-12 09:00:00,2025-06-17 09:00:00
EMP_110,LATAM,2025-11-19 05:48:00,2025-11-23 05:48:00
EMP_269,EMEA,2025-06-10 07:49:00,2025-06-16 07:49:00
EMP_419,APAC,2025-08-25 05:23:00,2025-08-31 05:23:00
EMP_047,NA,2025-02-17 01:11:00,2025-02-23 01:11:00
EMP_049,APAC,2025-06-18 04:49:00,2025-06-22 04:49:00
EMP_242,APAC,2025-02-10 19:52:00,2025-02-15 19:52:00
EMP_213,APAC,2025-09-18 14:34:00,2025-09-22 14:34:00
EMP_446,EMEA,2025-05-18 13:56:00,2025-05-24 13:56:00
EMP_254,LATAM,2025-03-22 17:35:00,2025-03-25 17:35:00
EMP_256,LATAM,2025-02-12 17:22:00,2025-02-17 17:22:00
EMP_088,NA,2025-10-12 20:15:00,2025-10-16 20:15:00
EMP_051,LATAM,2025-10-18 07:21:00,2025-10-24 07:21:00
EMP_413,LATAM,2025-07-22 09:52:00,2025-07-27 09:52:00
EMP_077,NA,2025-10-30 11:15:00,2025-11-03 11:15:00
EMP_210,EMEA,2025-12-13 19:07:00,2025-12-16 19:07:00
EMP_096,APAC,2025-04-12 16:56:00,2025-04-18 16:56:00
EMP_302,EMEA,2025-07-19 16:13:00,2025-07-24 16:13:00
EMP_236,APAC,2025-10-16 09:13:00,2025-10-20 09:13:00
EMP_239,LATAM,2025-05-05 21:44:00,2025-05-11 21:44:00
EMP_257,LATAM,2025-12-23 06:36:00,2025-12-27 06:36:00
EMP_169,EMEA,2025-03-25 07:17:00,2025-03-30 07:17:00
EMP_413,LATAM,2024-12-31 10:49:00,2025-01-07 10:49:00
EMP_437,NA,2025-10-17 07:21:00,2025-10-20 07:21:00
EMP_424,NA,2025-11-06 10:10:00,2025-11-11 10:10:00
EMP_006,LATAM,2025-07-06 00:29:00,2025-07-10 00:29:00
EMP_077,NA,2025-04-04 10:22:00,2025-04-11 10:22:00
EMP_437,NA,2025-10-19 17:17:00,2025-10-25 17:17:00
EMP_219,APAC,2025-07-09 00:48:00,2025-07-13 00:48:00
EMP_288,LATAM,2025-01-19 00:40:00,2025-01-24 00:40:00
EMP_204,APAC,2025-10-23 23:55:00,2025-10-27 23:55:00
EMP_296,NA,2025-03-27 05:18:00,2025-04-02 05:18:00
EMP_029,APAC,2025-11-28 18:55:00,2025-12-01 18:55:00
EMP_112,APAC,2025-05-01 10:13:00,2025-05-05 10:13:00
EMP_016,APAC,2025-08-13 07:32:00,2025-08-20 07:32:00
EMP_096,APAC,2025-03-19 02:05:00,2025-03-23 02:05:00
EMP_296,NA,2025-07-01 21:54:00,2025-07-07 21:54:00
EMP_134,APAC,2025-09-10 12:15:00,2025-09-16 12:15:00
EMP_435,APAC,2025-08-22 14:55:00,2025-08-28 14:55:00
EMP_347,EMEA,2025-12-23 13:37:00,2025-12-26 13:37:00
EMP_147,LATAM,2025-05-23 01:48:00,2025-05-27 01:48:00
EMP_115,APAC,2025-12-09 23:58:00,2025-12-15 23:58:00
EMP_050,NA,2025-03-17 02:59:00,2025-03-23 02:59:00
EMP_276,NA,2025-01-17 16:48:00,2025-01-24 16:48:00
EMP_369,LATAM,2025-09-04 05:09:00,2025-09-08 05:09:00
EMP_119,EMEA,2025-01-01 08:05:00,2025-01-06 08:05:00
EMP_326,NA,2025-08-07 00:52:00,2025-08-11 00:52:00
EMP_417,NA,2025-04-11 17:09:00,2025-04-17 17:09:00
EMP_280,LATAM,2025-09-29 04:09:00,2025-10-06 04:09:00
EMP_153,EMEA,2025-04-30 18:23:00,2025-05-06 18:23:00
EMP_363,APAC,2025-07-01 06:30:00,2025-07-07 06:30:00
EMP_098,NA,2025-03-03 18:21:00,2025-03-09 18:21:00
EMP_415,APAC,2025-10-17 04:24:00,2025-10-22 04:24:00
EMP_326,NA,2025-05-27 18:22:00,2025-06-02 18:22:00
EMP_064,LATAM,2025-11-22 21:55:00,2025-11-28 21:55:00
EMP_060,NA,2025-06-14 10:12:00,2025-06-17 10:12:00
EMP_412,EMEA,2025-08-20 23:08:00,2025-08-23 23:08:00
EMP_303,EMEA,2025-04-20 10:24:00,2025-04-26 10:24:00
EMP_111,NA,2025-10-24 07:19:00,2025-10-29 07:19:00
EMP_018,NA,2025-10-24 16:07:00,2025-10-30 16:07:00
EMP_062,APAC,2025-10-02 06:46:00,2025-10-07 06:46:00
EMP_382,NA,2025-03-09 14:27:00,2025-03-15 14:27:00
EMP_422,APAC,2025-08-29 01:54:00,2025-09-03 01:54:00
EMP_315,EMEA,2025-11-19 01:03:00,2025-11-23 01:03:00
EMP_005,NA,2025-07-14 15:03:00,2025-07-19 15:03:00
EMP_203,EMEA,2025-01-28 05:39:00,2025-02-02 05:39:00
EMP_306,APAC,2025-08-11 21:28:00,2025-08-14 21:28:00
EMP_290,LATAM,2025-01-12 10:53:00,2025-01-19 10:53:00
EMP_256,LATAM,2025-05-21 06:18:00,2025-05-25 06:18:00
EMP_297,NA,2025-06-08 11:56:00,2025-06-15 11:56:00
EMP_032,LATAM,2025-09-07 16:53:00,2025-09-12 16:53:00
EMP_277,APAC,2025-08-10 23:20:00,2025-08-14 23:20:00
EMP_404,LATAM,2025-06-12 08:54:00,2025-06-16 08:54:00
EMP_091,EMEA,2025-04-09 20:34:00,2025-04-12 20:34:00
EMP_159,NA,2025-09-11 05:50:00,2025-09-15 05:50:00
EMP_002,EMEA,2025-12-25 06:30:00,2026-01-01 06:30:00
EMP_030,LATAM,2025-08-11 00:40:00,2025-08-15 00:40:00
EMP_146,EMEA,2025-08-07 22:14:00,2025-08-13 22:14:00
EMP_187,APAC,2025-01-22 18:23:00,2025-01-27 18:23:00
EMP_106,EMEA,2025-04-19 17:40:00,2025-04-25 17:40:00
EMP_260,NA,2025-09-15 06:16:00,2025-09-21 06:16:00
EMP_417,NA,2025-01-23 04:44:00,2025-01-27 04:44:00
EMP_237,EMEA,2025-06-16 08:46:00,2025-06-22 08:46:00
EMP_081,APAC,2025-08-30 02:27:00,2025-09-04 02:27:00
EMP_110,LATAM,2025-04-18 03:28:00,2025-04-22 03:28:00
EMP_333,LATAM,2025-03-04 03:56:00,2025-03-10 03:56:00
EMP_103,NA,2025-07-19 08:36:00,2025-07-23 08:36:00
EMP_030,LATAM,2025-08-04 12:01:00,2025-08-10 12:01:00
EMP_153,EMEA,2025-06-27 07:59:00,2025-07-04 07:59:00
EMP_202,EMEA,2025-10-08 18:41:00,2025-10-11 18:41:00
EMP_248,NA,2025-08-14 02:45:00,2025-08-21 02:45:00
EMP_395,EMEA,2025-03-18 04:08:00,2025-03-22 04:08:00
EMP_016,APAC,2025-10-01 13:29:00,2025-10-07 13:29:00
EMP_163,NA,2025-02-19 15:42:00,2025-02-24 15:42:00
EMP_071,NA,2025-01-12 00:59:00,2025-01-18 00:59:00
EMP_345,NA,2025-02-20 13:02:00,2025-02-27 13:02:00
EMP_354,EMEA,2025-04-10 04:42:00,2025-04-15 04:42:00
EMP_333,LATAM,2025-02-17 10:03:00,2025-02-22 10:03:00
EMP_071,NA,2025-07-30 06:14:00,2025-08-04 06:14:00
EMP_424,NA,2025-08-17 02:47:00,2025-08-24 02:47:00
EMP_329,NA,2025-07-09 01:55:00,2025-07-13 01:55:00
EMP_087,EMEA,2025-03-20 15:12:00,2025-03-27 15:12:00
EMP_341,LATAM,2025-01-31 13:19:00,2025-02-05 13:19:00
EMP_197,NA,2025-03-04 03:35:00,2025-03-08 03:35:00
EMP_070,NA,2025-03-14 10:00:00,2025-03-17 10:00:00
EMP_092,NA,2025-12-19 22:00:00,2025-12-22 22:00:00
EMP_308,LATAM,2025-08-15 20:00:00,2025-08-18 20:00:00
EMP_123,EMEA,2025-04-18 20:00:00,2025-04-21 20:00:00
EMP_015,APAC,2025-10-10 16:00:00,2025-10-13 16:00:00
EMP_106,EMEA,2025-01-24 10:00:00,2025-01-27 10:00:00
EMP_044,NA,2025-09-26 21:00:00,2025-09-29 21:00:00
EMP_407,APAC,2025-07-11 13:00:00,2025-07-14 13:00:00
EMP_202,EMEA,2025-07-04 12:00:00,2025-07-07 12:00:00
EMP_326,NA,2025-08-01 14:00:00,2025-08-04 14:00:00
EMP_255,EMEA,2025-05-09 17:00:00,2025-05-12 17:00:00
EMP_109,NA,2025-07-04 16:00:00,2025-07-07 16:00:00
EMP_342,NA,2025-11-14 10:00:00,2025-11-17 10:00:00
EMP_424,NA,2025-02-21 20:00:00,2025-02-24 20:00:00
EMP_011,LATAM,2025-05-30 13:00:00,2025-06-02 13:00:00
EMP_170,LATAM,2025-08-29 15:00:00,2025-09-01 15:00:00
EMP_200,NA,2025-11-21 11:00:00,2025-11-24 11:00:00
EMP_140,APAC,2025-07-04 10:00:00,2025-07-07 10:00:00
EMP_047,NA,2025-01-03 22:00:00,2025-01-06 22:00:00
EMP_015,APAC,2025-04-18 15:00:00,2025-04-21 15:00:00
EMP_302,EMEA,2025-09-19 14:00:00,2025-09-22 14:00:00
EMP_174,EMEA,2025-01-03 10:00:00,2025-01-06 10:00:00
EMP_219,APAC,2025-05-02 20:00:00,2025-05-05 20:00:00
EMP_338,EMEA,2025-01-31 20:00:00,2025-02-03 20:00:00
EMP_410,NA,2025-05-09 16:00:00,2025-05-12 16:00:00
EMP_434,APAC,2025-05-30 20:00:00,2025-06-02 20:00:00
EMP_323,LATAM,2025-01-10 22:00:00,2025-01-13 22:00:00
EMP_028,NA,2025-02-21 15:00:00,2025-02-24 15:00:00
EMP_118,NA,2025-01-10 18:00:00,2025-01-13 18:00:00
EMP_098,NA,2025-02-21 11:00:00,2025-02-24 11:00:00
EMP_181,NA,2025-12-26 12:00:00,2025-12-29 12:00:00
EMP_168,LATAM,2025-12-19 22:00:00,2025-12-22 22:00:00
EMP_352,APAC,2025-12-26 17:00:00,2025-12-29 17:00:00
EMP_440,NA,2025-12-12 16:00:00,2025-12-15 16:00:00
EMP_337,LATAM,2025-09-05 10:00:00,2025-09-08 10:00:00
EMP_028,NA,2025-05-30 21:00:00,2025-06-02 21:00:00
EMP_015,APAC,2025-06-06 11:00:00,2025-06-09 11:00:00
EMP_092,NA,2025-09-05 21:00:00,2025-09-08 21:00:00
EMP_338,EMEA,2025-05-09 21:00:00,2025-05-12 21:00:00
EMP_318,NA,2025-01-10 14:00:00,2025-01-13 14:00:00
EMP_165,EMEA,2025-04-11 11:00:00,2025-04-14 11:00:00
EMP_443,APAC,2025-05-09 16:00:00,2025-05-12 16:00:00
EMP_081,APAC,2025-03-07 14:00:00,2025-03-10 14:00:00
EMP_128,LATAM,2025-04-25 11:00:00,2025-04-28 11:00:00
EMP_213,APAC,2025-11-21 18:00:00,2025-11-24 18:00:00
EMP_190,LATAM,2025-08-29 21:00:00,2025-09-01 21:00:00
EMP_242,APAC,2025-04-18 18:00:00,2025-04-21 18:00:00
EMP_209,NA,2025-01-10 21:00:00,2025-01-13 21:00:00
EMP_387,EMEA,2025-06-27 18:00:00,2025-06-30 18:00:00
EMP_027,APAC,2025-09-26 13:00:00,2025-09-29 13:00:00
EMP_291,EMEA,2025-10-24 19:00:00,2025-10-27 19:00:00
EMP_093,APAC,2025-10-10 13:00:00,2025-10-13 13:00:00
EMP_420,APAC,2025-12-26 20:00:00,2025-12-29 20:00:00
EMP_003,NA,2025-07-25 20:00:00,2025-07-28 20:00:00
EMP_233,APAC,2025-08-15 14:00:00,2025-08-18 14:00:00
EMP_415,APAC,2025-12-05 13:00:00,2025-12-08 13:00:00
EMP_059,EMEA,2025-12-19 14:00:00,2025-12-22 14:00:00
EMP_352,APAC,2025-01-17 20:00:00,2025-01-20 20:00:00
EMP_007,NA,2025-01-31 11:00:00,2025-02-03 11:00:00
EMP_210,EMEA,2025-10-03 11:00:00,2025-10-06 11:00:00
EMP_402,APAC,2025-08-29 21:00:00,2025-09-01 21:00:00
EMP_356,EMEA,2025-10-17 22:00:00,2025-10-20 22:00:00
EMP_058,NA,2025-02-21 10:00:00,2025-02-24 10:00:00
EMP_261,EMEA,2025-10-17 20:00:00,2025-10-20 20:00:00
EMP_131,EMEA,2025-05-23 13:00:00,2025-05-26 13:00:00
EMP_208,LATAM,2025-08-01 12:00:00,2025-08-04 12:00:00
EMP_039,NA,2025-02-07 10:00:00,2025-02-10 10:00:00
EMP_372,APAC,2025-10-31 20:00:00,2025-11-03 20:00:00
EMP_388,EMEA,2025-08-22 20:00:00,2025-08-25 20:00:00
EMP_175,NA,2025-06-06 11:00:00,2025-06-09 11:00:00
