Transaction_ID,Employee_ID,Department,Region,Transaction_Timestamp,Amount_USD,Merchant_Name,MCC,Context_Fail_Reason,Action_Required
TXN_002388,EMP_021,Corporate Marketing,APAC,2025-10-05 19:13:00,94.15,Uber Inc,4111,Active travel itinerary found but MCC 4111 (Uber Inc) is not a hospitality category — manual review required,MANUAL REVIEW REQUIRED
TXN_R5B_2045,EMP_028,Corporate Marketing,,2025-02-22 15:00:00,203.45,Uber Inc,4111,Active travel itinerary found but MCC 4111 (Uber Inc) is not a hospitality category — manual review required,MANUAL REVIEW REQUIRED
TXN_R5B_7877,EMP_028,Corporate Marketing,,2025-05-31 21:00:00,207.91,Figma Design,4816,Active travel itinerary found but MCC 4816 (Figma Design) is not a hospitality category — manual review required,MANUAL REVIEW REQUIRED
TXN_011463,EMP_033,Corporate Marketing,EMEA,2025-03-23 19:16:00,258.31,Figma Design,4816,Active travel itinerary found but MCC 4816 (Figma Design) is not a hospitality category — manual review required,MANUAL REVIEW REQUIRED
TXN_R5A_9215,EMP_033,Corporate Marketing,EMEA,2025-07-19 15:00:00,242.07,Local Steakhouse,5812,"No approved travel itinerary on 2025-07-19 — weekend hospitality spend of $242.07 under $250 limit, manual review required",MANUAL REVIEW REQUIRED
TXN_003836,EMP_033,Corporate Marketing,EMEA,2025-11-15 20:22:00,52.46,Global Logistics Tech,5999,Active travel itinerary found but MCC 5999 (Global Logistics Tech) is not a hospitality category — manual review required,MANUAL REVIEW REQUIRED
TXN_003123,EMP_038,Corporate Marketing,LATAM,2025-04-12 00:43:00,18.75,NYC Transit,4111,Active travel itinerary found but MCC 4111 (NYC Transit) is not a hospitality category — manual review required,MANUAL REVIEW REQUIRED
TXN_008200,EMP_053,Corporate Marketing,EMEA,2025-02-23 15:09:00,192.83,Hilton Hotels,7011,"No approved travel itinerary on 2025-02-23 — weekend hospitality spend of $192.83 under $250 limit, manual review required",MANUAL REVIEW REQUIRED
TXN_005516,EMP_056,Corporate Marketing,APAC,2025-03-02 16:01:00,314.83,AWS Cloud Services,4816,Active travel itinerary found but MCC 4816 (AWS Cloud Services) is not a hospitality category — manual review required,MANUAL REVIEW REQUIRED
TXN_R5A_7650,EMP_067,Corporate Marketing,LATAM,2025-04-12 15:00:00,172.28,Tokyo Dining Corp,5812,"No approved travel itinerary on 2025-04-12 — weekend hospitality spend of $172.28 under $250 limit, manual review required",MANUAL REVIEW REQUIRED
TXN_001934,EMP_067,Corporate Marketing,LATAM,2025-08-24 23:38:00,94.49,Amazon Business,5999,Active travel itinerary found but MCC 5999 (Amazon Business) is not a hospitality category — manual review required,MANUAL REVIEW REQUIRED
TXN_002920,EMP_069,Corporate Marketing,LATAM,2025-06-08 20:11:00,52.41,Uber Inc,4111,Active travel itinerary found but MCC 4111 (Uber Inc) is not a hospitality category — manual review required,MANUAL REVIEW REQUIRED
TXN_004254,EMP_069,Corporate Marketing,LATAM,2025-10-26 11:41:00,212.25,AWS Cloud Services,4816,Active travel itinerary found but MCC 4816 (AWS Cloud Services) is not a hospitality category — manual review required,MANUAL REVIEW REQUIRED
TXN_004825,EMP_079,Corporate Marketing,EMEA,2025-11-09 11:57:00,61.12,London Tavern,5812,"No approved travel itinerary on 2025-11-09 — weekend hospitality spend of $61.12 under $250 limit, manual review required",MANUAL REVIEW REQUIRED
TXN_R5A_6875,EMP_093,Corporate Marketing,APAC,2025-02-08 14:00:00,162.46,Bistro Hub,5812,"No approved travel itinerary on 2025-02-08 — weekend hospitality spend of $162.46 under $250 limit, manual review required",MANUAL REVIEW REQUIRED
TXN_011215,EMP_093,Corporate Marketing,APAC,2025-07-19 07:18:00,127.12,Lyft Ride,4111,Active travel itinerary found but MCC 4111 (Lyft Ride) is not a hospitality category — manual review required,MANUAL REVIEW REQUIRED
TXN_R5B_5143,EMP_093,Corporate Marketing,APAC,2025-10-11 13:00:00,350.88,London Underground,4111,Active travel itinerary found but MCC 4111 (London Underground) is not a hospitality category — manual review required,MANUAL REVIEW REQUIRED
TXN_007042,EMP_132,Corporate Marketing,APAC,2025-01-25 09:40:00,170.03,Slack Technologies,4816,Active travel itinerary found but MCC 4816 (Slack Technologies) is not a hospitality category — manual review required,MANUAL REVIEW REQUIRED
TXN_009292,EMP_139,Corporate Marketing,,2025-06-01 05:08:00,86.84,Uber Inc,4111,Active travel itinerary found but MCC 4111 (Uber Inc) is not a hospitality category — manual review required,MANUAL REVIEW REQUIRED
TXN_R5A_5613,EMP_151,Corporate Marketing,APAC,2025-01-25 12:00:00,41.54,Business Stay Inn,7011,"No approved travel itinerary on 2025-01-25 — weekend hospitality spend of $41.54 under $250 limit, manual review required",MANUAL REVIEW REQUIRED
TXN_003438,EMP_151,Corporate Marketing,APAC,2025-04-13 13:07:00,246.8,Slack Technologies,4816,Active travel itinerary found but MCC 4816 (Slack Technologies) is not a hospitality category — manual review required,MANUAL REVIEW REQUIRED
TXN_007609,EMP_152,Corporate Marketing,EMEA,2025-11-01 23:44:00,57.1,Staples Corp,5999,Active travel itinerary found but MCC 5999 (Staples Corp) is not a hospitality category — manual review required,MANUAL REVIEW REQUIRED
TXN_005696,EMP_180,Corporate Marketing,EMEA,2025-01-26 14:53:00,53.32,Global Logistics Tech,5999,Active travel itinerary found but MCC 5999 (Global Logistics Tech) is not a hospitality category — manual review required,MANUAL REVIEW REQUIRED
TXN_008290,EMP_180,Corporate Marketing,EMEA,2025-03-23 04:51:00,81.45,Staples Corp,5999,Active travel itinerary found but MCC 5999 (Staples Corp) is not a hospitality category — manual review required,MANUAL REVIEW REQUIRED
TXN_005868,EMP_181,Corporate Marketing,,2025-08-30 18:24:00,27.24,Local Steakhouse,5812,"No approved travel itinerary on 2025-08-30 — weekend hospitality spend of $27.24 under $250 limit, manual review required",MANUAL REVIEW REQUIRED
TXN_006107,EMP_181,Corporate Marketing,,2025-12-27 04:24:00,79.02,London Underground,4111,Active travel itinerary found but MCC 4111 (London Underground) is not a hospitality category — manual review required,MANUAL REVIEW REQUIRED
TXN_R5B_4360,EMP_181,Corporate Marketing,,2025-12-27 12:00:00,147.08,Figma Design,4816,Active travel itinerary found but MCC 4816 (Figma Design) is not a hospitality category — manual review required,MANUAL REVIEW REQUIRED
TXN_006758,EMP_192,Corporate Marketing,LATAM,2025-08-31 13:12:00,90.12,Amazon Business,5999,Active travel itinerary found but MCC 5999 (Amazon Business) is not a hospitality category — manual review required,MANUAL REVIEW REQUIRED
TXN_R5A_7980,EMP_198,Corporate Marketing,,2025-12-20 13:00:00,33.48,Euro Lodging,7011,"No approved travel itinerary on 2025-12-20 — weekend hospitality spend of $33.48 under $250 limit, manual review required",MANUAL REVIEW REQUIRED
TXN_R5B_3183,EMP_213,Corporate Marketing,APAC,2025-11-22 18:00:00,368.28,NYC Transit,4111,Active travel itinerary found but MCC 4111 (NYC Transit) is not a hospitality category — manual review required,MANUAL REVIEW REQUIRED
TXN_R2_26666,EMP_216,Corporate Marketing,LATAM,2025-02-09 08:23:00,1436.68,AWS Cloud Services,4816,Active travel itinerary found but MCC 4816 (AWS Cloud Services) is not a hospitality category — manual review required,MANUAL REVIEW REQUIRED
TXN_R2_47605,EMP_216,Corporate Marketing,LATAM,2025-02-09 08:35:00,1514.28,AWS Cloud Services,4816,Active travel itinerary found but MCC 4816 (AWS Cloud Services) is not a hospitality category — manual review required,MANUAL REVIEW REQUIRED
TXN_006884,EMP_217,Corporate Marketing,APAC,2025-02-15 15:25:00,196.89,Slack Technologies,4816,Active travel itinerary found but MCC 4816 (Slack Technologies) is not a hospitality category — manual review required,MANUAL REVIEW REQUIRED
TXN_002682,EMP_217,Corporate Marketing,APAC,2025-09-13 15:07:00,337.48,AWS Cloud Services,4816,Active travel itinerary found but MCC 4816 (AWS Cloud Services) is not a hospitality category — manual review required,MANUAL REVIEW REQUIRED
TXN_003865,EMP_217,Corporate Marketing,APAC,2025-10-19 21:41:00,24.82,Lyft Ride,4111,Active travel itinerary found but MCC 4111 (Lyft Ride) is not a hospitality category — manual review required,MANUAL REVIEW REQUIRED
TXN_005684,EMP_224,Corporate Marketing,APAC,2025-02-23 06:31:00,39.64,Uber Inc,4111,Active travel itinerary found but MCC 4111 (Uber Inc) is not a hospitality category — manual review required,MANUAL REVIEW REQUIRED
TXN_005865,EMP_224,Corporate Marketing,APAC,2025-04-27 15:05:00,292.87,Slack Technologies,4816,Active travel itinerary found but MCC 4816 (Slack Technologies) is not a hospitality category — manual review required,MANUAL REVIEW REQUIRED
TXN_R5A_5597,EMP_236,Corporate Marketing,APAC,2025-07-26 10:00:00,97.38,Marriott International,7011,"No approved travel itinerary on 2025-07-26 — weekend hospitality spend of $97.38 under $250 limit, manual review required",MANUAL REVIEW REQUIRED
TXN_012036,EMP_242,Corporate Marketing,APAC,2025-03-22 15:54:00,86.1,Staples Corp,5999,Active travel itinerary found but MCC 5999 (Staples Corp) is not a hospitality category — manual review required,MANUAL REVIEW REQUIRED
TXN_001419,EMP_242,Corporate Marketing,APAC,2025-04-19 16:52:00,191.84,GitHub Enterprise,4816,Active travel itinerary found but MCC 4816 (GitHub Enterprise) is not a hospitality category — manual review required,MANUAL REVIEW REQUIRED
TXN_R5B_7717,EMP_242,Corporate Marketing,APAC,2025-04-19 18:00:00,78.6,Figma Design,4816,Active travel itinerary found but MCC 4816 (Figma Design) is not a hospitality category — manual review required,MANUAL REVIEW REQUIRED
TXN_002577,EMP_242,Corporate Marketing,APAC,2025-04-20 03:41:00,147.06,London Underground,4111,Active travel itinerary found but MCC 4111 (London Underground) is not a hospitality category — manual review required,MANUAL REVIEW REQUIRED
TXN_R5A_9388,EMP_242,Corporate Marketing,APAC,2025-10-18 12:00:00,92.22,Hilton Hotels,7011,"No approved travel itinerary on 2025-10-18 — weekend hospitality spend of $92.22 under $250 limit, manual review required",MANUAL REVIEW REQUIRED
TXN_011301,EMP_256,Corporate Marketing,LATAM,2025-06-28 19:56:00,46.86,Local Steakhouse,5812,"No approved travel itinerary on 2025-06-28 — weekend hospitality spend of $46.86 under $250 limit, manual review required",MANUAL REVIEW REQUIRED
TXN_006980,EMP_299,Corporate Marketing,APAC,2025-03-15 07:26:00,175.23,Marriott International,7011,"No approved travel itinerary on 2025-03-15 — weekend hospitality spend of $175.23 under $250 limit, manual review required",MANUAL REVIEW REQUIRED
TXN_R5B_7588,EMP_308,Corporate Marketing,LATAM,2025-08-16 20:00:00,88.4,NYC Transit,4111,Active travel itinerary found but MCC 4111 (NYC Transit) is not a hospitality category — manual review required,MANUAL REVIEW REQUIRED
TXN_002235,EMP_308,Corporate Marketing,LATAM,2025-10-11 12:11:00,103.49,Office Depot,5999,Active travel itinerary found but MCC 5999 (Office Depot) is not a hospitality category — manual review required,MANUAL REVIEW REQUIRED
TXN_008054,EMP_328,Corporate Marketing,APAC,2025-11-30 08:42:00,107.04,Lyft Ride,4111,Active travel itinerary found but MCC 4111 (Lyft Ride) is not a hospitality category — manual review required,MANUAL REVIEW REQUIRED
TXN_006662,EMP_340,Corporate Marketing,APAC,2025-10-18 19:55:00,71.86,NYC Transit,4111,Active travel itinerary found but MCC 4111 (NYC Transit) is not a hospitality category — manual review required,MANUAL REVIEW REQUIRED
TXN_002119,EMP_351,Corporate Marketing,APAC,2025-03-29 13:20:00,21.68,Global Logistics Tech,5999,Active travel itinerary found but MCC 5999 (Global Logistics Tech) is not a hospitality category — manual review required,MANUAL REVIEW REQUIRED
TXN_007675,EMP_351,Corporate Marketing,APAC,2025-11-29 06:41:00,216.7,AWS Cloud Services,4816,Active travel itinerary found but MCC 4816 (AWS Cloud Services) is not a hospitality category — manual review required,MANUAL REVIEW REQUIRED
TXN_003018,EMP_363,Corporate Marketing,APAC,2025-03-30 23:15:00,173.72,GitHub Enterprise,4816,Active travel itinerary found but MCC 4816 (GitHub Enterprise) is not a hospitality category — manual review required,MANUAL REVIEW REQUIRED
TXN_002557,EMP_363,Corporate Marketing,APAC,2025-12-27 16:00:00,83.16,Office Depot,5999,Active travel itinerary found but MCC 5999 (Office Depot) is not a hospitality category — manual review required,MANUAL REVIEW REQUIRED
TXN_008941,EMP_405,Corporate Marketing,LATAM,2025-02-22 03:43:00,195.7,AWS Cloud Services,4816,Active travel itinerary found but MCC 4816 (AWS Cloud Services) is not a hospitality category — manual review required,MANUAL REVIEW REQUIRED
TXN_R5A_7875,EMP_405,Corporate Marketing,LATAM,2025-04-26 22:00:00,121.62,Marriott International,7011,"No approved travel itinerary on 2025-04-26 — weekend hospitality spend of $121.62 under $250 limit, manual review required",MANUAL REVIEW REQUIRED
TXN_008287,EMP_412,Corporate Marketing,EMEA,2025-07-05 10:12:00,71.78,Global Logistics Tech,5999,Active travel itinerary found but MCC 5999 (Global Logistics Tech) is not a hospitality category — manual review required,MANUAL REVIEW REQUIRED
TXN_007895,EMP_412,Corporate Marketing,EMEA,2025-10-26 12:14:00,78.69,NYC Transit,4111,Active travel itinerary found but MCC 4111 (NYC Transit) is not a hospitality category — manual review required,MANUAL REVIEW REQUIRED
TXN_R5A_4754,EMP_416,Corporate Marketing,EMEA,2025-07-19 15:00:00,167.04,Euro Lodging,7011,"No approved travel itinerary on 2025-07-19 — weekend hospitality spend of $167.04 under $250 limit, manual review required",MANUAL REVIEW REQUIRED
TXN_008673,EMP_417,Corporate Marketing,,2025-08-31 10:43:00,79.67,Amazon Business,5999,Active travel itinerary found but MCC 5999 (Amazon Business) is not a hospitality category — manual review required,MANUAL REVIEW REQUIRED
TXN_005291,EMP_417,Corporate Marketing,,2025-12-28 02:26:00,49.46,NYC Transit,4111,Active travel itinerary found but MCC 4111 (NYC Transit) is not a hospitality category — manual review required,MANUAL REVIEW REQUIRED
TXN_007067,EMP_421,Corporate Marketing,LATAM,2025-06-29 01:14:00,33.03,Figma Design,4816,Active travel itinerary found but MCC 4816 (Figma Design) is not a hospitality category — manual review required,MANUAL REVIEW REQUIRED
TXN_008556,EMP_421,Corporate Marketing,LATAM,2025-10-19 04:07:00,105.14,Staples Corp,5999,Active travel itinerary found but MCC 5999 (Staples Corp) is not a hospitality category — manual review required,MANUAL REVIEW REQUIRED
TXN_R5A_9402,EMP_421,Corporate Marketing,LATAM,2025-12-06 15:00:00,185.83,Tokyo Dining Corp,5812,"No approved travel itinerary on 2025-12-06 — weekend hospitality spend of $185.83 under $250 limit, manual review required",MANUAL REVIEW REQUIRED
TXN_000756,EMP_423,Corporate Marketing,EMEA,2025-08-24 12:42:00,121.16,Office Depot,5999,Active travel itinerary found but MCC 5999 (Office Depot) is not a hospitality category — manual review required,MANUAL REVIEW REQUIRED
TXN_R5B_6465,EMP_424,Corporate Marketing,,2025-02-22 20:00:00,337.85,Amazon Business,5999,Active travel itinerary found but MCC 5999 (Amazon Business) is not a hospitality category — manual review required,MANUAL REVIEW REQUIRED
TXN_006223,EMP_424,Corporate Marketing,,2025-03-02 06:49:00,36.65,Lyft Ride,4111,Active travel itinerary found but MCC 4111 (Lyft Ride) is not a hospitality category — manual review required,MANUAL REVIEW REQUIRED
TXN_006388,EMP_424,Corporate Marketing,,2025-04-06 21:40:00,302.2,Figma Design,4816,Active travel itinerary found but MCC 4816 (Figma Design) is not a hospitality category — manual review required,MANUAL REVIEW REQUIRED
TXN_001939,EMP_434,Corporate Marketing,APAC,2025-02-23 01:41:00,209.34,Figma Design,4816,Active travel itinerary found but MCC 4816 (Figma Design) is not a hospitality category — manual review required,MANUAL REVIEW REQUIRED
TXN_R5B_3988,EMP_434,Corporate Marketing,APAC,2025-05-31 20:00:00,61.01,Amazon Business,5999,Active travel itinerary found but MCC 5999 (Amazon Business) is not a hospitality category — manual review required,MANUAL REVIEW REQUIRED
TXN_011487,EMP_434,Corporate Marketing,APAC,2025-07-06 16:55:00,58.08,London Underground,4111,Active travel itinerary found but MCC 4111 (London Underground) is not a hospitality category — manual review required,MANUAL REVIEW REQUIRED
TXN_007484,EMP_439,Corporate Marketing,LATAM,2025-04-06 10:05:00,79.49,Amazon Business,5999,Active travel itinerary found but MCC 5999 (Amazon Business) is not a hospitality category — manual review required,MANUAL REVIEW REQUIRED
TXN_005537,EMP_439,Corporate Marketing,LATAM,2025-12-20 20:17:00,20.22,Bistro Hub,5812,"No approved travel itinerary on 2025-12-20 — weekend hospitality spend of $20.22 under $250 limit, manual review required",MANUAL REVIEW REQUIRED
TXN_008948,EMP_002,Field Sales,EMEA,2025-12-28 04:42:00,140.31,Office Depot,5999,Active travel itinerary found but MCC 5999 (Office Depot) is not a hospitality category — manual review required,MANUAL REVIEW REQUIRED
TXN_R5A_4936,EMP_004,Field Sales,,2025-04-12 15:00:00,175.81,London Tavern,5812,"No approved travel itinerary on 2025-04-12 — weekend hospitality spend of $175.81 under $250 limit, manual review required",MANUAL REVIEW REQUIRED
TXN_002336,EMP_004,Field Sales,,2025-10-04 17:29:00,165.86,Slack Technologies,4816,Active travel itinerary found but MCC 4816 (Slack Technologies) is not a hospitality category — manual review required,MANUAL REVIEW REQUIRED
TXN_000927,EMP_008,Field Sales,LATAM,2025-03-23 05:28:00,47.61,Office Depot,5999,Active travel itinerary found but MCC 5999 (Office Depot) is not a hospitality category — manual review required,MANUAL REVIEW REQUIRED
TXN_006317,EMP_008,Field Sales,LATAM,2025-07-27 22:35:00,111.29,NYC Transit,4111,Active travel itinerary found but MCC 4111 (NYC Transit) is not a hospitality category — manual review required,MANUAL REVIEW REQUIRED
TXN_004442,EMP_009,Field Sales,EMEA,2025-04-05 11:22:00,126.29,NYC Transit,4111,Active travel itinerary found but MCC 4111 (NYC Transit) is not a hospitality category — manual review required,MANUAL REVIEW REQUIRED
TXN_005701,EMP_010,Field Sales,APAC,2025-12-06 09:51:00,51.27,Office Depot,5999,Active travel itinerary found but MCC 5999 (Office Depot) is not a hospitality category — manual review required,MANUAL REVIEW REQUIRED
TXN_003806,EMP_011,Field Sales,LATAM,2025-05-03 09:36:00,237.33,Local Steakhouse,5812,"No approved travel itinerary on 2025-05-03 — weekend hospitality spend of $237.33 under $250 limit, manual review required",MANUAL REVIEW REQUIRED
TXN_R5B_9706,EMP_011,Field Sales,LATAM,2025-05-31 13:00:00,125.77,Slack Technologies,4816,Active travel itinerary found but MCC 4816 (Slack Technologies) is not a hospitality category — manual review required,MANUAL REVIEW REQUIRED
TXN_R5B_8811,EMP_015,Field Sales,APAC,2025-04-19 15:00:00,300.89,AWS Cloud Services,4816,Active travel itinerary found but MCC 4816 (AWS Cloud Services) is not a hospitality category — manual review required,MANUAL REVIEW REQUIRED
TXN_R5B_9853,EMP_015,Field Sales,APAC,2025-06-07 11:00:00,261.28,GitHub Enterprise,4816,Active travel itinerary found but MCC 4816 (GitHub Enterprise) is not a hospitality category — manual review required,MANUAL REVIEW REQUIRED
TXN_R5A_4310,EMP_015,Field Sales,APAC,2025-08-02 14:00:00,123.02,Bistro Hub,5812,"No approved travel itinerary on 2025-08-02 — weekend hospitality spend of $123.02 under $250 limit, manual review required",MANUAL REVIEW REQUIRED
TXN_R5B_4530,EMP_015,Field Sales,APAC,2025-10-11 16:00:00,258.07,Lyft Ride,4111,Active travel itinerary found but MCC 4111 (Lyft Ride) is not a hospitality category — manual review required,MANUAL REVIEW REQUIRED
TXN_007256,EMP_015,Field Sales,APAC,2025-11-22 18:09:00,87.33,London Underground,4111,Active travel itinerary found but MCC 4111 (London Underground) is not a hospitality category — manual review required,MANUAL REVIEW REQUIRED
TXN_005709,EMP_024,Field Sales,LATAM,2025-09-13 15:49:00,101.92,Amazon Business,5999,Active travel itinerary found but MCC 5999 (Amazon Business) is not a hospitality category — manual review required,MANUAL REVIEW REQUIRED
TXN_009177,EMP_024,Field Sales,LATAM,2025-12-27 17:46:00,42.46,Office Depot,5999,Active travel itinerary found but MCC 5999 (Office Depot) is not a hospitality category — manual review required,MANUAL REVIEW REQUIRED
TXN_R5B_7140,EMP_027,Field Sales,APAC,2025-09-27 13:00:00,270.65,Slack Technologies,4816,Active travel itinerary found but MCC 4816 (Slack Technologies) is not a hospitality category — manual review required,MANUAL REVIEW REQUIRED
TXN_008700,EMP_031,Field Sales,APAC,2025-05-24 15:59:00,65.37,Tokyo Dining Corp,5812,"No approved travel itinerary on 2025-05-24 — weekend hospitality spend of $65.37 under $250 limit, manual review required",MANUAL REVIEW REQUIRED
TXN_009599,EMP_031,Field Sales,APAC,2025-05-31 18:25:00,43.87,Global Logistics Tech,5999,Active travel itinerary found but MCC 5999 (Global Logistics Tech) is not a hospitality category — manual review required,MANUAL REVIEW REQUIRED
TXN_008539,EMP_031,Field Sales,APAC,2025-06-15 01:05:00,75.91,NYC Transit,4111,Active travel itinerary found but MCC 4111 (NYC Transit) is not a hospitality category — manual review required,MANUAL REVIEW REQUIRED
TXN_008640,EMP_040,Field Sales,APAC,2025-10-25 05:29:00,249.62,Slack Technologies,4816,Active travel itinerary found but MCC 4816 (Slack Technologies) is not a hospitality category — manual review required,MANUAL REVIEW REQUIRED
TXN_001943,EMP_045,Field Sales,EMEA,2025-01-18 15:40:00,109.88,Bistro Hub,5812,"No approved travel itinerary on 2025-01-18 — weekend hospitality spend of $109.88 under $250 limit, manual review required",MANUAL REVIEW REQUIRED
TXN_000634,EMP_046,Field Sales,EMEA,2025-02-16 15:53:00,84.5,Lyft Ride,4111,Active travel itinerary found but MCC 4111 (Lyft Ride) is not a hospitality category — manual review required,MANUAL REVIEW REQUIRED
TXN_001561,EMP_050,Field Sales,,2025-04-06 07:39:00,59.48,Uber Inc,4111,Active travel itinerary found but MCC 4111 (Uber Inc) is not a hospitality category — manual review required,MANUAL REVIEW REQUIRED
TXN_R5B_8520,EMP_058,Field Sales,,2025-02-22 10:00:00,72.47,Staples Corp,5999,Active travel itinerary found but MCC 5999 (Staples Corp) is not a hospitality category — manual review required,MANUAL REVIEW REQUIRED
TXN_009175,EMP_059,Field Sales,EMEA,2025-06-14 10:55:00,48.35,Office Depot,5999,Active travel itinerary found but MCC 5999 (Office Depot) is not a hospitality category — manual review required,MANUAL REVIEW REQUIRED
TXN_010634,EMP_059,Field Sales,EMEA,2025-08-03 19:00:00,61.56,London Underground,4111,Active travel itinerary found but MCC 4111 (London Underground) is not a hospitality category — manual review required,MANUAL REVIEW REQUIRED
TXN_R5B_7327,EMP_059,Field Sales,EMEA,2025-12-20 14:00:00,175.57,London Underground,4111,Active travel itinerary found but MCC 4111 (London Underground) is not a hospitality category — manual review required,MANUAL REVIEW REQUIRED
TXN_R5A_2321,EMP_064,Field Sales,LATAM,2025-09-13 21:00:00,160.2,Marriott International,7011,"No approved travel itinerary on 2025-09-13 — weekend hospitality spend of $160.20 under $250 limit, manual review required",MANUAL REVIEW REQUIRED
TXN_001256,EMP_068,Field Sales,LATAM,2025-08-02 15:25:00,183.52,Slack Technologies,4816,Active travel itinerary found but MCC 4816 (Slack Technologies) is not a hospitality category — manual review required,MANUAL REVIEW REQUIRED
TXN_010175,EMP_068,Field Sales,LATAM,2025-09-27 17:05:00,90.05,Slack Technologies,4816,Active travel itinerary found but MCC 4816 (Slack Technologies) is not a hospitality category — manual review required,MANUAL REVIEW REQUIRED
TXN_001944,EMP_072,Field Sales,LATAM,2025-01-04 19:30:00,109.08,NYC Transit,4111,Active travel itinerary found but MCC 4111 (NYC Transit) is not a hospitality category — manual review required,MANUAL REVIEW REQUIRED
TXN_006392,EMP_074,Field Sales,EMEA,2025-01-12 16:57:00,67.91,London Underground,4111,Active travel itinerary found but MCC 4111 (London Underground) is not a hospitality category — manual review required,MANUAL REVIEW REQUIRED
TXN_R5A_9087,EMP_092,Field Sales,,2025-06-21 11:00:00,70.16,Bistro Hub,5812,"No approved travel itinerary on 2025-06-21 — weekend hospitality spend of $70.16 under $250 limit, manual review required",MANUAL REVIEW REQUIRED
TXN_R5B_1360,EMP_092,Field Sales,,2025-09-06 21:00:00,363.43,Staples Corp,5999,Active travel itinerary found but MCC 5999 (Staples Corp) is not a hospitality category — manual review required,MANUAL REVIEW REQUIRED
TXN_R5B_2812,EMP_092,Field Sales,,2025-12-20 22:00:00,333.99,Lyft Ride,4111,Active travel itinerary found but MCC 4111 (Lyft Ride) is not a hospitality category — manual review required,MANUAL REVIEW REQUIRED
TXN_003984,EMP_094,Field Sales,APAC,2025-05-10 05:16:00,41.65,Uber Inc,4111,Active travel itinerary found but MCC 4111 (Uber Inc) is not a hospitality category — manual review required,MANUAL REVIEW REQUIRED
TXN_000945,EMP_099,Field Sales,APAC,2025-01-25 18:55:00,25.03,Local Steakhouse,5812,"No approved travel itinerary on 2025-01-25 — weekend hospitality spend of $25.03 under $250 limit, manual review required",MANUAL REVIEW REQUIRED
TXN_008508,EMP_099,Field Sales,APAC,2025-07-05 16:03:00,246.55,Figma Design,4816,Active travel itinerary found but MCC 4816 (Figma Design) is not a hospitality category — manual review required,MANUAL REVIEW REQUIRED
TXN_009581,EMP_099,Field Sales,APAC,2025-10-19 10:50:00,48.4,Lyft Ride,4111,Active travel itinerary found but MCC 4111 (Lyft Ride) is not a hospitality category — manual review required,MANUAL REVIEW REQUIRED
TXN_004968,EMP_100,Field Sales,APAC,2025-08-03 23:03:00,110.12,NYC Transit,4111,Active travel itinerary found but MCC 4111 (NYC Transit) is not a hospitality category — manual review required,MANUAL REVIEW REQUIRED
TXN_006616,EMP_102,Field Sales,APAC,2025-02-15 16:42:00,111.99,London Underground,4111,Active travel itinerary found but MCC 4111 (London Underground) is not a hospitality category — manual review required,MANUAL REVIEW REQUIRED
TXN_R5A_7218,EMP_102,Field Sales,APAC,2025-04-26 21:00:00,73.31,Euro Lodging,7011,"No approved travel itinerary on 2025-04-26 — weekend hospitality spend of $73.31 under $250 limit, manual review required",MANUAL REVIEW REQUIRED
TXN_R5A_1034,EMP_102,Field Sales,APAC,2025-11-01 15:00:00,211.08,Business Stay Inn,7011,"No approved travel itinerary on 2025-11-01 — weekend hospitality spend of $211.08 under $250 limit, manual review required",MANUAL REVIEW REQUIRED
TXN_008954,EMP_109,Field Sales,,2025-04-19 02:33:00,89.07,Staples Corp,5999,Active travel itinerary found but MCC 5999 (Staples Corp) is not a hospitality category — manual review required,MANUAL REVIEW REQUIRED
TXN_001852,EMP_109,Field Sales,,2025-04-20 16:16:00,330.06,Slack Technologies,4816,Active travel itinerary found but MCC 4816 (Slack Technologies) is not a hospitality category — manual review required,MANUAL REVIEW REQUIRED
TXN_R5B_9462,EMP_109,Field Sales,,2025-07-05 16:00:00,370.28,Slack Technologies,4816,Active travel itinerary found but MCC 4816 (Slack Technologies) is not a hospitality category — manual review required,MANUAL REVIEW REQUIRED
TXN_006338,EMP_109,Field Sales,,2025-12-14 07:07:00,92.18,Figma Design,4816,Active travel itinerary found but MCC 4816 (Figma Design) is not a hospitality category — manual review required,MANUAL REVIEW REQUIRED
TXN_006267,EMP_119,Field Sales,EMEA,2025-06-08 02:05:00,147.4,Lyft Ride,4111,Active travel itinerary found but MCC 4111 (Lyft Ride) is not a hospitality category — manual review required,MANUAL REVIEW REQUIRED
TXN_002974,EMP_124,Field Sales,APAC,2025-03-02 20:27:00,112.82,Uber Inc,4111,Active travel itinerary found but MCC 4111 (Uber Inc) is not a hospitality category — manual review required,MANUAL REVIEW REQUIRED
TXN_000156,EMP_128,Field Sales,LATAM,2025-01-05 23:21:00,43.89,NYC Transit,4111,Active travel itinerary found but MCC 4111 (NYC Transit) is not a hospitality category — manual review required,MANUAL REVIEW REQUIRED
TXN_R5B_2703,EMP_128,Field Sales,LATAM,2025-04-26 11:00:00,147.55,Office Depot,5999,Active travel itinerary found but MCC 5999 (Office Depot) is not a hospitality category — manual review required,MANUAL REVIEW REQUIRED
TXN_003234,EMP_128,Field Sales,LATAM,2025-05-25 03:27:00,18.08,Office Depot,5999,Active travel itinerary found but MCC 5999 (Office Depot) is not a hospitality category — manual review required,MANUAL REVIEW REQUIRED
TXN_R5B_3197,EMP_131,Field Sales,EMEA,2025-05-24 13:00:00,301.58,London Underground,4111,Active travel itinerary found but MCC 4111 (London Underground) is not a hospitality category — manual review required,MANUAL REVIEW REQUIRED
TXN_009410,EMP_136,Field Sales,APAC,2025-06-15 23:36:00,81.18,Uber Inc,4111,Active travel itinerary found but MCC 4111 (Uber Inc) is not a hospitality category — manual review required,MANUAL REVIEW REQUIRED
TXN_009597,EMP_137,Field Sales,LATAM,2025-11-22 10:07:00,79.69,Lyft Ride,4111,Active travel itinerary found but MCC 4111 (Lyft Ride) is not a hospitality category — manual review required,MANUAL REVIEW REQUIRED
TXN_007898,EMP_142,Field Sales,APAC,2025-09-20 02:20:00,78.66,Uber Inc,4111,Active travel itinerary found but MCC 4111 (Uber Inc) is not a hospitality category — manual review required,MANUAL REVIEW REQUIRED
TXN_005177,EMP_144,Field Sales,APAC,2025-02-16 21:42:00,150.72,Tokyo Dining Corp,5812,"No approved travel itinerary on 2025-02-16 — weekend hospitality spend of $150.72 under $250 limit, manual review required",MANUAL REVIEW REQUIRED
TXN_005241,EMP_144,Field Sales,APAC,2025-04-19 08:24:00,147.06,Uber Inc,4111,Active travel itinerary found but MCC 4111 (Uber Inc) is not a hospitality category — manual review required,MANUAL REVIEW REQUIRED
TXN_003729,EMP_147,Field Sales,LATAM,2025-02-16 21:40:00,81.86,Figma Design,4816,Active travel itinerary found but MCC 4816 (Figma Design) is not a hospitality category — manual review required,MANUAL REVIEW REQUIRED
TXN_003768,EMP_149,Field Sales,,2025-08-03 09:29:00,70.74,NYC Transit,4111,Active travel itinerary found but MCC 4111 (NYC Transit) is not a hospitality category — manual review required,MANUAL REVIEW REQUIRED
TXN_008647,EMP_155,Field Sales,EMEA,2025-03-02 20:49:00,47.7,Tokyo Dining Corp,5812,"No approved travel itinerary on 2025-03-02 — weekend hospitality spend of $47.70 under $250 limit, manual review required",MANUAL REVIEW REQUIRED
TXN_007584,EMP_158,Field Sales,LATAM,2025-11-22 07:59:00,26.82,Global Logistics Tech,5999,Active travel itinerary found but MCC 5999 (Global Logistics Tech) is not a hospitality category — manual review required,MANUAL REVIEW REQUIRED
TXN_010554,EMP_158,Field Sales,LATAM,2025-11-22 11:37:00,91.67,Uber Inc,4111,Active travel itinerary found but MCC 4111 (Uber Inc) is not a hospitality category — manual review required,MANUAL REVIEW REQUIRED
TXN_007748,EMP_164,Field Sales,LATAM,2025-04-19 06:40:00,301.82,Figma Design,4816,Active travel itinerary found but MCC 4816 (Figma Design) is not a hospitality category — manual review required,MANUAL REVIEW REQUIRED
TXN_R5B_4115,EMP_165,Field Sales,EMEA,2025-04-12 11:00:00,144.5,Office Depot,5999,Active travel itinerary found but MCC 5999 (Office Depot) is not a hospitality category — manual review required,MANUAL REVIEW REQUIRED
TXN_R5A_8546,EMP_165,Field Sales,EMEA,2025-05-10 18:00:00,51.69,London Tavern,5812,"No approved travel itinerary on 2025-05-10 — weekend hospitality spend of $51.69 under $250 limit, manual review required",MANUAL REVIEW REQUIRED
TXN_001127,EMP_173,Field Sales,,2025-05-04 15:06:00,15.92,Tokyo Dining Corp,5812,"No approved travel itinerary on 2025-05-04 — weekend hospitality spend of $15.92 under $250 limit, manual review required",MANUAL REVIEW REQUIRED
TXN_R5B_8104,EMP_175,Field Sales,,2025-06-07 11:00:00,311.25,Office Depot,5999,Active travel itinerary found but MCC 5999 (Office Depot) is not a hospitality category — manual review required,MANUAL REVIEW REQUIRED
TXN_007437,EMP_175,Field Sales,,2025-09-27 18:53:00,39.5,Uber Inc,4111,Active travel itinerary found but MCC 4111 (Uber Inc) is not a hospitality category — manual review required,MANUAL REVIEW REQUIRED
TXN_002137,EMP_175,Field Sales,,2025-12-06 12:20:00,21.12,Staples Corp,5999,Active travel itinerary found but MCC 5999 (Staples Corp) is not a hospitality category — manual review required,MANUAL REVIEW REQUIRED
TXN_R5A_8688,EMP_176,Field Sales,EMEA,2025-02-22 18:00:00,219.48,Local Steakhouse,5812,"No approved travel itinerary on 2025-02-22 — weekend hospitality spend of $219.48 under $250 limit, manual review required",MANUAL REVIEW REQUIRED
TXN_000784,EMP_176,Field Sales,EMEA,2025-03-23 00:43:00,58.4,NYC Transit,4111,Active travel itinerary found but MCC 4111 (NYC Transit) is not a hospitality category — manual review required,MANUAL REVIEW REQUIRED
TXN_011952,EMP_176,Field Sales,EMEA,2025-08-24 17:28:00,28.42,Office Depot,5999,Active travel itinerary found but MCC 5999 (Office Depot) is not a hospitality category — manual review required,MANUAL REVIEW REQUIRED
TXN_002214,EMP_176,Field Sales,EMEA,2025-09-06 00:20:00,144.79,London Underground,4111,Active travel itinerary found but MCC 4111 (London Underground) is not a hospitality category — manual review required,MANUAL REVIEW REQUIRED
TXN_005618,EMP_176,Field Sales,EMEA,2025-09-28 20:22:00,44.05,Uber Inc,4111,Active travel itinerary found but MCC 4111 (Uber Inc) is not a hospitality category — manual review required,MANUAL REVIEW REQUIRED
TXN_R5A_8559,EMP_186,Field Sales,LATAM,2025-05-24 20:00:00,241.23,Hilton Hotels,7011,"No approved travel itinerary on 2025-05-24 — weekend hospitality spend of $241.23 under $250 limit, manual review required",MANUAL REVIEW REQUIRED
TXN_009825,EMP_187,Field Sales,APAC,2025-02-09 11:32:00,207.72,GitHub Enterprise,4816,Active travel itinerary found but MCC 4816 (GitHub Enterprise) is not a hospitality category — manual review required,MANUAL REVIEW REQUIRED
TXN_001522,EMP_193,Field Sales,APAC,2025-07-13 13:49:00,375.09,Slack Technologies,4816,Active travel itinerary found but MCC 4816 (Slack Technologies) is not a hospitality category — manual review required,MANUAL REVIEW REQUIRED
TXN_004509,EMP_194,Field Sales,APAC,2025-01-26 03:51:00,91.88,London Underground,4111,Active travel itinerary found but MCC 4111 (London Underground) is not a hospitality category — manual review required,MANUAL REVIEW REQUIRED
TXN_006432,EMP_194,Field Sales,APAC,2025-02-02 05:30:00,141.78,Office Depot,5999,Active travel itinerary found but MCC 5999 (Office Depot) is not a hospitality category — manual review required,MANUAL REVIEW REQUIRED
TXN_010998,EMP_194,Field Sales,APAC,2025-12-06 22:04:00,285.49,Figma Design,4816,Active travel itinerary found but MCC 4816 (Figma Design) is not a hospitality category — manual review required,MANUAL REVIEW REQUIRED
TXN_006227,EMP_196,Field Sales,LATAM,2025-03-01 12:15:00,18.41,Bistro Hub,5812,"No approved travel itinerary on 2025-03-01 — weekend hospitality spend of $18.41 under $250 limit, manual review required",MANUAL REVIEW REQUIRED
TXN_008843,EMP_196,Field Sales,LATAM,2025-05-04 11:30:00,43.87,Uber Inc,4111,Active travel itinerary found but MCC 4111 (Uber Inc) is not a hospitality category — manual review required,MANUAL REVIEW REQUIRED
TXN_002476,EMP_196,Field Sales,LATAM,2025-05-31 00:37:00,142.6,Tokyo Dining Corp,5812,"No approved travel itinerary on 2025-05-31 — weekend hospitality spend of $142.60 under $250 limit, manual review required",MANUAL REVIEW REQUIRED
TXN_000222,EMP_197,Field Sales,,2025-04-12 21:48:00,64.6,Tokyo Dining Corp,5812,"No approved travel itinerary on 2025-04-12 — weekend hospitality spend of $64.60 under $250 limit, manual review required",MANUAL REVIEW REQUIRED
TXN_002882,EMP_199,Field Sales,,2025-05-18 20:15:00,129.7,Amazon Business,5999,Active travel itinerary found but MCC 5999 (Amazon Business) is not a hospitality category — manual review required,MANUAL REVIEW REQUIRED
TXN_R5A_8712,EMP_205,Field Sales,,2025-05-17 14:00:00,168.23,Hilton Hotels,7011,"No approved travel itinerary on 2025-05-17 — weekend hospitality spend of $168.23 under $250 limit, manual review required",MANUAL REVIEW REQUIRED
TXN_004546,EMP_221,Field Sales,LATAM,2025-07-19 22:56:00,118.59,Local Steakhouse,5812,"No approved travel itinerary on 2025-07-19 — weekend hospitality spend of $118.59 under $250 limit, manual review required",MANUAL REVIEW REQUIRED
TXN_003236,EMP_221,Field Sales,LATAM,2025-10-04 21:56:00,42.79,Lyft Ride,4111,Active travel itinerary found but MCC 4111 (Lyft Ride) is not a hospitality category — manual review required,MANUAL REVIEW REQUIRED
TXN_004949,EMP_226,Field Sales,APAC,2025-04-20 04:35:00,122.71,Amazon Business,5999,Active travel itinerary found but MCC 5999 (Amazon Business) is not a hospitality category — manual review required,MANUAL REVIEW REQUIRED
TXN_007091,EMP_226,Field Sales,APAC,2025-10-19 18:14:00,54.56,Slack Technologies,4816,Active travel itinerary found but MCC 4816 (Slack Technologies) is not a hospitality category — manual review required,MANUAL REVIEW REQUIRED
TXN_007035,EMP_229,Field Sales,LATAM,2025-05-10 14:27:00,72.4,Global Logistics Tech,5999,Active travel itinerary found but MCC 5999 (Global Logistics Tech) is not a hospitality category — manual review required,MANUAL REVIEW REQUIRED
TXN_004042,EMP_229,Field Sales,LATAM,2025-08-23 05:16:00,129.99,Figma Design,4816,Active travel itinerary found but MCC 4816 (Figma Design) is not a hospitality category — manual review required,MANUAL REVIEW REQUIRED
TXN_011137,EMP_231,Field Sales,APAC,2025-10-19 06:10:00,34.11,London Tavern,5812,"No approved travel itinerary on 2025-10-19 — weekend hospitality spend of $34.11 under $250 limit, manual review required",MANUAL REVIEW REQUIRED
TXN_004337,EMP_233,Field Sales,APAC,2025-04-27 00:33:00,247.8,GitHub Enterprise,4816,Active travel itinerary found but MCC 4816 (GitHub Enterprise) is not a hospitality category — manual review required,MANUAL REVIEW REQUIRED
TXN_R5B_2015,EMP_233,Field Sales,APAC,2025-08-16 14:00:00,158.42,Office Depot,5999,Active travel itinerary found but MCC 5999 (Office Depot) is not a hospitality category — manual review required,MANUAL REVIEW REQUIRED
TXN_000834,EMP_233,Field Sales,APAC,2025-10-26 15:54:00,87.03,AWS Cloud Services,4816,Active travel itinerary found but MCC 4816 (AWS Cloud Services) is not a hospitality category — manual review required,MANUAL REVIEW REQUIRED
TXN_005463,EMP_239,Field Sales,LATAM,2025-03-16 02:25:00,19.53,NYC Transit,4111,Active travel itinerary found but MCC 4111 (NYC Transit) is not a hospitality category — manual review required,MANUAL REVIEW REQUIRED
TXN_002740,EMP_244,Field Sales,,2025-11-15 08:08:00,48.73,Figma Design,4816,Active travel itinerary found but MCC 4816 (Figma Design) is not a hospitality category — manual review required,MANUAL REVIEW REQUIRED
TXN_006898,EMP_244,Field Sales,,2025-11-15 21:48:00,10.51,Uber Inc,4111,Active travel itinerary found but MCC 4111 (Uber Inc) is not a hospitality category — manual review required,MANUAL REVIEW REQUIRED
TXN_R5A_6979,EMP_248,Field Sales,,2025-12-20 10:00:00,155.02,Tokyo Dining Corp,5812,"No approved travel itinerary on 2025-12-20 — weekend hospitality spend of $155.02 under $250 limit, manual review required",MANUAL REVIEW REQUIRED
TXN_005739,EMP_249,Field Sales,LATAM,2025-01-25 11:59:00,15.46,Global Logistics Tech,5999,Active travel itinerary found but MCC 5999 (Global Logistics Tech) is not a hospitality category — manual review required,MANUAL REVIEW REQUIRED
TXN_R5A_8779,EMP_259,Field Sales,EMEA,2025-06-21 15:00:00,76.81,Tokyo Dining Corp,5812,"No approved travel itinerary on 2025-06-21 — weekend hospitality spend of $76.81 under $250 limit, manual review required",MANUAL REVIEW REQUIRED
TXN_001959,EMP_260,Field Sales,,2025-06-14 00:26:00,99.06,NYC Transit,4111,Active travel itinerary found but MCC 4111 (NYC Transit) is not a hospitality category — manual review required,MANUAL REVIEW REQUIRED
TXN_R5A_2445,EMP_260,Field Sales,,2025-07-12 18:00:00,41.73,Hilton Hotels,7011,"No approved travel itinerary on 2025-07-12 — weekend hospitality spend of $41.73 under $250 limit, manual review required",MANUAL REVIEW REQUIRED
TXN_008608,EMP_260,Field Sales,,2025-09-21 20:02:00,114.95,GitHub Enterprise,4816,Active travel itinerary found but MCC 4816 (GitHub Enterprise) is not a hospitality category — manual review required,MANUAL REVIEW REQUIRED
TXN_R5B_5540,EMP_261,Field Sales,EMEA,2025-10-18 20:00:00,238.27,Amazon Business,5999,Active travel itinerary found but MCC 5999 (Amazon Business) is not a hospitality category — manual review required,MANUAL REVIEW REQUIRED
TXN_001581,EMP_266,Field Sales,APAC,2025-08-02 15:28:00,42.47,Global Logistics Tech,5999,Active travel itinerary found but MCC 5999 (Global Logistics Tech) is not a hospitality category — manual review required,MANUAL REVIEW REQUIRED
TXN_004678,EMP_270,Field Sales,APAC,2025-12-06 17:40:00,144.6,Amazon Business,5999,Active travel itinerary found but MCC 5999 (Amazon Business) is not a hospitality category — manual review required,MANUAL REVIEW REQUIRED
TXN_009374,EMP_285,Field Sales,APAC,2025-10-05 10:16:00,132.31,Office Depot,5999,Active travel itinerary found but MCC 5999 (Office Depot) is not a hospitality category — manual review required,MANUAL REVIEW REQUIRED
TXN_004814,EMP_285,Field Sales,APAC,2025-10-26 13:06:00,214.48,Figma Design,4816,Active travel itinerary found but MCC 4816 (Figma Design) is not a hospitality category — manual review required,MANUAL REVIEW REQUIRED
TXN_008340,EMP_286,Field Sales,LATAM,2025-06-01 07:42:00,318.33,Figma Design,4816,Active travel itinerary found but MCC 4816 (Figma Design) is not a hospitality category — manual review required,MANUAL REVIEW REQUIRED
TXN_007705,EMP_286,Field Sales,LATAM,2025-08-24 19:02:00,181.95,Euro Lodging,7011,"No approved travel itinerary on 2025-08-24 — weekend hospitality spend of $181.95 under $250 limit, manual review required",MANUAL REVIEW REQUIRED
TXN_010101,EMP_292,Field Sales,APAC,2025-05-11 11:02:00,389.4,GitHub Enterprise,4816,Active travel itinerary found but MCC 4816 (GitHub Enterprise) is not a hospitality category — manual review required,MANUAL REVIEW REQUIRED
TXN_R5A_5564,EMP_300,Field Sales,LATAM,2025-05-10 17:00:00,46.92,Business Stay Inn,7011,"No approved travel itinerary on 2025-05-10 — weekend hospitality spend of $46.92 under $250 limit, manual review required",MANUAL REVIEW REQUIRED
TXN_003945,EMP_300,Field Sales,LATAM,2025-12-21 20:56:00,24.03,Office Depot,5999,Active travel itinerary found but MCC 5999 (Office Depot) is not a hospitality category — manual review required,MANUAL REVIEW REQUIRED
TXN_R5B_8289,EMP_302,Field Sales,EMEA,2025-09-20 14:00:00,358.51,London Underground,4111,Active travel itinerary found but MCC 4111 (London Underground) is not a hospitality category — manual review required,MANUAL REVIEW REQUIRED
TXN_006847,EMP_304,Field Sales,LATAM,2025-05-10 12:42:00,178.19,Slack Technologies,4816,Active travel itinerary found but MCC 4816 (Slack Technologies) is not a hospitality category — manual review required,MANUAL REVIEW REQUIRED
TXN_006978,EMP_304,Field Sales,LATAM,2025-06-15 22:18:00,125.91,Amazon Business,5999,Active travel itinerary found but MCC 5999 (Amazon Business) is not a hospitality category — manual review required,MANUAL REVIEW REQUIRED
TXN_004858,EMP_310,Field Sales,EMEA,2025-12-21 18:40:00,190.81,Local Steakhouse,5812,"No approved travel itinerary on 2025-12-21 — weekend hospitality spend of $190.81 under $250 limit, manual review required",MANUAL REVIEW REQUIRED
TXN_009911,EMP_316,Field Sales,APAC,2025-02-09 21:56:00,55.94,London Underground,4111,Active travel itinerary found but MCC 4111 (London Underground) is not a hospitality category — manual review required,MANUAL REVIEW REQUIRED
TXN_008355,EMP_316,Field Sales,APAC,2025-03-02 18:39:00,24.29,Tokyo Dining Corp,5812,"No approved travel itinerary on 2025-03-02 — weekend hospitality spend of $24.29 under $250 limit, manual review required",MANUAL REVIEW REQUIRED
TXN_006016,EMP_316,Field Sales,APAC,2025-10-12 16:57:00,115.49,Staples Corp,5999,Active travel itinerary found but MCC 5999 (Staples Corp) is not a hospitality category — manual review required,MANUAL REVIEW REQUIRED
TXN_009256,EMP_329,Field Sales,,2025-07-12 23:32:00,55.81,Lyft Ride,4111,Active travel itinerary found but MCC 4111 (Lyft Ride) is not a hospitality category — manual review required,MANUAL REVIEW REQUIRED
TXN_001768,EMP_333,Field Sales,LATAM,2025-11-29 01:08:00,200.89,Slack Technologies,4816,Active travel itinerary found but MCC 4816 (Slack Technologies) is not a hospitality category — manual review required,MANUAL REVIEW REQUIRED
TXN_R5A_6104,EMP_336,Field Sales,APAC,2025-07-05 15:00:00,203.44,Local Steakhouse,5812,"No approved travel itinerary on 2025-07-05 — weekend hospitality spend of $203.44 under $250 limit, manual review required",MANUAL REVIEW REQUIRED
TXN_R5A_7332,EMP_345,Field Sales,,2025-01-04 17:00:00,121.44,Business Stay Inn,7011,"No approved travel itinerary on 2025-01-04 — weekend hospitality spend of $121.44 under $250 limit, manual review required",MANUAL REVIEW REQUIRED
TXN_009424,EMP_345,Field Sales,,2025-01-11 20:59:00,66.23,Office Depot,5999,Active travel itinerary found but MCC 5999 (Office Depot) is not a hospitality category — manual review required,MANUAL REVIEW REQUIRED
TXN_R5B_3449,EMP_352,Field Sales,APAC,2025-01-18 20:00:00,370.13,NYC Transit,4111,Active travel itinerary found but MCC 4111 (NYC Transit) is not a hospitality category — manual review required,MANUAL REVIEW REQUIRED
TXN_R5B_4552,EMP_352,Field Sales,APAC,2025-12-27 17:00:00,214.77,Slack Technologies,4816,Active travel itinerary found but MCC 4816 (Slack Technologies) is not a hospitality category — manual review required,MANUAL REVIEW REQUIRED
TXN_R5A_4346,EMP_354,Field Sales,EMEA,2025-08-23 16:00:00,32.72,London Tavern,5812,"No approved travel itinerary on 2025-08-23 — weekend hospitality spend of $32.72 under $250 limit, manual review required",MANUAL REVIEW REQUIRED
TXN_001448,EMP_358,Field Sales,APAC,2025-06-08 04:48:00,338.48,Slack Technologies,4816,Active travel itinerary found but MCC 4816 (Slack Technologies) is not a hospitality category — manual review required,MANUAL REVIEW REQUIRED
TXN_006359,EMP_360,Field Sales,EMEA,2025-03-15 20:19:00,142.3,Global Logistics Tech,5999,Active travel itinerary found but MCC 5999 (Global Logistics Tech) is not a hospitality category — manual review required,MANUAL REVIEW REQUIRED
TXN_004940,EMP_360,Field Sales,EMEA,2025-03-16 21:05:00,328.49,AWS Cloud Services,4816,Active travel itinerary found but MCC 4816 (AWS Cloud Services) is not a hospitality category — manual review required,MANUAL REVIEW REQUIRED
TXN_R5A_5335,EMP_360,Field Sales,EMEA,2025-04-26 15:00:00,112.93,Local Steakhouse,5812,"No approved travel itinerary on 2025-04-26 — weekend hospitality spend of $112.93 under $250 limit, manual review required",MANUAL REVIEW REQUIRED
TXN_008211,EMP_366,Field Sales,,2025-06-29 09:19:00,34.36,Staples Corp,5999,Active travel itinerary found but MCC 5999 (Staples Corp) is not a hospitality category — manual review required,MANUAL REVIEW REQUIRED
TXN_R5A_5223,EMP_368,Field Sales,,2025-09-06 14:00:00,141.01,Euro Lodging,7011,"No approved travel itinerary on 2025-09-06 — weekend hospitality spend of $141.01 under $250 limit, manual review required",MANUAL REVIEW REQUIRED
TXN_006248,EMP_370,Field Sales,LATAM,2025-08-10 16:58:00,121.64,Global Logistics Tech,5999,Active travel itinerary found but MCC 5999 (Global Logistics Tech) is not a hospitality category — manual review required,MANUAL REVIEW REQUIRED
TXN_004160,EMP_370,Field Sales,LATAM,2025-12-13 00:25:00,89.2,Staples Corp,5999,Active travel itinerary found but MCC 5999 (Staples Corp) is not a hospitality category — manual review required,MANUAL REVIEW REQUIRED
TXN_003544,EMP_371,Field Sales,,2025-01-04 02:43:00,57.97,Uber Inc,4111,Active travel itinerary found but MCC 4111 (Uber Inc) is not a hospitality category — manual review required,MANUAL REVIEW REQUIRED
TXN_009968,EMP_371,Field Sales,,2025-01-04 06:12:00,25.35,Uber Inc,4111,Active travel itinerary found but MCC 4111 (Uber Inc) is not a hospitality category — manual review required,MANUAL REVIEW REQUIRED
TXN_011747,EMP_371,Field Sales,,2025-02-02 20:50:00,10.36,Tokyo Dining Corp,5812,"No approved travel itinerary on 2025-02-02 — weekend hospitality spend of $10.36 under $250 limit, manual review required",MANUAL REVIEW REQUIRED
TXN_002846,EMP_371,Field Sales,,2025-02-23 11:29:00,60.0,London Underground,4111,Active travel itinerary found but MCC 4111 (London Underground) is not a hospitality category — manual review required,MANUAL REVIEW REQUIRED
TXN_000458,EMP_378,Field Sales,APAC,2025-01-26 17:14:00,75.61,Office Depot,5999,Active travel itinerary found but MCC 5999 (Office Depot) is not a hospitality category — manual review required,MANUAL REVIEW REQUIRED
TXN_001362,EMP_378,Field Sales,APAC,2025-06-14 07:08:00,100.05,AWS Cloud Services,4816,Active travel itinerary found but MCC 4816 (AWS Cloud Services) is not a hospitality category — manual review required,MANUAL REVIEW REQUIRED
TXN_006563,EMP_379,Field Sales,LATAM,2025-03-02 05:24:00,89.85,Slack Technologies,4816,Active travel itinerary found but MCC 4816 (Slack Technologies) is not a hospitality category — manual review required,MANUAL REVIEW REQUIRED
TXN_006904,EMP_379,Field Sales,LATAM,2025-10-26 11:19:00,100.07,Staples Corp,5999,Active travel itinerary found but MCC 5999 (Staples Corp) is not a hospitality category — manual review required,MANUAL REVIEW REQUIRED
TXN_009064,EMP_382,Field Sales,,2025-04-26 19:44:00,169.24,GitHub Enterprise,4816,Active travel itinerary found but MCC 4816 (GitHub Enterprise) is not a hospitality category — manual review required,MANUAL REVIEW REQUIRED
TXN_004271,EMP_384,Field Sales,,2025-05-24 04:18:00,266.53,GitHub Enterprise,4816,Active travel itinerary found but MCC 4816 (GitHub Enterprise) is not a hospitality category — manual review required,MANUAL REVIEW REQUIRED
TXN_R5A_6943,EMP_391,Field Sales,EMEA,2025-02-22 20:00:00,197.4,Local Steakhouse,5812,"No approved travel itinerary on 2025-02-22 — weekend hospitality spend of $197.40 under $250 limit, manual review required",MANUAL REVIEW REQUIRED
TXN_001492,EMP_391,Field Sales,EMEA,2025-10-05 17:47:00,161.84,AWS Cloud Services,4816,Active travel itinerary found but MCC 4816 (AWS Cloud Services) is not a hospitality category — manual review required,MANUAL REVIEW REQUIRED
TXN_006912,EMP_393,Field Sales,,2025-06-21 12:19:00,146.9,Office Depot,5999,Active travel itinerary found but MCC 5999 (Office Depot) is not a hospitality category — manual review required,MANUAL REVIEW REQUIRED
TXN_011970,EMP_393,Field Sales,,2025-11-23 01:46:00,115.25,London Underground,4111,Active travel itinerary found but MCC 4111 (London Underground) is not a hospitality category — manual review required,MANUAL REVIEW REQUIRED
TXN_R5A_7257,EMP_394,Field Sales,APAC,2025-06-07 16:00:00,170.45,Marriott International,7011,"No approved travel itinerary on 2025-06-07 — weekend hospitality spend of $170.45 under $250 limit, manual review required",MANUAL REVIEW REQUIRED
TXN_R5B_7130,EMP_407,Field Sales,APAC,2025-07-12 13:00:00,239.57,AWS Cloud Services,4816,Active travel itinerary found but MCC 4816 (AWS Cloud Services) is not a hospitality category — manual review required,MANUAL REVIEW REQUIRED
TXN_007743,EMP_411,Field Sales,EMEA,2025-05-25 02:18:00,113.03,London Underground,4111,Active travel itinerary found but MCC 4111 (London Underground) is not a hospitality category — manual review required,MANUAL REVIEW REQUIRED
TXN_006977,EMP_411,Field Sales,EMEA,2025-06-01 09:11:00,304.5,Slack Technologies,4816,Active travel itinerary found but MCC 4816 (Slack Technologies) is not a hospitality category — manual review required,MANUAL REVIEW REQUIRED
TXN_R5B_8869,EMP_415,Field Sales,APAC,2025-12-06 13:00:00,134.11,Slack Technologies,4816,Active travel itinerary found but MCC 4816 (Slack Technologies) is not a hospitality category — manual review required,MANUAL REVIEW REQUIRED
TXN_006318,EMP_418,Field Sales,,2025-06-29 19:19:00,90.81,NYC Transit,4111,Active travel itinerary found but MCC 4111 (NYC Transit) is not a hospitality category — manual review required,MANUAL REVIEW REQUIRED
TXN_012092,EMP_418,Field Sales,,2025-11-02 06:07:00,44.23,NYC Transit,4111,Active travel itinerary found but MCC 4111 (NYC Transit) is not a hospitality category — manual review required,MANUAL REVIEW REQUIRED
TXN_007403,EMP_418,Field Sales,,2025-12-14 17:07:00,237.51,GitHub Enterprise,4816,Active travel itinerary found but MCC 4816 (GitHub Enterprise) is not a hospitality category — manual review required,MANUAL REVIEW REQUIRED
TXN_004970,EMP_435,Field Sales,APAC,2025-11-22 12:30:00,182.3,AWS Cloud Services,4816,Active travel itinerary found but MCC 4816 (AWS Cloud Services) is not a hospitality category — manual review required,MANUAL REVIEW REQUIRED
TXN_009586,EMP_435,Field Sales,APAC,2025-11-23 22:54:00,325.6,AWS Cloud Services,4816,Active travel itinerary found but MCC 4816 (AWS Cloud Services) is not a hospitality category — manual review required,MANUAL REVIEW REQUIRED
TXN_010800,EMP_440,Field Sales,,2025-10-12 03:05:00,16.63,London Tavern,5812,"No approved travel itinerary on 2025-10-12 — weekend hospitality spend of $16.63 under $250 limit, manual review required",MANUAL REVIEW REQUIRED
TXN_R5B_8660,EMP_440,Field Sales,,2025-12-13 16:00:00,185.95,Staples Corp,5999,Active travel itinerary found but MCC 5999 (Staples Corp) is not a hospitality category — manual review required,MANUAL REVIEW REQUIRED
TXN_R5A_9888,EMP_441,Field Sales,,2025-03-29 20:00:00,233.36,London Tavern,5812,"No approved travel itinerary on 2025-03-29 — weekend hospitality spend of $233.36 under $250 limit, manual review required",MANUAL REVIEW REQUIRED
TXN_001168,EMP_441,Field Sales,,2025-04-27 16:10:00,212.84,Figma Design,4816,Active travel itinerary found but MCC 4816 (Figma Design) is not a hospitality category — manual review required,MANUAL REVIEW REQUIRED
TXN_010094,EMP_444,Field Sales,LATAM,2025-01-18 18:45:00,128.58,Staples Corp,5999,Active travel itinerary found but MCC 5999 (Staples Corp) is not a hospitality category — manual review required,MANUAL REVIEW REQUIRED
TXN_008317,EMP_446,Field Sales,EMEA,2025-12-07 02:01:00,131.37,Amazon Business,5999,Active travel itinerary found but MCC 5999 (Amazon Business) is not a hospitality category — manual review required,MANUAL REVIEW REQUIRED
TXN_R5A_7691,EMP_448,Field Sales,LATAM,2025-02-01 11:00:00,33.56,Euro Lodging,7011,"No approved travel itinerary on 2025-02-01 — weekend hospitality spend of $33.56 under $250 limit, manual review required",MANUAL REVIEW REQUIRED
TXN_004839,EMP_448,Field Sales,LATAM,2025-10-18 01:09:00,15.57,Staples Corp,5999,Active travel itinerary found but MCC 5999 (Staples Corp) is not a hospitality category — manual review required,MANUAL REVIEW REQUIRED
TXN_008784,EMP_016,HR & Recruitment,APAC,2025-03-08 05:51:00,102.24,Amazon Business,5999,Active travel itinerary found but MCC 5999 (Amazon Business) is not a hospitality category — manual review required,MANUAL REVIEW REQUIRED
TXN_009402,EMP_016,HR & Recruitment,APAC,2025-07-26 05:47:00,51.16,Office Depot,5999,Active travel itinerary found but MCC 5999 (Office Depot) is not a hospitality category — manual review required,MANUAL REVIEW REQUIRED
TXN_007956,EMP_076,HR & Recruitment,,2025-11-23 16:32:00,84.17,Office Depot,5999,Active travel itinerary found but MCC 5999 (Office Depot) is not a hospitality category — manual review required,MANUAL REVIEW REQUIRED
TXN_008561,EMP_076,HR & Recruitment,,2025-11-30 18:48:00,84.8,Figma Design,4816,Active travel itinerary found but MCC 4816 (Figma Design) is not a hospitality category — manual review required,MANUAL REVIEW REQUIRED
TXN_006917,EMP_101,HR & Recruitment,EMEA,2025-11-30 23:15:00,63.11,Amazon Business,5999,Active travel itinerary found but MCC 5999 (Amazon Business) is not a hospitality category — manual review required,MANUAL REVIEW REQUIRED
TXN_R5B_2216,EMP_106,HR & Recruitment,EMEA,2025-01-25 10:00:00,170.71,NYC Transit,4111,Active travel itinerary found but MCC 4111 (NYC Transit) is not a hospitality category — manual review required,MANUAL REVIEW REQUIRED
TXN_009209,EMP_111,HR & Recruitment,,2025-08-30 20:26:00,120.87,Office Depot,5999,Active travel itinerary found but MCC 5999 (Office Depot) is not a hospitality category — manual review required,MANUAL REVIEW REQUIRED
TXN_R5A_4652,EMP_111,HR & Recruitment,,2025-12-06 19:00:00,185.04,London Tavern,5812,"No approved travel itinerary on 2025-12-06 — weekend hospitality spend of $185.04 under $250 limit, manual review required",MANUAL REVIEW REQUIRED
TXN_R5B_4741,EMP_118,HR & Recruitment,,2025-01-11 18:00:00,243.28,London Underground,4111,Active travel itinerary found but MCC 4111 (London Underground) is not a hospitality category — manual review required,MANUAL REVIEW REQUIRED
TXN_007598,EMP_121,HR & Recruitment,LATAM,2025-06-01 02:03:00,24.48,Figma Design,4816,Active travel itinerary found but MCC 4816 (Figma Design) is not a hospitality category — manual review required,MANUAL REVIEW REQUIRED
TXN_007346,EMP_163,HR & Recruitment,,2025-01-04 05:37:00,47.49,Lyft Ride,4111,Active travel itinerary found but MCC 4111 (Lyft Ride) is not a hospitality category — manual review required,MANUAL REVIEW REQUIRED
TXN_007114,EMP_163,HR & Recruitment,,2025-02-23 01:17:00,92.69,GitHub Enterprise,4816,Active travel itinerary found but MCC 4816 (GitHub Enterprise) is not a hospitality category — manual review required,MANUAL REVIEW REQUIRED
TXN_010158,EMP_163,HR & Recruitment,,2025-02-23 16:40:00,42.45,Global Logistics Tech,5999,Active travel itinerary found but MCC 5999 (Global Logistics Tech) is not a hospitality category — manual review required,MANUAL REVIEW REQUIRED
TXN_012094,EMP_163,HR & Recruitment,,2025-04-26 00:04:00,132.91,Local Steakhouse,5812,"No approved travel itinerary on 2025-04-26 — weekend hospitality spend of $132.91 under $250 limit, manual review required",MANUAL REVIEW REQUIRED
TXN_006126,EMP_167,HR & Recruitment,APAC,2025-08-09 06:20:00,318.95,AWS Cloud Services,4816,Active travel itinerary found but MCC 4816 (AWS Cloud Services) is not a hospitality category — manual review required,MANUAL REVIEW REQUIRED
TXN_R5A_9891,EMP_167,HR & Recruitment,APAC,2025-10-04 11:00:00,144.17,Tokyo Dining Corp,5812,"No approved travel itinerary on 2025-10-04 — weekend hospitality spend of $144.17 under $250 limit, manual review required",MANUAL REVIEW REQUIRED
TXN_R5B_7924,EMP_168,HR & Recruitment,LATAM,2025-12-20 22:00:00,216.56,AWS Cloud Services,4816,Active travel itinerary found but MCC 4816 (AWS Cloud Services) is not a hospitality category — manual review required,MANUAL REVIEW REQUIRED
TXN_010110,EMP_189,HR & Recruitment,EMEA,2025-03-09 01:42:00,21.93,Local Steakhouse,5812,"No approved travel itinerary on 2025-03-09 — weekend hospitality spend of $21.93 under $250 limit, manual review required",MANUAL REVIEW REQUIRED
TXN_006599,EMP_189,HR & Recruitment,EMEA,2025-08-31 05:19:00,138.91,Staples Corp,5999,Active travel itinerary found but MCC 5999 (Staples Corp) is not a hospitality category — manual review required,MANUAL REVIEW REQUIRED
TXN_R5B_9367,EMP_210,HR & Recruitment,EMEA,2025-10-04 11:00:00,308.37,AWS Cloud Services,4816,Active travel itinerary found but MCC 4816 (AWS Cloud Services) is not a hospitality category — manual review required,MANUAL REVIEW REQUIRED
TXN_R5B_1825,EMP_219,HR & Recruitment,APAC,2025-05-03 20:00:00,185.68,Global Logistics Tech,5999,Active travel itinerary found but MCC 5999 (Global Logistics Tech) is not a hospitality category — manual review required,MANUAL REVIEW REQUIRED
TXN_004784,EMP_219,HR & Recruitment,APAC,2025-10-12 07:12:00,50.79,Amazon Business,5999,Active travel itinerary found but MCC 5999 (Amazon Business) is not a hospitality category — manual review required,MANUAL REVIEW REQUIRED
TXN_006231,EMP_287,HR & Recruitment,,2025-12-27 20:50:00,239.85,AWS Cloud Services,4816,Active travel itinerary found but MCC 4816 (AWS Cloud Services) is not a hospitality category — manual review required,MANUAL REVIEW REQUIRED
TXN_R5A_6087,EMP_297,HR & Recruitment,,2025-02-15 11:00:00,215.14,Marriott International,7011,"No approved travel itinerary on 2025-02-15 — weekend hospitality spend of $215.14 under $250 limit, manual review required",MANUAL REVIEW REQUIRED
TXN_004031,EMP_297,HR & Recruitment,,2025-03-09 05:51:00,275.08,GitHub Enterprise,4816,Active travel itinerary found but MCC 4816 (GitHub Enterprise) is not a hospitality category — manual review required,MANUAL REVIEW REQUIRED
TXN_003828,EMP_297,HR & Recruitment,,2025-06-29 19:45:00,77.5,Amazon Business,5999,Active travel itinerary found but MCC 5999 (Amazon Business) is not a hospitality category — manual review required,MANUAL REVIEW REQUIRED
TXN_006212,EMP_297,HR & Recruitment,,2025-07-27 05:09:00,27.26,Lyft Ride,4111,Active travel itinerary found but MCC 4111 (Lyft Ride) is not a hospitality category — manual review required,MANUAL REVIEW REQUIRED
TXN_R5A_3640,EMP_317,HR & Recruitment,LATAM,2025-04-12 19:00:00,70.64,Euro Lodging,7011,"No approved travel itinerary on 2025-04-12 — weekend hospitality spend of $70.64 under $250 limit, manual review required",MANUAL REVIEW REQUIRED
TXN_006839,EMP_317,HR & Recruitment,LATAM,2025-05-25 02:36:00,32.32,Global Logistics Tech,5999,Active travel itinerary found but MCC 5999 (Global Logistics Tech) is not a hospitality category — manual review required,MANUAL REVIEW REQUIRED
TXN_001530,EMP_317,HR & Recruitment,LATAM,2025-12-13 00:42:00,85.48,Global Logistics Tech,5999,Active travel itinerary found but MCC 5999 (Global Logistics Tech) is not a hospitality category — manual review required,MANUAL REVIEW REQUIRED
TXN_R5B_7323,EMP_342,HR & Recruitment,,2025-11-15 10:00:00,314.81,Slack Technologies,4816,Active travel itinerary found but MCC 4816 (Slack Technologies) is not a hospitality category — manual review required,MANUAL REVIEW REQUIRED
TXN_009893,EMP_361,HR & Recruitment,LATAM,2025-04-20 13:38:00,123.66,Amazon Business,5999,Active travel itinerary found but MCC 5999 (Amazon Business) is not a hospitality category — manual review required,MANUAL REVIEW REQUIRED
TXN_000384,EMP_361,HR & Recruitment,LATAM,2025-09-14 02:05:00,132.85,Office Depot,5999,Active travel itinerary found but MCC 5999 (Office Depot) is not a hospitality category — manual review required,MANUAL REVIEW REQUIRED
TXN_010257,EMP_361,HR & Recruitment,LATAM,2025-10-04 21:48:00,243.4,GitHub Enterprise,4816,Active travel itinerary found but MCC 4816 (GitHub Enterprise) is not a hospitality category — manual review required,MANUAL REVIEW REQUIRED
TXN_009905,EMP_365,HR & Recruitment,APAC,2025-02-15 13:02:00,368.59,AWS Cloud Services,4816,Active travel itinerary found but MCC 4816 (AWS Cloud Services) is not a hospitality category — manual review required,MANUAL REVIEW REQUIRED
TXN_005055,EMP_404,HR & Recruitment,LATAM,2025-06-01 15:55:00,71.07,London Underground,4111,Active travel itinerary found but MCC 4111 (London Underground) is not a hospitality category — manual review required,MANUAL REVIEW REQUIRED
TXN_003345,EMP_404,HR & Recruitment,LATAM,2025-06-14 21:55:00,76.35,Lyft Ride,4111,Active travel itinerary found but MCC 4111 (Lyft Ride) is not a hospitality category — manual review required,MANUAL REVIEW REQUIRED
TXN_005620,EMP_404,HR & Recruitment,LATAM,2025-12-06 19:13:00,36.95,NYC Transit,4111,Active travel itinerary found but MCC 4111 (NYC Transit) is not a hospitality category — manual review required,MANUAL REVIEW REQUIRED
TXN_002956,EMP_001,Software Engineering,,2025-11-08 00:12:00,107.24,London Underground,4111,Active travel itinerary found but MCC 4111 (London Underground) is not a hospitality category — manual review required,MANUAL REVIEW REQUIRED
TXN_R5B_6061,EMP_003,Software Engineering,,2025-07-26 20:00:00,120.6,London Underground,4111,Active travel itinerary found but MCC 4111 (London Underground) is not a hospitality category — manual review required,MANUAL REVIEW REQUIRED
TXN_R5A_1686,EMP_003,Software Engineering,,2025-08-02 22:00:00,169.36,Local Steakhouse,5812,"No approved travel itinerary on 2025-08-02 — weekend hospitality spend of $169.36 under $250 limit, manual review required",MANUAL REVIEW REQUIRED
TXN_007140,EMP_003,Software Engineering,,2025-08-09 02:43:00,232.08,Marriott International,7011,"No approved travel itinerary on 2025-08-09 — weekend hospitality spend of $232.08 under $250 limit, manual review required",MANUAL REVIEW REQUIRED
TXN_008409,EMP_003,Software Engineering,,2025-11-23 18:57:00,213.69,Figma Design,4816,Active travel itinerary found but MCC 4816 (Figma Design) is not a hospitality category — manual review required,MANUAL REVIEW REQUIRED
TXN_001926,EMP_006,Software Engineering,LATAM,2025-08-09 11:08:00,16.34,London Tavern,5812,"No approved travel itinerary on 2025-08-09 — weekend hospitality spend of $16.34 under $250 limit, manual review required",MANUAL REVIEW REQUIRED
TXN_R5B_5094,EMP_007,Software Engineering,,2025-02-01 11:00:00,251.29,NYC Transit,4111,Active travel itinerary found but MCC 4111 (NYC Transit) is not a hospitality category — manual review required,MANUAL REVIEW REQUIRED
TXN_009678,EMP_017,Software Engineering,,2025-08-16 11:01:00,19.63,NYC Transit,4111,Active travel itinerary found but MCC 4111 (NYC Transit) is not a hospitality category — manual review required,MANUAL REVIEW REQUIRED
TXN_011224,EMP_018,Software Engineering,,2025-01-05 04:19:00,367.77,Figma Design,4816,Active travel itinerary found but MCC 4816 (Figma Design) is not a hospitality category — manual review required,MANUAL REVIEW REQUIRED
TXN_010656,EMP_018,Software Engineering,,2025-04-06 01:47:00,140.84,Global Logistics Tech,5999,Active travel itinerary found but MCC 5999 (Global Logistics Tech) is not a hospitality category — manual review required,MANUAL REVIEW REQUIRED
TXN_005003,EMP_020,Software Engineering,APAC,2025-02-08 04:01:00,129.64,Office Depot,5999,Active travel itinerary found but MCC 5999 (Office Depot) is not a hospitality category — manual review required,MANUAL REVIEW REQUIRED
TXN_009754,EMP_041,Software Engineering,APAC,2025-02-02 22:48:00,312.02,Slack Technologies,4816,Active travel itinerary found but MCC 4816 (Slack Technologies) is not a hospitality category — manual review required,MANUAL REVIEW REQUIRED
TXN_012039,EMP_041,Software Engineering,APAC,2025-11-23 03:36:00,88.01,Global Logistics Tech,5999,Active travel itinerary found but MCC 5999 (Global Logistics Tech) is not a hospitality category — manual review required,MANUAL REVIEW REQUIRED
TXN_012131,EMP_043,Software Engineering,APAC,2025-04-27 02:49:00,95.87,Global Logistics Tech,5999,Active travel itinerary found but MCC 5999 (Global Logistics Tech) is not a hospitality category — manual review required,MANUAL REVIEW REQUIRED
TXN_009895,EMP_044,Software Engineering,,2025-08-16 08:38:00,112.14,Staples Corp,5999,Active travel itinerary found but MCC 5999 (Staples Corp) is not a hospitality category — manual review required,MANUAL REVIEW REQUIRED
TXN_R5B_6833,EMP_044,Software Engineering,,2025-09-27 21:00:00,62.22,Global Logistics Tech,5999,Active travel itinerary found but MCC 5999 (Global Logistics Tech) is not a hospitality category — manual review required,MANUAL REVIEW REQUIRED
TXN_R5A_6010,EMP_060,Software Engineering,,2025-03-15 11:00:00,176.84,Business Stay Inn,7011,"No approved travel itinerary on 2025-03-15 — weekend hospitality spend of $176.84 under $250 limit, manual review required",MANUAL REVIEW REQUIRED
TXN_009715,EMP_060,Software Engineering,,2025-03-29 00:55:00,77.3,Staples Corp,5999,Active travel itinerary found but MCC 5999 (Staples Corp) is not a hospitality category — manual review required,MANUAL REVIEW REQUIRED
TXN_010881,EMP_061,Software Engineering,EMEA,2025-06-15 04:06:00,162.32,Slack Technologies,4816,Active travel itinerary found but MCC 4816 (Slack Technologies) is not a hospitality category — manual review required,MANUAL REVIEW REQUIRED
TXN_R5A_7179,EMP_066,Software Engineering,LATAM,2025-09-27 11:00:00,215.75,Bistro Hub,5812,"No approved travel itinerary on 2025-09-27 — weekend hospitality spend of $215.75 under $250 limit, manual review required",MANUAL REVIEW REQUIRED
TXN_R5B_5823,EMP_070,Software Engineering,,2025-03-15 10:00:00,388.56,Global Logistics Tech,5999,Active travel itinerary found but MCC 5999 (Global Logistics Tech) is not a hospitality category — manual review required,MANUAL REVIEW REQUIRED
TXN_011153,EMP_070,Software Engineering,,2025-12-20 06:26:00,61.5,Amazon Business,5999,Active travel itinerary found but MCC 5999 (Amazon Business) is not a hospitality category — manual review required,MANUAL REVIEW REQUIRED
TXN_002663,EMP_071,Software Engineering,,2025-08-31 08:10:00,40.2,NYC Transit,4111,Active travel itinerary found but MCC 4111 (NYC Transit) is not a hospitality category — manual review required,MANUAL REVIEW REQUIRED
TXN_000119,EMP_071,Software Engineering,,2025-08-31 12:18:00,359.17,Slack Technologies,4816,Active travel itinerary found but MCC 4816 (Slack Technologies) is not a hospitality category — manual review required,MANUAL REVIEW REQUIRED
TXN_006400,EMP_071,Software Engineering,,2025-10-18 13:20:00,345.64,AWS Cloud Services,4816,Active travel itinerary found but MCC 4816 (AWS Cloud Services) is not a hospitality category — manual review required,MANUAL REVIEW REQUIRED
TXN_000587,EMP_090,Software Engineering,EMEA,2025-03-01 16:35:00,20.62,Lyft Ride,4111,Active travel itinerary found but MCC 4111 (Lyft Ride) is not a hospitality category — manual review required,MANUAL REVIEW REQUIRED
TXN_R5B_6296,EMP_098,Software Engineering,,2025-02-22 11:00:00,245.18,Staples Corp,5999,Active travel itinerary found but MCC 5999 (Staples Corp) is not a hospitality category — manual review required,MANUAL REVIEW REQUIRED
TXN_R2_63539,EMP_098,Software Engineering,,2025-06-14 21:07:00,1370.75,AWS Cloud Services,4816,Active travel itinerary found but MCC 4816 (AWS Cloud Services) is not a hospitality category — manual review required,MANUAL REVIEW REQUIRED
TXN_R2_88329,EMP_098,Software Engineering,,2025-06-14 21:19:00,1564.67,AWS Cloud Services,4816,Active travel itinerary found but MCC 4816 (AWS Cloud Services) is not a hospitality category — manual review required,MANUAL REVIEW REQUIRED
TXN_011785,EMP_103,Software Engineering,,2025-04-06 12:06:00,81.38,London Tavern,5812,"No approved travel itinerary on 2025-04-06 — weekend hospitality spend of $81.38 under $250 limit, manual review required",MANUAL REVIEW REQUIRED
TXN_R5A_4025,EMP_104,Software Engineering,,2025-12-27 22:00:00,235.66,Tokyo Dining Corp,5812,"No approved travel itinerary on 2025-12-27 — weekend hospitality spend of $235.66 under $250 limit, manual review required",MANUAL REVIEW REQUIRED
TXN_003180,EMP_107,Software Engineering,APAC,2025-01-05 01:20:00,105.92,London Underground,4111,Active travel itinerary found but MCC 4111 (London Underground) is not a hospitality category — manual review required,MANUAL REVIEW REQUIRED
TXN_000858,EMP_107,Software Engineering,APAC,2025-08-30 13:12:00,76.09,Uber Inc,4111,Active travel itinerary found but MCC 4111 (Uber Inc) is not a hospitality category — manual review required,MANUAL REVIEW REQUIRED
TXN_000450,EMP_112,Software Engineering,APAC,2025-12-06 20:08:00,21.69,NYC Transit,4111,Active travel itinerary found but MCC 4111 (NYC Transit) is not a hospitality category — manual review required,MANUAL REVIEW REQUIRED
TXN_000833,EMP_122,Software Engineering,EMEA,2025-06-07 22:08:00,29.72,Global Logistics Tech,5999,Active travel itinerary found but MCC 5999 (Global Logistics Tech) is not a hospitality category — manual review required,MANUAL REVIEW REQUIRED
TXN_006881,EMP_125,Software Engineering,LATAM,2025-11-01 00:01:00,117.41,London Underground,4111,Active travel itinerary found but MCC 4111 (London Underground) is not a hospitality category — manual review required,MANUAL REVIEW REQUIRED
TXN_010249,EMP_127,Software Engineering,,2025-08-02 05:21:00,393.98,Figma Design,4816,Active travel itinerary found but MCC 4816 (Figma Design) is not a hospitality category — manual review required,MANUAL REVIEW REQUIRED
TXN_000237,EMP_127,Software Engineering,,2025-12-28 00:46:00,49.31,Office Depot,5999,Active travel itinerary found but MCC 5999 (Office Depot) is not a hospitality category — manual review required,MANUAL REVIEW REQUIRED
TXN_R5B_5028,EMP_140,Software Engineering,APAC,2025-07-05 10:00:00,317.77,Figma Design,4816,Active travel itinerary found but MCC 4816 (Figma Design) is not a hospitality category — manual review required,MANUAL REVIEW REQUIRED
TXN_008124,EMP_148,Software Engineering,EMEA,2025-03-01 02:15:00,101.69,Uber Inc,4111,Active travel itinerary found but MCC 4111 (Uber Inc) is not a hospitality category — manual review required,MANUAL REVIEW REQUIRED
TXN_R2_68445,EMP_148,Software Engineering,EMEA,2025-03-22 09:06:00,1550.83,AWS Cloud Services,4816,Active travel itinerary found but MCC 4816 (AWS Cloud Services) is not a hospitality category — manual review required,MANUAL REVIEW REQUIRED
TXN_R2_29536,EMP_148,Software Engineering,EMEA,2025-03-22 09:18:00,1421.83,AWS Cloud Services,4816,Active travel itinerary found but MCC 4816 (AWS Cloud Services) is not a hospitality category — manual review required,MANUAL REVIEW REQUIRED
TXN_009085,EMP_153,Software Engineering,EMEA,2025-07-05 23:26:00,56.11,Uber Inc,4111,Active travel itinerary found but MCC 4111 (Uber Inc) is not a hospitality category — manual review required,MANUAL REVIEW REQUIRED
TXN_011545,EMP_156,Software Engineering,EMEA,2025-03-16 01:29:00,73.09,Global Logistics Tech,5999,Active travel itinerary found but MCC 5999 (Global Logistics Tech) is not a hospitality category — manual review required,MANUAL REVIEW REQUIRED
TXN_R5A_4159,EMP_156,Software Engineering,EMEA,2025-07-26 10:00:00,155.99,London Tavern,5812,"No approved travel itinerary on 2025-07-26 — weekend hospitality spend of $155.99 under $250 limit, manual review required",MANUAL REVIEW REQUIRED
TXN_001360,EMP_162,Software Engineering,,2025-01-04 18:09:00,245.09,GitHub Enterprise,4816,Active travel itinerary found but MCC 4816 (GitHub Enterprise) is not a hospitality category — manual review required,MANUAL REVIEW REQUIRED
TXN_011887,EMP_170,Software Engineering,LATAM,2025-01-18 02:23:00,112.66,GitHub Enterprise,4816,Active travel itinerary found but MCC 4816 (GitHub Enterprise) is not a hospitality category — manual review required,MANUAL REVIEW REQUIRED
TXN_007173,EMP_170,Software Engineering,LATAM,2025-07-26 13:46:00,163.77,Figma Design,4816,Active travel itinerary found but MCC 4816 (Figma Design) is not a hospitality category — manual review required,MANUAL REVIEW REQUIRED
TXN_R5B_4053,EMP_170,Software Engineering,LATAM,2025-08-30 15:00:00,142.25,Slack Technologies,4816,Active travel itinerary found but MCC 4816 (Slack Technologies) is not a hospitality category — manual review required,MANUAL REVIEW REQUIRED
TXN_R5B_8810,EMP_174,Software Engineering,EMEA,2025-01-04 10:00:00,273.54,Uber Inc,4111,Active travel itinerary found but MCC 4111 (Uber Inc) is not a hospitality category — manual review required,MANUAL REVIEW REQUIRED
TXN_001392,EMP_174,Software Engineering,EMEA,2025-06-29 02:32:00,197.77,Hilton Hotels,7011,"No approved travel itinerary on 2025-06-29 — weekend hospitality spend of $197.77 under $250 limit, manual review required",MANUAL REVIEW REQUIRED
TXN_001234,EMP_182,Software Engineering,LATAM,2025-07-05 14:00:00,14.36,Staples Corp,5999,Active travel itinerary found but MCC 5999 (Staples Corp) is not a hospitality category — manual review required,MANUAL REVIEW REQUIRED
TXN_R5A_6150,EMP_182,Software Engineering,LATAM,2025-09-06 22:00:00,57.99,Business Stay Inn,7011,"No approved travel itinerary on 2025-09-06 — weekend hospitality spend of $57.99 under $250 limit, manual review required",MANUAL REVIEW REQUIRED
TXN_000439,EMP_185,Software Engineering,EMEA,2025-05-25 23:41:00,108.87,London Underground,4111,Active travel itinerary found but MCC 4111 (London Underground) is not a hospitality category — manual review required,MANUAL REVIEW REQUIRED
TXN_009998,EMP_188,Software Engineering,LATAM,2025-06-01 09:57:00,142.54,London Underground,4111,Active travel itinerary found but MCC 4111 (London Underground) is not a hospitality category — manual review required,MANUAL REVIEW REQUIRED
TXN_R5A_3846,EMP_188,Software Engineering,LATAM,2025-06-14 18:00:00,197.51,Hilton Hotels,7011,"No approved travel itinerary on 2025-06-14 — weekend hospitality spend of $197.51 under $250 limit, manual review required",MANUAL REVIEW REQUIRED
TXN_001654,EMP_188,Software Engineering,LATAM,2025-11-23 13:47:00,39.02,London Tavern,5812,"No approved travel itinerary on 2025-11-23 — weekend hospitality spend of $39.02 under $250 limit, manual review required",MANUAL REVIEW REQUIRED
TXN_006630,EMP_191,Software Engineering,,2025-05-24 09:08:00,107.93,Staples Corp,5999,Active travel itinerary found but MCC 5999 (Staples Corp) is not a hospitality category — manual review required,MANUAL REVIEW REQUIRED
TXN_003258,EMP_191,Software Engineering,,2025-07-27 13:29:00,98.38,GitHub Enterprise,4816,Active travel itinerary found but MCC 4816 (GitHub Enterprise) is not a hospitality category — manual review required,MANUAL REVIEW REQUIRED
TXN_000968,EMP_200,Software Engineering,,2025-02-15 20:52:00,51.6,Amazon Business,5999,Active travel itinerary found but MCC 5999 (Amazon Business) is not a hospitality category — manual review required,MANUAL REVIEW REQUIRED
TXN_R5B_3570,EMP_200,Software Engineering,,2025-11-22 11:00:00,122.98,Global Logistics Tech,5999,Active travel itinerary found but MCC 5999 (Global Logistics Tech) is not a hospitality category — manual review required,MANUAL REVIEW REQUIRED
TXN_006997,EMP_202,Software Engineering,EMEA,2025-04-05 04:24:00,273.47,Slack Technologies,4816,Active travel itinerary found but MCC 4816 (Slack Technologies) is not a hospitality category — manual review required,MANUAL REVIEW REQUIRED
TXN_004253,EMP_202,Software Engineering,EMEA,2025-05-04 23:10:00,148.94,AWS Cloud Services,4816,Active travel itinerary found but MCC 4816 (AWS Cloud Services) is not a hospitality category — manual review required,MANUAL REVIEW REQUIRED
TXN_R5B_6700,EMP_202,Software Engineering,EMEA,2025-07-05 12:00:00,185.75,Slack Technologies,4816,Active travel itinerary found but MCC 4816 (Slack Technologies) is not a hospitality category — manual review required,MANUAL REVIEW REQUIRED
TXN_001166,EMP_202,Software Engineering,EMEA,2025-07-06 01:46:00,124.52,Uber Inc,4111,Active travel itinerary found but MCC 4111 (Uber Inc) is not a hospitality category — manual review required,MANUAL REVIEW REQUIRED
TXN_003700,EMP_203,Software Engineering,EMEA,2025-06-28 02:29:00,47.17,Office Depot,5999,Active travel itinerary found but MCC 5999 (Office Depot) is not a hospitality category — manual review required,MANUAL REVIEW REQUIRED
TXN_009129,EMP_203,Software Engineering,EMEA,2025-10-26 20:16:00,109.37,Global Logistics Tech,5999,Active travel itinerary found but MCC 5999 (Global Logistics Tech) is not a hospitality category — manual review required,MANUAL REVIEW REQUIRED
TXN_009976,EMP_209,Software Engineering,,2025-01-05 21:34:00,90.77,GitHub Enterprise,4816,Active travel itinerary found but MCC 4816 (GitHub Enterprise) is not a hospitality category — manual review required,MANUAL REVIEW REQUIRED
TXN_R5B_5397,EMP_209,Software Engineering,,2025-01-11 21:00:00,97.38,Amazon Business,5999,Active travel itinerary found but MCC 5999 (Amazon Business) is not a hospitality category — manual review required,MANUAL REVIEW REQUIRED
TXN_000823,EMP_212,Software Engineering,,2025-08-24 12:53:00,146.73,AWS Cloud Services,4816,Active travel itinerary found but MCC 4816 (AWS Cloud Services) is not a hospitality category — manual review required,MANUAL REVIEW REQUIRED
TXN_003208,EMP_214,Software Engineering,,2025-03-30 22:50:00,304.38,Slack Technologies,4816,Active travel itinerary found but MCC 4816 (Slack Technologies) is not a hospitality category — manual review required,MANUAL REVIEW REQUIRED
TXN_009054,EMP_214,Software Engineering,,2025-09-13 19:47:00,34.59,Bistro Hub,5812,"No approved travel itinerary on 2025-09-13 — weekend hospitality spend of $34.59 under $250 limit, manual review required",MANUAL REVIEW REQUIRED
TXN_R5A_5335,EMP_227,Software Engineering,EMEA,2025-02-22 20:00:00,161.82,Tokyo Dining Corp,5812,"No approved travel itinerary on 2025-02-22 — weekend hospitality spend of $161.82 under $250 limit, manual review required",MANUAL REVIEW REQUIRED
TXN_R5A_7625,EMP_227,Software Engineering,EMEA,2025-03-29 11:00:00,157.21,Bistro Hub,5812,"No approved travel itinerary on 2025-03-29 — weekend hospitality spend of $157.21 under $250 limit, manual review required",MANUAL REVIEW REQUIRED
TXN_009518,EMP_227,Software Engineering,EMEA,2025-11-08 12:24:00,293.72,Slack Technologies,4816,Active travel itinerary found but MCC 4816 (Slack Technologies) is not a hospitality category — manual review required,MANUAL REVIEW REQUIRED
TXN_008525,EMP_230,Software Engineering,LATAM,2025-08-03 07:18:00,224.22,Slack Technologies,4816,Active travel itinerary found but MCC 4816 (Slack Technologies) is not a hospitality category — manual review required,MANUAL REVIEW REQUIRED
TXN_004112,EMP_230,Software Engineering,LATAM,2025-11-02 06:29:00,80.04,Staples Corp,5999,Active travel itinerary found but MCC 5999 (Staples Corp) is not a hospitality category — manual review required,MANUAL REVIEW REQUIRED
TXN_004665,EMP_235,Software Engineering,APAC,2025-08-10 09:34:00,335.23,Figma Design,4816,Active travel itinerary found but MCC 4816 (Figma Design) is not a hospitality category — manual review required,MANUAL REVIEW REQUIRED
TXN_R5A_7142,EMP_245,Software Engineering,EMEA,2025-01-04 12:00:00,170.8,Bistro Hub,5812,"No approved travel itinerary on 2025-01-04 — weekend hospitality spend of $170.80 under $250 limit, manual review required",MANUAL REVIEW REQUIRED
TXN_005981,EMP_246,Software Engineering,,2025-12-07 20:41:00,265.16,AWS Cloud Services,4816,Active travel itinerary found but MCC 4816 (AWS Cloud Services) is not a hospitality category — manual review required,MANUAL REVIEW REQUIRED
TXN_R5A_9664,EMP_247,Software Engineering,LATAM,2025-03-01 19:00:00,116.86,Business Stay Inn,7011,"No approved travel itinerary on 2025-03-01 — weekend hospitality spend of $116.86 under $250 limit, manual review required",MANUAL REVIEW REQUIRED
TXN_011982,EMP_252,Software Engineering,EMEA,2025-06-15 21:56:00,10.52,Lyft Ride,4111,Active travel itinerary found but MCC 4111 (Lyft Ride) is not a hospitality category — manual review required,MANUAL REVIEW REQUIRED
TXN_R5B_4879,EMP_255,Software Engineering,EMEA,2025-05-10 17:00:00,330.67,AWS Cloud Services,4816,Active travel itinerary found but MCC 4816 (AWS Cloud Services) is not a hospitality category — manual review required,MANUAL REVIEW REQUIRED
TXN_005315,EMP_262,Software Engineering,EMEA,2025-10-25 08:39:00,81.25,Global Logistics Tech,5999,Active travel itinerary found but MCC 5999 (Global Logistics Tech) is not a hospitality category — manual review required,MANUAL REVIEW REQUIRED
TXN_R5A_7754,EMP_265,Software Engineering,LATAM,2025-02-22 20:00:00,85.2,Tokyo Dining Corp,5812,"No approved travel itinerary on 2025-02-22 — weekend hospitality spend of $85.20 under $250 limit, manual review required",MANUAL REVIEW REQUIRED
TXN_005011,EMP_274,Software Engineering,LATAM,2025-01-19 00:13:00,33.17,Staples Corp,5999,Active travel itinerary found but MCC 5999 (Staples Corp) is not a hospitality category — manual review required,MANUAL REVIEW REQUIRED
TXN_005549,EMP_274,Software Engineering,LATAM,2025-02-01 10:47:00,46.05,Amazon Business,5999,Active travel itinerary found but MCC 5999 (Amazon Business) is not a hospitality category — manual review required,MANUAL REVIEW REQUIRED
TXN_001961,EMP_274,Software Engineering,LATAM,2025-10-04 06:17:00,18.19,London Tavern,5812,"No approved travel itinerary on 2025-10-04 — weekend hospitality spend of $18.19 under $250 limit, manual review required",MANUAL REVIEW REQUIRED
TXN_008162,EMP_275,Software Engineering,,2025-11-08 19:57:00,27.73,Amazon Business,5999,Active travel itinerary found but MCC 5999 (Amazon Business) is not a hospitality category — manual review required,MANUAL REVIEW REQUIRED
TXN_011427,EMP_277,Software Engineering,APAC,2025-04-05 01:21:00,215.14,Hilton Hotels,7011,"No approved travel itinerary on 2025-04-05 — weekend hospitality spend of $215.14 under $250 limit, manual review required",MANUAL REVIEW REQUIRED
TXN_006170,EMP_278,Software Engineering,EMEA,2025-05-31 03:27:00,29.91,Global Logistics Tech,5999,Active travel itinerary found but MCC 5999 (Global Logistics Tech) is not a hospitality category — manual review required,MANUAL REVIEW REQUIRED
TXN_R5A_2796,EMP_278,Software Engineering,EMEA,2025-11-15 12:00:00,49.19,Bistro Hub,5812,"No approved travel itinerary on 2025-11-15 — weekend hospitality spend of $49.19 under $250 limit, manual review required",MANUAL REVIEW REQUIRED
TXN_011510,EMP_279,Software Engineering,APAC,2025-02-16 20:56:00,36.54,Local Steakhouse,5812,"No approved travel itinerary on 2025-02-16 — weekend hospitality spend of $36.54 under $250 limit, manual review required",MANUAL REVIEW REQUIRED
TXN_R5A_1681,EMP_280,Software Engineering,LATAM,2025-12-06 14:00:00,110.79,Hilton Hotels,7011,"No approved travel itinerary on 2025-12-06 — weekend hospitality spend of $110.79 under $250 limit, manual review required",MANUAL REVIEW REQUIRED
TXN_003546,EMP_282,Software Engineering,EMEA,2025-03-01 09:14:00,31.69,Amazon Business,5999,Active travel itinerary found but MCC 5999 (Amazon Business) is not a hospitality category — manual review required,MANUAL REVIEW REQUIRED
TXN_010188,EMP_291,Software Engineering,EMEA,2025-10-05 12:48:00,132.46,Lyft Ride,4111,Active travel itinerary found but MCC 4111 (Lyft Ride) is not a hospitality category — manual review required,MANUAL REVIEW REQUIRED
TXN_000221,EMP_291,Software Engineering,EMEA,2025-10-11 09:00:00,102.07,Amazon Business,5999,Active travel itinerary found but MCC 5999 (Amazon Business) is not a hospitality category — manual review required,MANUAL REVIEW REQUIRED
TXN_R5B_6413,EMP_291,Software Engineering,EMEA,2025-10-25 19:00:00,307.39,Staples Corp,5999,Active travel itinerary found but MCC 5999 (Staples Corp) is not a hospitality category — manual review required,MANUAL REVIEW REQUIRED
TXN_011208,EMP_314,Software Engineering,LATAM,2025-07-06 23:43:00,41.97,Staples Corp,5999,Active travel itinerary found but MCC 5999 (Staples Corp) is not a hospitality category — manual review required,MANUAL REVIEW REQUIRED
TXN_000740,EMP_314,Software Engineering,LATAM,2025-07-26 04:02:00,62.77,NYC Transit,4111,Active travel itinerary found but MCC 4111 (NYC Transit) is not a hospitality category — manual review required,MANUAL REVIEW REQUIRED
TXN_010450,EMP_315,Software Engineering,EMEA,2025-10-25 17:17:00,397.63,AWS Cloud Services,4816,Active travel itinerary found but MCC 4816 (AWS Cloud Services) is not a hospitality category — manual review required,MANUAL REVIEW REQUIRED
TXN_003330,EMP_320,Software Engineering,APAC,2025-02-16 04:10:00,82.29,Tokyo Dining Corp,5812,"No approved travel itinerary on 2025-02-16 — weekend hospitality spend of $82.29 under $250 limit, manual review required",MANUAL REVIEW REQUIRED
TXN_003482,EMP_320,Software Engineering,APAC,2025-04-13 20:32:00,237.59,GitHub Enterprise,4816,Active travel itinerary found but MCC 4816 (GitHub Enterprise) is not a hospitality category — manual review required,MANUAL REVIEW REQUIRED
TXN_007239,EMP_320,Software Engineering,APAC,2025-06-22 21:08:00,102.67,Staples Corp,5999,Active travel itinerary found but MCC 5999 (Staples Corp) is not a hospitality category — manual review required,MANUAL REVIEW REQUIRED
TXN_R5A_2812,EMP_320,Software Engineering,APAC,2025-11-29 19:00:00,176.17,Hilton Hotels,7011,"No approved travel itinerary on 2025-11-29 — weekend hospitality spend of $176.17 under $250 limit, manual review required",MANUAL REVIEW REQUIRED
TXN_003189,EMP_321,Software Engineering,,2025-08-10 23:58:00,126.0,Staples Corp,5999,Active travel itinerary found but MCC 5999 (Staples Corp) is not a hospitality category — manual review required,MANUAL REVIEW REQUIRED
TXN_R5B_8196,EMP_323,Software Engineering,LATAM,2025-01-11 22:00:00,293.42,GitHub Enterprise,4816,Active travel itinerary found but MCC 4816 (GitHub Enterprise) is not a hospitality category — manual review required,MANUAL REVIEW REQUIRED
TXN_002262,EMP_332,Software Engineering,EMEA,2025-05-04 03:36:00,94.27,Global Logistics Tech,5999,Active travel itinerary found but MCC 5999 (Global Logistics Tech) is not a hospitality category — manual review required,MANUAL REVIEW REQUIRED
TXN_R5B_1163,EMP_337,Software Engineering,LATAM,2025-09-06 10:00:00,337.24,Global Logistics Tech,5999,Active travel itinerary found but MCC 5999 (Global Logistics Tech) is not a hospitality category — manual review required,MANUAL REVIEW REQUIRED
TXN_R5B_6248,EMP_338,Software Engineering,EMEA,2025-02-01 20:00:00,199.02,GitHub Enterprise,4816,Active travel itinerary found but MCC 4816 (GitHub Enterprise) is not a hospitality category — manual review required,MANUAL REVIEW REQUIRED
TXN_R5B_1666,EMP_338,Software Engineering,EMEA,2025-05-10 21:00:00,353.18,Global Logistics Tech,5999,Active travel itinerary found but MCC 5999 (Global Logistics Tech) is not a hospitality category — manual review required,MANUAL REVIEW REQUIRED
TXN_005831,EMP_338,Software Engineering,EMEA,2025-05-11 20:13:00,149.47,Lyft Ride,4111,Active travel itinerary found but MCC 4111 (Lyft Ride) is not a hospitality category — manual review required,MANUAL REVIEW REQUIRED
TXN_007891,EMP_343,Software Engineering,APAC,2025-01-19 19:26:00,77.19,GitHub Enterprise,4816,Active travel itinerary found but MCC 4816 (GitHub Enterprise) is not a hospitality category — manual review required,MANUAL REVIEW REQUIRED
TXN_011722,EMP_355,Software Engineering,APAC,2025-01-05 14:07:00,348.57,Slack Technologies,4816,Active travel itinerary found but MCC 4816 (Slack Technologies) is not a hospitality category — manual review required,MANUAL REVIEW REQUIRED
TXN_007642,EMP_355,Software Engineering,APAC,2025-02-22 05:26:00,146.42,AWS Cloud Services,4816,Active travel itinerary found but MCC 4816 (AWS Cloud Services) is not a hospitality category — manual review required,MANUAL REVIEW REQUIRED
TXN_001760,EMP_355,Software Engineering,APAC,2025-10-11 08:40:00,61.61,Bistro Hub,5812,"No approved travel itinerary on 2025-10-11 — weekend hospitality spend of $61.61 under $250 limit, manual review required",MANUAL REVIEW REQUIRED
TXN_002254,EMP_367,Software Engineering,APAC,2025-04-26 06:32:00,126.1,Amazon Business,5999,Active travel itinerary found but MCC 5999 (Amazon Business) is not a hospitality category — manual review required,MANUAL REVIEW REQUIRED
TXN_006783,EMP_376,Software Engineering,LATAM,2025-05-17 23:12:00,211.19,Figma Design,4816,Active travel itinerary found but MCC 4816 (Figma Design) is not a hospitality category — manual review required,MANUAL REVIEW REQUIRED
TXN_R5A_8326,EMP_376,Software Engineering,LATAM,2025-12-13 11:00:00,134.58,Marriott International,7011,"No approved travel itinerary on 2025-12-13 — weekend hospitality spend of $134.58 under $250 limit, manual review required",MANUAL REVIEW REQUIRED
TXN_007616,EMP_381,Software Engineering,APAC,2025-07-05 03:14:00,48.67,London Tavern,5812,"No approved travel itinerary on 2025-07-05 — weekend hospitality spend of $48.67 under $250 limit, manual review required",MANUAL REVIEW REQUIRED
TXN_003431,EMP_381,Software Engineering,APAC,2025-10-04 02:48:00,240.76,AWS Cloud Services,4816,Active travel itinerary found but MCC 4816 (AWS Cloud Services) is not a hospitality category — manual review required,MANUAL REVIEW REQUIRED
TXN_R5B_5486,EMP_387,Software Engineering,EMEA,2025-06-28 18:00:00,104.49,NYC Transit,4111,Active travel itinerary found but MCC 4111 (NYC Transit) is not a hospitality category — manual review required,MANUAL REVIEW REQUIRED
TXN_005616,EMP_387,Software Engineering,EMEA,2025-12-14 01:29:00,127.44,Amazon Business,5999,Active travel itinerary found but MCC 5999 (Amazon Business) is not a hospitality category — manual review required,MANUAL REVIEW REQUIRED
TXN_002414,EMP_388,Software Engineering,EMEA,2025-05-10 13:10:00,30.46,AWS Cloud Services,4816,Active travel itinerary found but MCC 4816 (AWS Cloud Services) is not a hospitality category — manual review required,MANUAL REVIEW REQUIRED
TXN_R5B_2160,EMP_388,Software Engineering,EMEA,2025-08-23 20:00:00,194.16,Slack Technologies,4816,Active travel itinerary found but MCC 4816 (Slack Technologies) is not a hospitality category — manual review required,MANUAL REVIEW REQUIRED
TXN_001605,EMP_395,Software Engineering,EMEA,2025-08-16 17:28:00,14.68,Local Steakhouse,5812,"No approved travel itinerary on 2025-08-16 — weekend hospitality spend of $14.68 under $250 limit, manual review required",MANUAL REVIEW REQUIRED
TXN_R5B_2588,EMP_410,Software Engineering,,2025-05-10 16:00:00,76.36,Figma Design,4816,Active travel itinerary found but MCC 4816 (Figma Design) is not a hospitality category — manual review required,MANUAL REVIEW REQUIRED
TXN_010086,EMP_419,Software Engineering,APAC,2025-06-21 05:30:00,95.72,Lyft Ride,4111,Active travel itinerary found but MCC 4111 (Lyft Ride) is not a hospitality category — manual review required,MANUAL REVIEW REQUIRED
TXN_003385,EMP_420,Software Engineering,APAC,2025-05-03 22:03:00,14.71,London Underground,4111,Active travel itinerary found but MCC 4111 (London Underground) is not a hospitality category — manual review required,MANUAL REVIEW REQUIRED
TXN_R5B_5177,EMP_420,Software Engineering,APAC,2025-12-27 20:00:00,379.22,Lyft Ride,4111,Active travel itinerary found but MCC 4111 (Lyft Ride) is not a hospitality category — manual review required,MANUAL REVIEW REQUIRED
TXN_001296,EMP_422,Software Engineering,APAC,2025-09-21 01:36:00,96.06,AWS Cloud Services,4816,Active travel itinerary found but MCC 4816 (AWS Cloud Services) is not a hospitality category — manual review required,MANUAL REVIEW REQUIRED
TXN_002504,EMP_422,Software Engineering,APAC,2025-12-13 22:11:00,143.85,Global Logistics Tech,5999,Active travel itinerary found but MCC 5999 (Global Logistics Tech) is not a hospitality category — manual review required,MANUAL REVIEW REQUIRED
TXN_009269,EMP_425,Software Engineering,,2025-07-12 05:53:00,30.44,Staples Corp,5999,Active travel itinerary found but MCC 5999 (Staples Corp) is not a hospitality category — manual review required,MANUAL REVIEW REQUIRED
TXN_000047,EMP_428,Software Engineering,APAC,2025-04-19 21:02:00,53.64,Global Logistics Tech,5999,Active travel itinerary found but MCC 5999 (Global Logistics Tech) is not a hospitality category — manual review required,MANUAL REVIEW REQUIRED
TXN_010019,EMP_436,Software Engineering,,2025-05-10 16:31:00,58.31,Slack Technologies,4816,Active travel itinerary found but MCC 4816 (Slack Technologies) is not a hospitality category — manual review required,MANUAL REVIEW REQUIRED
TXN_001562,EMP_436,Software Engineering,,2025-08-10 10:04:00,110.01,GitHub Enterprise,4816,Active travel itinerary found but MCC 4816 (GitHub Enterprise) is not a hospitality category — manual review required,MANUAL REVIEW REQUIRED
TXN_002772,EMP_447,Software Engineering,APAC,2025-03-09 04:33:00,48.46,Staples Corp,5999,Active travel itinerary found but MCC 5999 (Staples Corp) is not a hospitality category — manual review required,MANUAL REVIEW REQUIRED
TXN_005392,EMP_447,Software Engineering,APAC,2025-04-26 16:06:00,89.69,Office Depot,5999,Active travel itinerary found but MCC 5999 (Office Depot) is not a hospitality category — manual review required,MANUAL REVIEW REQUIRED
TXN_001301,EMP_447,Software Engineering,APAC,2025-07-12 00:22:00,14.42,Global Logistics Tech,5999,Active travel itinerary found but MCC 5999 (Global Logistics Tech) is not a hospitality category — manual review required,MANUAL REVIEW REQUIRED
TXN_002590,EMP_447,Software Engineering,APAC,2025-08-16 13:58:00,291.3,Figma Design,4816,Active travel itinerary found but MCC 4816 (Figma Design) is not a hospitality category — manual review required,MANUAL REVIEW REQUIRED
TXN_007614,EMP_029,Supply Chain,APAC,2025-05-10 09:31:00,65.61,Lyft Ride,4111,Active travel itinerary found but MCC 4111 (Lyft Ride) is not a hospitality category — manual review required,MANUAL REVIEW REQUIRED
TXN_R5B_5465,EMP_039,Supply Chain,,2025-02-08 10:00:00,302.67,London Underground,4111,Active travel itinerary found but MCC 4111 (London Underground) is not a hospitality category — manual review required,MANUAL REVIEW REQUIRED
TXN_004662,EMP_077,Supply Chain,,2025-08-10 16:17:00,94.6,NYC Transit,4111,Active travel itinerary found but MCC 4111 (NYC Transit) is not a hospitality category — manual review required,MANUAL REVIEW REQUIRED
TXN_005983,EMP_080,Supply Chain,EMEA,2025-10-18 11:01:00,144.45,Staples Corp,5999,Active travel itinerary found but MCC 5999 (Staples Corp) is not a hospitality category — manual review required,MANUAL REVIEW REQUIRED
TXN_006405,EMP_081,Supply Chain,APAC,2025-02-15 19:21:00,18.37,NYC Transit,4111,Active travel itinerary found but MCC 4111 (NYC Transit) is not a hospitality category — manual review required,MANUAL REVIEW REQUIRED
TXN_R5B_2314,EMP_081,Supply Chain,APAC,2025-03-08 14:00:00,141.37,Uber Inc,4111,Active travel itinerary found but MCC 4111 (Uber Inc) is not a hospitality category — manual review required,MANUAL REVIEW REQUIRED
TXN_002071,EMP_081,Supply Chain,APAC,2025-07-26 03:21:00,115.95,Uber Inc,4111,Active travel itinerary found but MCC 4111 (Uber Inc) is not a hospitality category — manual review required,MANUAL REVIEW REQUIRED
TXN_R2_20735,EMP_083,Supply Chain,LATAM,2025-06-29 01:42:00,1437.52,AWS Cloud Services,4816,Active travel itinerary found but MCC 4816 (AWS Cloud Services) is not a hospitality category — manual review required,MANUAL REVIEW REQUIRED
TXN_R2_52972,EMP_083,Supply Chain,LATAM,2025-06-29 01:54:00,1363.62,AWS Cloud Services,4816,Active travel itinerary found but MCC 4816 (AWS Cloud Services) is not a hospitality category — manual review required,MANUAL REVIEW REQUIRED
TXN_009326,EMP_123,Supply Chain,EMEA,2025-02-16 15:46:00,141.92,Staples Corp,5999,Active travel itinerary found but MCC 5999 (Staples Corp) is not a hospitality category — manual review required,MANUAL REVIEW REQUIRED
TXN_R5B_4861,EMP_123,Supply Chain,EMEA,2025-04-19 20:00:00,92.61,Global Logistics Tech,5999,Active travel itinerary found but MCC 5999 (Global Logistics Tech) is not a hospitality category — manual review required,MANUAL REVIEW REQUIRED
TXN_R5B_2053,EMP_208,Supply Chain,LATAM,2025-08-02 12:00:00,125.37,Figma Design,4816,Active travel itinerary found but MCC 4816 (Figma Design) is not a hospitality category — manual review required,MANUAL REVIEW REQUIRED
TXN_007350,EMP_218,Supply Chain,LATAM,2025-01-11 23:30:00,141.69,Global Logistics Tech,5999,Active travel itinerary found but MCC 5999 (Global Logistics Tech) is not a hospitality category — manual review required,MANUAL REVIEW REQUIRED
TXN_006152,EMP_218,Supply Chain,LATAM,2025-10-18 11:56:00,225.28,AWS Cloud Services,4816,Active travel itinerary found but MCC 4816 (AWS Cloud Services) is not a hospitality category — manual review required,MANUAL REVIEW REQUIRED
TXN_006629,EMP_269,Supply Chain,EMEA,2025-09-13 01:14:00,62.76,Local Steakhouse,5812,"No approved travel itinerary on 2025-09-13 — weekend hospitality spend of $62.76 under $250 limit, manual review required",MANUAL REVIEW REQUIRED
TXN_011583,EMP_276,Supply Chain,,2025-03-01 05:10:00,359.92,Slack Technologies,4816,Active travel itinerary found but MCC 4816 (Slack Technologies) is not a hospitality category — manual review required,MANUAL REVIEW REQUIRED
TXN_011190,EMP_294,Supply Chain,EMEA,2025-11-29 13:42:00,99.61,London Underground,4111,Active travel itinerary found but MCC 4111 (London Underground) is not a hospitality category — manual review required,MANUAL REVIEW REQUIRED
TXN_005109,EMP_303,Supply Chain,EMEA,2025-01-18 16:22:00,117.32,London Underground,4111,Active travel itinerary found but MCC 4111 (London Underground) is not a hospitality category — manual review required,MANUAL REVIEW REQUIRED
TXN_004735,EMP_303,Supply Chain,EMEA,2025-06-22 02:45:00,70.28,Staples Corp,5999,Active travel itinerary found but MCC 5999 (Staples Corp) is not a hospitality category — manual review required,MANUAL REVIEW REQUIRED
TXN_R5B_9456,EMP_318,Supply Chain,,2025-01-11 14:00:00,361.65,GitHub Enterprise,4816,Active travel itinerary found but MCC 4816 (GitHub Enterprise) is not a hospitality category — manual review required,MANUAL REVIEW REQUIRED
TXN_000282,EMP_318,Supply Chain,,2025-02-09 00:55:00,57.32,Uber Inc,4111,Active travel itinerary found but MCC 4111 (Uber Inc) is not a hospitality category — manual review required,MANUAL REVIEW REQUIRED
TXN_R5A_8086,EMP_318,Supply Chain,,2025-10-25 15:00:00,223.97,Bistro Hub,5812,"No approved travel itinerary on 2025-10-25 — weekend hospitality spend of $223.97 under $250 limit, manual review required",MANUAL REVIEW REQUIRED
TXN_R5B_7167,EMP_326,Supply Chain,,2025-08-02 14:00:00,85.38,Lyft Ride,4111,Active travel itinerary found but MCC 4111 (Lyft Ride) is not a hospitality category — manual review required,MANUAL REVIEW REQUIRED
TXN_001531,EMP_339,Supply Chain,APAC,2025-05-17 20:24:00,34.239999999999995,Tokyo Dining Corp,5812,"No approved travel itinerary on 2025-05-17 — weekend hospitality spend of $34.24 under $250 limit, manual review required",MANUAL REVIEW REQUIRED
TXN_008299,EMP_339,Supply Chain,APAC,2025-08-09 15:30:00,13.97,NYC Transit,4111,Active travel itinerary found but MCC 4111 (NYC Transit) is not a hospitality category — manual review required,MANUAL REVIEW REQUIRED
TXN_010082,EMP_350,Supply Chain,,2025-05-11 12:11:00,231.64,GitHub Enterprise,4816,Active travel itinerary found but MCC 4816 (GitHub Enterprise) is not a hospitality category — manual review required,MANUAL REVIEW REQUIRED
TXN_006201,EMP_350,Supply Chain,,2025-09-20 15:53:00,88.97,Local Steakhouse,5812,"No approved travel itinerary on 2025-09-20 — weekend hospitality spend of $88.97 under $250 limit, manual review required",MANUAL REVIEW REQUIRED
TXN_R5A_5298,EMP_350,Supply Chain,,2025-10-25 18:00:00,172.42,Hilton Hotels,7011,"No approved travel itinerary on 2025-10-25 — weekend hospitality spend of $172.42 under $250 limit, manual review required",MANUAL REVIEW REQUIRED
TXN_008456,EMP_356,Supply Chain,EMEA,2025-04-12 23:17:00,29.83,Amazon Business,5999,Active travel itinerary found but MCC 5999 (Amazon Business) is not a hospitality category — manual review required,MANUAL REVIEW REQUIRED
TXN_R5B_8745,EMP_356,Supply Chain,EMEA,2025-10-18 22:00:00,60.1,AWS Cloud Services,4816,Active travel itinerary found but MCC 4816 (AWS Cloud Services) is not a hospitality category — manual review required,MANUAL REVIEW REQUIRED
TXN_R5B_7586,EMP_372,Supply Chain,APAC,2025-11-01 20:00:00,333.73,Figma Design,4816,Active travel itinerary found but MCC 4816 (Figma Design) is not a hospitality category — manual review required,MANUAL REVIEW REQUIRED
TXN_001726,EMP_380,Supply Chain,APAC,2025-03-15 13:09:00,18.72,Office Depot,5999,Active travel itinerary found but MCC 5999 (Office Depot) is not a hospitality category — manual review required,MANUAL REVIEW REQUIRED
TXN_002706,EMP_383,Supply Chain,LATAM,2025-10-12 12:08:00,116.98,Tokyo Dining Corp,5812,"No approved travel itinerary on 2025-10-12 — weekend hospitality spend of $116.98 under $250 limit, manual review required",MANUAL REVIEW REQUIRED
TXN_003440,EMP_402,Supply Chain,APAC,2025-01-12 05:35:00,140.08,Office Depot,5999,Active travel itinerary found but MCC 5999 (Office Depot) is not a hospitality category — manual review required,MANUAL REVIEW REQUIRED
TXN_R5B_9842,EMP_402,Supply Chain,APAC,2025-08-30 21:00:00,221.54,Uber Inc,4111,Active travel itinerary found but MCC 4111 (Uber Inc) is not a hospitality category — manual review required,MANUAL REVIEW REQUIRED
TXN_003699,EMP_403,Supply Chain,,2025-02-23 03:39:00,140.65,Uber Inc,4111,Active travel itinerary found but MCC 4111 (Uber Inc) is not a hospitality category — manual review required,MANUAL REVIEW REQUIRED
TXN_005183,EMP_427,Supply Chain,,2025-12-14 09:18:00,28.72,NYC Transit,4111,Active travel itinerary found but MCC 4111 (NYC Transit) is not a hospitality category — manual review required,MANUAL REVIEW REQUIRED
TXN_009871,EMP_430,Supply Chain,APAC,2025-03-16 20:40:00,128.7,AWS Cloud Services,4816,Active travel itinerary found but MCC 4816 (AWS Cloud Services) is not a hospitality category — manual review required,MANUAL REVIEW REQUIRED
TXN_001452,EMP_014,Travel & Executive Admin,LATAM,2025-02-23 07:11:00,254.78,Slack Technologies,4816,Active travel itinerary found but MCC 4816 (Slack Technologies) is not a hospitality category — manual review required,MANUAL REVIEW REQUIRED
TXN_R5A_7918,EMP_014,Travel & Executive Admin,LATAM,2025-06-28 21:00:00,84.87,Bistro Hub,5812,"No approved travel itinerary on 2025-06-28 — weekend hospitality spend of $84.87 under $250 limit, manual review required",MANUAL REVIEW REQUIRED
TXN_R5B_3827,EMP_047,Travel & Executive Admin,,2025-01-04 22:00:00,381.77,Global Logistics Tech,5999,Active travel itinerary found but MCC 5999 (Global Logistics Tech) is not a hospitality category — manual review required,MANUAL REVIEW REQUIRED
TXN_011065,EMP_115,Travel & Executive Admin,APAC,2025-04-06 14:41:00,32.69,Figma Design,4816,Active travel itinerary found but MCC 4816 (Figma Design) is not a hospitality category — manual review required,MANUAL REVIEW REQUIRED
TXN_010042,EMP_115,Travel & Executive Admin,APAC,2025-06-29 01:55:00,29.71,Uber Inc,4111,Active travel itinerary found but MCC 4111 (Uber Inc) is not a hospitality category — manual review required,MANUAL REVIEW REQUIRED
TXN_010707,EMP_169,Travel & Executive Admin,EMEA,2025-03-02 18:44:00,97.7,London Underground,4111,Active travel itinerary found but MCC 4111 (London Underground) is not a hospitality category — manual review required,MANUAL REVIEW REQUIRED
TXN_010005,EMP_172,Travel & Executive Admin,EMEA,2025-03-29 23:05:00,76.73,Staples Corp,5999,Active travel itinerary found but MCC 5999 (Staples Corp) is not a hospitality category — manual review required,MANUAL REVIEW REQUIRED
TXN_R5A_2932,EMP_172,Travel & Executive Admin,EMEA,2025-05-17 17:00:00,30.26,Local Steakhouse,5812,"No approved travel itinerary on 2025-05-17 — weekend hospitality spend of $30.26 under $250 limit, manual review required",MANUAL REVIEW REQUIRED
TXN_000333,EMP_172,Travel & Executive Admin,EMEA,2025-11-09 14:59:00,12.02,Uber Inc,4111,Active travel itinerary found but MCC 4111 (Uber Inc) is not a hospitality category — manual review required,MANUAL REVIEW REQUIRED
TXN_R5A_8022,EMP_190,Travel & Executive Admin,LATAM,2025-04-19 13:00:00,130.64,Tokyo Dining Corp,5812,"No approved travel itinerary on 2025-04-19 — weekend hospitality spend of $130.64 under $250 limit, manual review required",MANUAL REVIEW REQUIRED
TXN_R5B_6373,EMP_190,Travel & Executive Admin,LATAM,2025-08-30 21:00:00,277.23,GitHub Enterprise,4816,Active travel itinerary found but MCC 4816 (GitHub Enterprise) is not a hospitality category — manual review required,MANUAL REVIEW REQUIRED
TXN_004718,EMP_190,Travel & Executive Admin,LATAM,2025-08-31 03:07:00,149.4,Staples Corp,5999,Active travel itinerary found but MCC 5999 (Staples Corp) is not a hospitality category — manual review required,MANUAL REVIEW REQUIRED
TXN_007210,EMP_243,Travel & Executive Admin,APAC,2025-02-09 22:36:00,121.25,NYC Transit,4111,Active travel itinerary found but MCC 4111 (NYC Transit) is not a hospitality category — manual review required,MANUAL REVIEW REQUIRED
TXN_R5A_3553,EMP_398,Travel & Executive Admin,,2025-06-07 12:00:00,42.8,London Tavern,5812,"No approved travel itinerary on 2025-06-07 — weekend hospitality spend of $42.80 under $250 limit, manual review required",MANUAL REVIEW REQUIRED
TXN_011607,EMP_433,Travel & Executive Admin,LATAM,2025-03-02 00:28:00,38.15,Local Steakhouse,5812,"No approved travel itinerary on 2025-03-02 — weekend hospitality spend of $38.15 under $250 limit, manual review required",MANUAL REVIEW REQUIRED
TXN_000461,EMP_433,Travel & Executive Admin,LATAM,2025-05-04 18:43:00,26.45,Office Depot,5999,Active travel itinerary found but MCC 5999 (Office Depot) is not a hospitality category — manual review required,MANUAL REVIEW REQUIRED
TXN_005001,EMP_433,Travel & Executive Admin,LATAM,2025-06-08 01:34:00,169.58,GitHub Enterprise,4816,Active travel itinerary found but MCC 4816 (GitHub Enterprise) is not a hospitality category — manual review required,MANUAL REVIEW REQUIRED
TXN_R5B_6749,EMP_443,Travel & Executive Admin,APAC,2025-05-10 16:00:00,62.24,Figma Design,4816,Active travel itinerary found but MCC 4816 (Figma Design) is not a hospitality category — manual review required,MANUAL REVIEW REQUIRED
